t,e^(-dS)
1,20.4913
2,1.14202
3,0.877832
4,0.817258
5,1.04314
6,0.85959
7,0.945984
8,0.994408
9,0.93915
10,1.01174
11,0.778178
12,0.901315
13,1.02743
14,0.8863
15,0.827952
16,0.963811
17,0.889407
18,0.698444
19,1.00516
20,0.998992
21,0.406529
22,0.76399
23,0.378401
24,2.26528
25,0.666643
26,0.31286
27,0.544221
28,0.758206
29,0.396135
30,0.34611
31,0.386509
32,0.597859
33,0.865715
34,1.07898
35,1.3383
36,0.19205
37,0.474402
38,0.875378
39,1.27023
40,0.29671
41,0.478165
42,0.256661
43,1.24396
44,0.777167
45,0.278873
46,0.564113
47,0.718205
48,1.22348
49,1.37975
50,0.361317
51,0.720291
52,0.283087
53,0.29523
54,0.619464
55,2.25421
56,0.69191
57,0.952724
58,1.88646
59,0.402685
60,0.635527
61,0.388485
62,1.25257
63,1.01613
64,0.68674
65,0.346802
66,0.64856
67,0.429944
68,0.374075
69,0.821026
70,0.384351
71,0.700052
72,0.945511
73,1.50772
74,0.413003
75,1.11093
76,0.466172
77,1.58297
78,1.2682
79,0.897269
80,0.640696
81,0.946996
82,0.37273
83,1.16813
84,2.14534
85,0.713195
86,0.620208
87,0.621636
88,0.903481
89,1.14054
90,0.641658
91,0.477114
92,0.759344
93,0.394791
94,0.499374
95,0.518508
96,0.946911
97,1.05818
98,0.580886
99,0.536226
100,0.6827
101,0.66711
102,0.561524
103,1.09889
104,0.466452
105,1.2175
106,0.817095
107,0.670924
108,0.906468
109,0.237165
110,1.07418
111,0.35665
112,1.14351
113,0.559395
114,0.381937
115,1.29421
116,0.592443
117,0.864244
118,0.461395
119,1.1203
120,1.4473
121,0.599476
122,0.462458
123,0.973128
124,0.859676
125,1.57696
126,0.887009
127,0.766592
128,0.766822
129,1.24807
130,0.817258
131,0.586079
132,0.929945
133,0.487922
134,0.498725
135,0.985102
136,0.964332
137,0.706028
138,0.638585
139,0.510125
140,0.560683
141,0.569897
142,2.70067
143,0.37154
144,1.32339
145,0.769973
146,0.64365
147,0.486704
148,0.71799
149,0.799235
150,0.871447
151,0.611647
152,0.388485
153,0.756918
154,0.706664
155,1.12199
156,0.728331
157,0.4347
158,0.988269
159,0.793025
160,0.823658
161,1.52806
162,0.703773
163,2.09175
164,0.811558
165,1.74037
166,0.362765
167,1.04314
168,0.466452
169,0.305746
170,0.899964
171,0.850696
172,1.17975
173,1.55893
174,1.06914
175,1.6723
176,0.353455
177,0.395304
178,0.570638
179,0.435352
180,0.834853
181,0.494504
182,1.72823
183,1.78926
184,0.529935
185,1.17727
186,0.725568
187,1.23405
188,1.74194
189,1.8002
190,1.59712
191,0.578394
192,1.01968
193,1.24483
194,0.445259
195,0.65731
196,0.507936
197,0.814647
198,0.979542
199,1.02776
200,0.618227
201,1.54914
202,0.664447
203,0.791837
204,0.70328
205,0.634067
206,0.757448
207,0.533551
208,1.10882
209,0.843159
210,0.631031
211,0.631852
212,0.305746
213,1.49556
214,2.15869
215,1.2729
216,0.734475
217,0.666643
218,0.726367
219,0.744234
220,1.00897
221,0.98663
222,0.699283
223,0.553441
224,1.283
225,1.60352
226,0.700823
227,0.731323
228,1.28274
229,0.619093
230,0.848742
231,0.761626
232,0.990474
233,0.874503
234,0.887897
235,1.09953
236,0.792074
237,0.549141
238,1.95307
239,1.02953
240,1.01741
241,1.6718
242,0.91643
243,0.824977
244,0.542265
245,0.636863
246,0.475257
247,1.27532
248,1.2124
249,0.403572
250,0.721517
251,0.679635
252,0.615451
253,0.679091
254,1.08548
255,0.782392
256,1.84356
257,0.978397
258,1.32075
259,1.13655
260,0.782626
261,0.458956
262,1.51301
263,0.6361
264,0.671662
265,1.49526
266,0.535636
267,0.450184
268,0.527609
269,1.08137
270,0.628638
271,0.60811
272,0.637628
273,1.2472
274,0.875115
275,1.92457
276,1.36165
277,0.290254
278,0.511811
279,0.746993
280,1.01274
281,1.18448
282,0.415489
283,0.373551
284,3.6437
285,0.647653
286,1.2482
287,0.277759
288,0.702788
289,0.702296
290,1.15627
291,0.818485
292,0.654489
293,1.5768
294,0.787572
295,0.607563
296,1.09222
297,0.898346
298,0.788124
299,1.05388
300,1.43922
301,1.50125
302,0.657573
303,0.417321
304,0.706311
305,1.05818
306,0.950307
307,0.667844
308,0.928904
309,0.323356
310,0.537353
311,2.69716
312,1.71378
313,1.63902
314,1.40004
315,1.12524
316,1.63837
317,0.773987
318,1.39292
319,0.59197
320,0.763227
321,1.27405
322,1.02872
323,1.01547
324,0.876779
325,1.28005
326,1.00247
327,2.03786
328,0.508088
329,0.738156
330,0.998959
331,0.953286
332,1.41114
333,0.857272
334,0.545965
335,1.72047
336,0.778022
337,0.611708
338,0.750962
339,0.567225
340,1.5836
341,0.471989
342,0.661133
343,0.820862
344,0.310988
345,0.912698
346,1.18887
347,0.615205
348,0.882585
349,1.13349
350,0.954603
351,0.303917
352,0.748713
353,1.5658
354,1.74003
355,0.55333
356,0.54433
357,1.51225
358,0.576604
359,0.96749
360,1.31128
361,1.40453
362,0.55333
363,0.82267
364,0.37757
365,0.311299
366,0.430633
367,0.895207
368,1.6545
369,1.14866
370,0.399996
371,0.594283
372,0.76759
373,1.11038
374,0.743267
375,1.22986
376,0.821273
377,0.841306
378,0.772595
379,0.289674
380,1.14271
381,0.844256
382,0.695656
383,1.019
384,0.52168
385,1.43778
386,0.532592
387,0.678752
388,0.599116
389,1.26263
390,0.921714
391,0.832602
392,1.14694
393,0.474165
394,0.894313
395,0.785606
396,1.73585
397,1.12221
398,0.802118
399,0.52524
400,0.411478
401,0.857272
402,0.979728
403,1.44687
404,0.984836
405,0.659944
406,0.285647
407,0.666777
408,1.17833
409,0.984521
410,0.74774
411,1.46024
412,0.773059
413,0.879326
414,0.965509
415,0.795329
416,1.3999
417,1.50848
418,0.343009
419,0.769819
420,0.506009
421,0.980777
422,0.843749
423,1.15824
424,0.686122
425,1.26301
426,0.415946
427,0.792074
428,0.92259
429,1.57271
430,0.767974
431,1.55395
432,0.384274
433,0.619155
434,0.574877
435,0.558333
436,0.616683
437,0.616313
438,1.11416
439,0.417279
440,0.719787
441,0.760408
442,1.3637
443,0.61373
444,0.885414
445,1.29473
446,2.69177
447,1.58947
448,1.754
449,1.01475
450,1.48468
451,0.944877
452,1.89364
453,1.73273
454,0.734842
455,1.30109
456,0.975154
457,1.0104
458,0.787966
459,1.79051
460,0.753143
461,0.813996
462,0.345764
463,0.545583
464,1.01871
465,1.83198
466,1.35459
467,0.921069
468,1.82012
469,1.22067
470,0.656128
471,0.931918
472,0.691011
473,0.767897
474,0.723901
475,1.07033
476,0.756237
477,0.357364
478,0.828532
479,1.01244
480,0.730008
481,0.678548
482,0.790887
483,0.338917
484,1.07956
485,0.83845
486,0.949338
487,0.32628
488,1.01057
489,1.35703
490,0.720651
491,0.504595
492,0.804206
493,0.183416
494,0.931369
495,0.912817
496,0.689354
497,0.529035
498,1.25671
499,0.448386
500,0.637756
501,1.54404
502,1.49123
503,0.866148
504,1.53972
505,1.30474
506,1.24882
507,0.944094
508,1.01186
509,1.31049
510,0.793819
511,0.646682
512,0.563043
513,1.02433
514,0.460473
515,0.800755
516,1.05076
517,0.693642
518,0.674017
519,1.18839
520,0.952896
521,1.15627
522,1.14008
523,0.797957
524,1.58154
525,0.842485
526,0.655603
527,1.04622
528,1.04616
529,0.304221
530,1.03413
531,1.16451
532,1.61059
533,0.367512
534,1.26719
535,1.30252
536,0.221352
537,0.60423
538,0.647135
539,0.763303
540,0.472036
541,1.42063
542,0.516386
543,1.14591
544,1.31627
545,1.0039
546,0.631978
547,1.14077
548,0.94657
549,0.55002
550,1.23689
551,1.04165
552,1.23825
553,0.910538
554,0.784272
555,1.83859
556,0.624065
557,0.746246
558,1.5014
559,1.5391
560,1.0053
561,0.699423
562,0.636736
563,0.877306
564,1.20949
565,0.974491
566,0.51799
567,0.826463
568,0.831354
569,0.533818
570,1.20659
571,0.58996
572,0.89101
573,0.753972
574,0.609388
575,0.809531
576,1.73083
577,0.53089
578,0.781453
579,0.707442
580,0.627005
581,1.18459
582,0.946996
583,0.906585
584,1.02138
585,1.66796
586,1.12614
587,0.716412
588,1.2812
589,0.6361
590,1.69486
591,1.45179
592,0.957423
593,0.534139
594,0.863639
595,1.13213
596,0.838031
597,0.244877
598,0.635591
599,1.00573
600,1.0686
601,0.916237
602,1.29836
603,0.807187
604,1.54404
605,0.570182
606,1.45121
607,1.24247
608,0.683315
609,1.23553
610,0.922793
611,0.752917
612,0.848827
613,1.59345
614,0.814403
615,1.20033
616,0.886743
617,0.812126
618,1.17058
619,1.28698
620,0.596009
621,0.649729
622,2.40248
623,0.609998
624,1.01127
625,0.275271
626,0.430805
627,1.26125
628,0.842822
629,1.02415
630,0.430374
631,0.757676
632,1.09601
633,1.38791
634,0.407302
635,1.74142
636,2.38429
637,0.936084
638,0.603807
639,0.576373
640,0.689561
641,0.491104
642,1.0807
643,1.61478
644,1.01674
645,0.934214
646,0.615944
647,0.852996
648,1.11238
649,0.942462
650,0.871186
651,1.41708
652,0.515509
653,0.679295
654,0.399437
655,2.32588
656,0.618103
657,0.431107
658,1.04324
659,0.637819
660,0.596605
661,2.60257
662,1.22495
663,0.927335
664,0.399796
665,1.11104
666,2.6586
667,0.537407
668,1.11282
669,1.33736
670,1.39487
671,0.756313
672,0.744234
673,0.740744
674,0.22741
675,0.537514
676,1.56972
677,1.39794
678,0.568076
679,0.809288
680,1.08373
681,0.774297
682,0.92404
683,1.10827
684,0.923966
685,0.38833
686,0.527398
687,0.420883
688,1.57822
689,0.355938
690,0.812045
691,1.24073
692,1.01511
693,0.548867
694,0.641017
695,1.5388
696,1.22434
697,0.402202
698,0.579784
699,0.480033
700,1.26162
701,1.70148
702,1.03331
703,0.773059
704,1.32168
705,1.0469
706,0.498576
707,1.66396
708,0.608171
709,0.787887
710,0.958582
711,1.20828
712,1.20551
713,0.588546
714,1.21823
715,0.786471
716,0.623566
717,1.60528
718,0.854191
719,1.39878
720,0.66691
721,0.600796
722,0.823493
723,0.909382
724,1.34878
725,0.652203
726,0.486266
727,1.75593
728,1.4999
729,1.05532
730,0.570353
731,0.898885
732,1.18483
733,1.1076
734,0.736829
735,2.04255
736,0.752616
737,0.767897
738,0.801076
739,0.548208
740,0.459416
741,1.69588
742,0.645713
743,0.468696
744,0.94501
745,0.615882
746,0.369206
747,1.05839
748,1.20214
749,1.23097
750,1.14156
751,0.583156
752,0.577585
753,1.28621
754,1.55317
755,1.69723
756,0.720147
757,0.824317
758,0.764143
759,0.746171
760,1.60512
761,1.22018
762,0.627884
763,1.22753
764,1.22079
765,0.68393
766,0.780906
767,0.913538
768,2.04071
769,0.700543
770,0.401881
771,0.438937
772,1.36302
773,0.532698
774,0.669851
775,0.881968
776,1.06156
777,0.703139
778,1.81939
779,1.23479
780,0.520534
781,0.761017
782,1.12569
783,0.692671
784,1.26693
785,0.687221
786,0.917099
787,1.10561
788,0.564791
789,0.775227
790,0.699912
791,1.4789
792,0.707866
793,1.75663
794,1.49093
795,1.38168
796,1.12738
797,1.30761
798,0.983852
799,1.47506
800,0.947991
801,0.531634
802,1.05786
803,1.11405
804,0.918439
805,1.0418
806,0.363128
807,0.586724
808,0.935055
809,0.615143
810,1.56236
811,1.38569
812,1.90123
813,1.40396
814,0.647135
815,0.611158
816,1.44918
817,1.15627
818,0.861397
819,0.677463
820,1.69181
821,0.81302
822,0.977624
823,0.744308
824,1.46272
825,0.852485
826,0.619031
827,0.952019
828,0.618536
829,2.27505
830,0.719571
831,0.842063
832,0.633814
833,0.953029
834,0.973371
835,0.789781
836,1.43879
837,0.490662
838,0.728549
839,2.5123
840,0.778723
841,1.31351
842,1.22556
843,1.0027
844,0.717559
845,0.831271
846,1.10127
847,1.04919
848,0.990305
849,0.813914
850,1.06096
851,1.10971
852,3.03133
853,1.79769
854,0.816278
855,0.496983
856,0.705534
857,0.667177
858,2.82922
859,0.865541
860,1.213
861,0.891188
862,0.546457
863,0.921539
864,1.03608
865,1.28415
866,1.28711
867,1.62971
868,1.44831
869,0.68154
870,0.674017
871,0.920609
872,1.04258
873,2.02932
874,0.854448
875,0.970213
876,0.709
877,0.689699
878,0.485585
879,2.18147
880,1.28827
881,1.03766
882,0.530943
883,1.42832
884,1.75242
885,0.606773
886,0.831104
887,0.771746
888,0.552446
889,1.13598
890,2.36269
891,0.680927
892,1.21616
893,0.455573
894,0.513914
895,0.678752
896,0.712767
897,1.01476
898,0.859762
899,1.05986
900,0.406732
901,1.33549
902,0.796682
903,1.59792
904,0.810017
905,0.83152
906,0.987133
907,1.4996
908,1.62531
909,1.56424
910,0.939244
911,2.30943
912,1.01725
913,0.937517
914,0.452123
915,1.18436
916,2.0637
917,1.53941
918,1.12671
919,0.677938
920,0.752089
921,1.70728
922,0.846284
923,0.884617
924,0.57241
925,1.03837
926,0.999759
927,0.518923
928,0.546184
929,1.22299
930,0.672939
931,0.989031
932,0.485537
933,0.708433
934,1.00479
935,0.667778
936,0.876692
937,0.6304
938,0.524715
939,0.706099
940,0.547387
941,1.1623
942,1.15558
943,1.18898
944,0.671528
945,2.11658
946,0.762845
947,0.672603
948,0.373626
949,0.609144
950,0.963561
951,0.556326
952,1.2472
953,0.802198
954,0.764908
955,0.495791
956,0.627947
957,0.95025
958,0.89003
959,0.539021
960,0.795647
961,0.940569
962,0.589253
963,0.687908
964,0.900415
965,0.607988
966,0.551507
967,1.02551
968,0.939977
969,1.32406
970,1.26795
971,0.943056
972,0.917264
973,0.539507
974,2.00131
975,0.727021
976,0.838534
977,1.59919
978,1.31587
979,0.888607
980,0.550516
981,0.918632
982,1.46492
983,0.960991
984,1.61317
985,1.54342
986,0.711201
987,0.793422
988,0.709
989,0.512528
990,1.16137
991,1.91305
992,1.95111
993,1.57067
994,1.90599
995,1.99451
996,0.788834
997,0.400917
998,0.679567
999,0.669181
1000,1.00333
1001,0.667644
1002,0.675366
1003,0.901856
1004,0.460658
1005,0.662059
1006,0.642364
1007,1.31758
1008,2.81792
1009,1.20587
1010,0.626379
1011,0.705252
1012,0.919119
1013,0.504746
1014,1.36233
1015,0.806864
1016,0.533711
1017,0.667844
1018,0.510584
1019,0.405879
1020,0.43059
1021,0.628512
1022,0.942744
1023,0.97131
1024,2.23133
1025,1.28763
1026,2.50779
1027,1.15558
1028,0.651225
1029,0.542645
1030,0.898975
1031,1.19518
1032,0.911257
1033,1.05802
1034,0.462967
1035,0.787415
1036,1.93925
1037,1.1587
1038,0.227865
1039,1.70097
1040,1.31838
1041,1.42647
1042,0.522098
1043,1.07463
1044,0.493763
1045,0.583098
1046,0.886477
1047,0.808722
1048,1.92765
1049,0.777867
1050,1.22006
1051,1.34366
1052,0.874765
1053,0.638202
1054,2.13614
1055,0.432575
1056,1.20154
1057,0.391175
1058,1.52898
1059,0.396056
1060,1.34757
1061,0.453301
1062,1.74421
1063,1.86433
1064,1.57161
1065,0.439596
1066,0.670924
1067,0.954832
1068,0.689285
1069,0.818485
1070,1.43519
1071,2.25827
1072,1.41836
1073,1.16172
1074,2.21179
1075,0.807106
1076,1.09446
1077,1.27941
1078,0.756086
1079,1.08457
1080,0.400437
1081,0.55405
1082,0.352396
1083,0.636163
1084,0.876516
1085,0.591733
1086,0.815544
1087,0.975417
1088,0.998261
1089,0.535851
1090,1.12311
1091,2.34105
1092,1.95639
1093,0.941623
1094,0.518508
1095,0.976842
1096,1.19554
1097,0.940193
1098,1.00382
1099,0.464683
1100,1.03898
1101,1.97447
1102,0.791362
1103,0.772904
1104,1.19471
1105,1.40186
1106,0.901225
1107,0.68154
1108,0.562255
1109,0.695865
1110,0.480417
1111,2.5927
1112,1.18673
1113,0.989515
1114,1.83198
1115,0.758585
1116,0.977927
1117,0.494059
1118,0.573269
1119,1.05501
1120,3.26089
1121,0.593155
1122,1.25207
1123,0.539993
1124,1.21921
1125,1.00857
1126,1.02589
1127,1.754
1128,1.70182
1129,1.14042
1130,1.6056
1131,1.80579
1132,1.31469
1133,2.00231
1134,0.583915
1135,0.689699
1136,0.83711
1137,0.616436
1138,0.78161
1139,0.986137
1140,0.979356
1141,0.975681
1142,1.94158
1143,0.871622
1144,0.422866
1145,1.19494
1146,0.9089
1147,1.10152
1148,0.96781
1149,0.914873
1150,1.79733
1151,1.01532
1152,1.04136
1153,0.621077
1154,0.660076
1155,0.327588
1156,0.93688
1157,0.662059
1158,1.11483
1159,0.611647
1160,0.64153
1161,2.02203
1162,0.655013
1163,0.70328
1164,0.363128
1165,0.857186
1166,0.36204
1167,1.11963
1168,0.594639
1169,0.76193
1170,2.25782
1171,0.744606
1172,0.480706
1173,1.10274
1174,1.15974
1175,1.25696
1176,0.843834
1177,1.29279
1178,3.49384
1179,0.88091
1180,0.808965
1181,0.679839
1182,0.724553
1183,1.17222
1184,0.39828
1185,0.730227
1186,0.926825
1187,0.686671
1188,0.583506
1189,1.60063
1190,1.34393
1191,0.562874
1192,0.949547
1193,0.967761
1194,1.83015
1195,0.396254
1196,0.684819
1197,1.07146
1198,0.515819
1199,0.881174
1200,1.07663
1201,0.479649
1202,1.17833
1203,0.731396
1204,2.33311
1205,0.998775
1206,0.491055
1207,0.98739
1208,1.06952
1209,1.26731
1210,0.611708
1211,0.374786
1212,2.53223
1213,0.564508
1214,0.359874
1215,0.898077
1216,0.834519
1217,0.656784
1218,0.324328
1219,1.21143
1220,1.24247
1221,1.90294
1222,0.704054
1223,1.54435
1224,1.10539
1225,0.497032
1226,0.977829
1227,0.337227
1228,0.934102
1229,0.893955
1230,1.29784
1231,1.07705
1232,0.864676
1233,1.24633
1234,0.462643
1235,0.725568
1236,0.418533
1237,0.512938
1238,0.600556
1239,0.603807
1240,0.761702
1241,1.46726
1242,0.501325
1243,0.813345
1244,2.00973
1245,0.636481
1246,0.652203
1247,1.46214
1248,1.0135
1249,0.647135
1250,1.00779
1251,1.43032
1252,1.00374
1253,0.394514
1254,0.793978
1255,0.600796
1256,0.655275
1257,0.779034
1258,0.785292
1259,0.845523
1260,0.924613
1261,0.954622
1262,0.489877
1263,1.73724
1264,2.52439
1265,1.27252
1266,1.16906
1267,0.562986
1268,0.402323
1269,0.901225
1270,0.772904
1271,1.36465
1272,0.664248
1273,0.455709
1274,1.00345
1275,0.501375
1276,1.08993
1277,0.594937
1278,0.788203
1279,0.468462
1280,1.07489
1281,0.644359
1282,1.34031
1283,0.814077
1284,1.23602
1285,0.933308
1286,0.984275
1287,0.909873
1288,1.12682
1289,1.04255
1290,0.45321
1291,0.73956
1292,0.902849
1293,0.814973
1294,1.40242
1295,1.03864
1296,0.694197
1297,0.309747
1298,1.2072
1299,0.337227
1300,1.03614
1301,1.23837
1302,0.828863
1303,0.464033
1304,0.831354
1305,1.18875
1306,1.48112
1307,0.974627
1308,1.00441
1309,1.05055
1310,0.732787
1311,1.33669
1312,0.787415
1313,2.17907
1314,0.505959
1315,1.32247
1316,1.24707
1317,1.17281
1318,0.549416
1319,0.454753
1320,0.748488
1321,1.1275
1322,1.45557
1323,1.01159
1324,1.88137
1325,0.489045
1326,1.15085
1327,1.775
1328,0.621263
1329,0.434874
1330,0.840129
1331,0.613914
1332,0.67726
1333,1.76174
1334,2.4208
1335,1.25621
1336,0.490073
1337,2.35702
1338,1.03794
1339,0.788597
1340,0.543786
1341,1.01657
1342,1.8318
1343,1.35839
1344,0.719931
1345,1.35419
1346,0.670655
1347,0.795647
1348,1.01467
1349,0.95006
1350,0.965972
1351,0.737713
1352,1.07631
1353,0.638713
1354,1.46228
1355,1.09835
1356,1.15292
1357,0.619526
1358,0.543623
1359,0.851292
1360,0.729789
1361,0.681813
1362,1.14374
1363,0.87564
1364,1.56753
1365,0.525398
1366,0.743713
1367,0.793501
1368,1.06304
1369,1.36043
1370,0.649339
1371,0.580886
1372,1.23899
1373,0.452621
1374,0.836022
1375,0.390433
1376,1.02264
1377,0.828118
1378,0.600736
1379,2.03358
1380,0.707583
1381,0.881262
1382,1.00206
1383,0.939573
1384,0.277759
1385,0.434613
1386,0.314114
1387,0.531156
1388,0.302401
1389,0.817831
1390,1.02253
1391,1.0669
1392,1.26744
1393,1.23306
1394,1.49541
1395,0.983508
1396,1.20913
1397,1.45368
1398,0.630779
1399,0.4774
1400,0.568644
1401,0.56984
1402,0.799315
1403,0.493171
1404,0.927382
1405,0.377004
1406,0.953696
1407,2.67862
1408,1.04907
1409,1.21847
1410,1.53972
1411,0.587723
1412,1.44239
1413,1.43104
1414,1.52029
1415,1.13281
1416,1.71446
1417,0.687221
1418,0.649989
1419,0.715839
1420,0.627696
1421,0.872232
1422,1.33309
1423,0.556382
1424,0.617979
1425,0.782705
1426,1.46771
1427,0.945728
1428,0.360956
1429,0.540263
1430,1.01662
1431,1.0524
1432,0.760636
1433,0.686122
1434,0.835855
1435,0.968419
1436,0.743193
1437,0.99286
1438,1.22974
1439,0.650574
1440,1.69114
1441,0.249824
1442,0.965663
1443,1.01721
1444,0.641979
1445,1.15731
1446,1.35853
1447,0.765903
1448,0.911877
1449,1.20949
1450,1.45936
1451,0.366411
1452,1.3007
1453,1.02475
1454,1.85447
1455,1.58756
1456,0.73543
1457,0.831104
1458,2.08381
1459,1.14339
1460,1.31679
1461,0.675434
1462,0.613117
1463,0.550461
1464,0.732421
1465,1.67632
1466,1.03255
1467,0.681472
1468,0.833018
1469,0.52782
1470,0.369945
1471,0.67368
1472,1.62288
1473,0.513297
1474,0.377079
1475,0.555937
1476,0.353455
1477,0.611341
1478,0.726294
1479,0.539399
1480,1.24085
1481,0.340616
1482,0.560178
1483,1.13598
1484,1.63984
1485,1.14316
1486,2.77597
1487,0.650444
1488,1.7547
1489,1.1293
1490,1.0603
1491,0.642107
1492,0.867188
1493,0.801797
1494,0.624502
1495,0.456622
1496,0.345073
1497,1.44542
1498,0.830855
1499,0.94025
1500,1.36274
1501,0.907974
1502,1.61996
1503,1.34999
1504,1.03139
1505,0.730519
1506,0.266868
1507,0.736902
1508,0.865282
1509,0.782939
1510,1.02568
1511,0.821191
1512,0.891812
1513,0.859848
1514,0.759344
1515,1.40214
1516,1.31574
1517,0.901856
1518,3.18356
1519,0.707725
1520,0.978475
1521,2.13144
1522,1.23368
1523,1.11605
1524,0.534994
1525,2.10644
1526,2.38429
1527,0.354517
1528,1.46521
1529,0.862604
1530,0.470293
1531,0.86269
1532,0.564339
1533,1.33269
1534,0.686259
1535,1.49138
1536,1.09452
1537,2.36671
1538,2.54925
1539,0.522934
1540,0.746097
1541,0.80493
1542,0.543351
1543,0.496933
1544,0.46552
1545,0.685025
1546,0.575682
1547,0.906078
1548,0.814566
1549,0.363128
1550,1.01246
1551,1.09385
1552,0.521576
1553,0.799555
1554,0.722816
1555,0.587488
1556,1.80887
1557,0.904837
1558,1.66396
1559,0.555048
1560,1.33056
1561,1.11082
1562,1.08791
1563,1.89876
1564,0.64365
1565,1.15096
1566,0.941586
1567,0.709142
1568,1.29719
1569,1.04742
1570,1.83473
1571,0.698724
1572,0.724336
1573,1.31917
1574,0.48109
1575,0.730811
1576,0.91512
1577,0.678955
1578,1.64724
1579,1.00999
1580,0.993637
1581,0.645455
1582,0.820288
1583,1.36193
1584,0.692186
1585,0.442241
1586,1.14775
1587,1.10453
1588,1.2147
1589,0.862345
1590,1.30578
1591,0.707866
1592,1.09339
1593,0.390198
1594,1.96895
1595,1.61527
1596,0.998714
1597,1.7814
1598,1.94488
1599,1.2175
1600,0.800595
1601,0.725278
1602,1.24845
1603,0.826215
1604,1.30578
1605,1.40649
1606,1.16276
1607,1.1184
1608,0.573498
1609,0.783644
1610,0.954956
1611,1.04881
1612,1.06017
1613,1.14374
1614,0.887808
1615,0.491251
1616,2.28691
1617,0.60544
1618,0.453527
1619,1.89648
1620,1.0668
1621,1.47167
1622,1.60111
1623,0.961222
1624,0.938043
1625,0.891277
1626,1.16777
1627,1.4385
1628,0.681949
1629,0.681404
1630,1.74142
1631,0.449644
1632,0.535904
1633,1.21458
1634,1.10318
1635,1.1505
1636,1.3395
1637,1.30122
1638,0.741485
1639,1.89137
1640,1.57381
1641,0.664646
1642,0.930959
1643,1.37713
1644,1.10893
1645,0.771283
1646,0.612871
1647,1.74857
1648,0.765979
1649,0.803081
1650,1.02127
1651,0.340616
1652,1.14168
1653,1.22519
1654,1.2147
1655,2.16085
1656,0.745724
1657,1.18554
1658,0.975125
1659,1.57507
1660,0.80276
1661,2.16193
1662,0.717344
1663,0.828615
1664,2.33918
1665,0.566941
1666,1.87086
1667,1.69757
1668,0.989357
1669,1.01384
1670,0.332538
1671,0.927372
1672,1.72392
1673,1.58154
1674,0.605682
1675,1.79051
1676,0.849082
1677,2.60023
1678,0.954736
1679,0.856501
1680,0.742598
1681,0.787651
1682,1.22422
1683,1.23553
1684,1.69249
1685,1.57964
1686,1.04435
1687,0.827455
1688,1.13202
1689,1.1212
1690,0.978925
1691,0.3982
1692,0.48162
1693,1.09936
1694,1.04375
1695,0.690734
1696,1.81122
1697,0.66965
1698,0.561019
1699,0.755255
1700,0.918044
1701,0.971514
1702,0.700753
1703,0.713837
1704,0.862776
1705,0.324977
1706,0.673613
1707,0.705182
1708,0.827952
1709,0.747217
1710,1.9377
1711,0.250324
1712,1.00113
1713,0.920738
1714,0.51742
1715,0.494405
1716,0.553054
1717,1.15801
1718,1.30356
1719,0.662854
1720,0.843665
1721,1.10247
1722,1.20683
1723,0.74245
1724,0.535904
1725,0.856501
1726,1.27138
1727,0.820042
1728,0.605743
1729,0.850101
1730,2.28416
1731,0.567451
1732,0.990833
1733,0.861569
1734,0.523771
1735,1.0225
1736,0.69503
1737,0.835939
1738,0.657113
1739,0.628638
1740,0.617918
1741,0.539669
1742,0.739782
1743,1.49421
1744,1.02847
1745,0.51038
1746,0.981503
1747,1.16149
1748,1.59664
1749,0.843327
1750,2.17798
1751,0.66153
1752,1.32711
1753,0.670789
1754,0.533445
1755,0.720723
1756,0.319819
1757,0.362402
1758,0.603687
1759,0.666577
1760,1.3999
1761,0.575739
1762,0.986393
1763,1.16661
1764,0.687083
1765,1.1344
1766,1.29124
1767,0.54384
1768,2.13806
1769,1.73898
1770,0.533925
1771,0.707017
1772,1.86246
1773,1.16556
1774,1.56205
1775,1.1327
1776,1.26137
1777,0.600976
1778,0.362402
1779,1.25772
1780,0.851207
1781,0.473076
1782,1.12524
1783,1.71035
1784,1.10102
1785,1.04792
1786,0.639992
1787,0.939996
1788,0.791441
1789,1.61123
1790,2.60127
1791,1.55659
1792,1.43548
1793,1.51271
1794,1.23257
1795,1.25973
1796,0.870576
1797,0.968497
1798,0.548044
1799,1.21714
1800,1.70813
1801,1.22912
1802,1.00166
1803,0.831354
1804,1.0583
1805,0.463708
1806,0.854961
1807,0.873541
1808,1.0103
1809,0.785527
1810,1.28943
1811,0.804045
1812,0.54673
1813,1.11505
1814,0.57851
1815,0.808237
1816,2.16106
1817,1.45325
1818,1.15004
1819,0.855559
1820,0.834018
1821,0.600496
1822,0.58269
1823,0.833435
1824,1.67448
1825,0.637819
1826,1.28943
1827,0.401439
1828,1.17645
1829,0.718205
1830,0.490809
1831,1.43749
1832,0.530784
1833,2.00011
1834,0.617794
1835,1.35283
1836,1.5174
1837,0.829361
1838,0.667244
1839,0.768511
1840,0.742895
1841,1.17152
1842,0.661199
1843,0.700683
1844,1.1293
1845,0.982073
1846,1.13236
1847,0.668981
1848,1.31285
1849,1.14351
1850,1.30918
1851,0.978309
1852,0.535368
1853,1.46536
1854,1.07799
1855,0.950592
1856,0.451265
1857,0.652464
1858,0.250324
1859,0.370797
1860,0.493467
1861,1.08184
1862,0.625252
1863,1.04544
1864,2.83488
1865,2.15502
1866,0.619712
1867,0.985821
1868,0.545911
1869,0.639544
1870,0.431365
1871,0.80751
1872,0.921788
1873,0.745276
1874,0.513041
1875,1.99731
1876,1.72979
1877,0.804608
1878,1.02304
1879,1.05221
1880,1.4502
1881,1.03136
1882,0.506161
1883,0.804045
1884,0.653639
1885,3.96696
1886,0.966475
1887,2.77319
1888,0.769511
1889,0.722383
1890,1.03415
1891,0.677395
1892,0.889141
1893,0.793105
1894,0.431495
1895,0.337902
1896,1.27941
1897,0.799555
1898,0.634956
1899,1.11851
1900,0.743118
1901,0.423331
1902,0.723757
1903,0.536709
1904,0.697537
1905,1.09449
1906,0.541832
1907,0.689216
1908,0.93014
1909,0.350638
1910,0.595234
1911,0.730665
1912,0.899335
1913,1.36684
1914,1.37232
1915,1.0153
1916,0.291126
1917,0.510584
1918,1.7362
1919,1.33216
1920,0.800035
1921,1.04931
1922,0.860106
1923,0.927039
1924,1.06615
1925,1.21519
1926,0.997092
1927,1.45267
1928,0.440476
1929,1.44933
1930,1.42347
1931,1.57791
1932,1.33523
1933,1.63509
1934,0.808965
1935,1.79087
1936,0.698095
1937,0.689216
1938,2.00772
1939,0.870228
1940,0.841138
1941,1.20575
1942,1.19854
1943,0.708362
1944,1.75313
1945,1.09583
1946,0.737345
1947,1.30044
1948,1.49945
1949,0.688321
1950,0.714552
1951,0.698025
1952,1.05127
1953,1.06954
1954,0.397365
1955,2.00471
1956,2.05567
1957,0.597501
1958,0.748563
1959,0.610852
1960,0.925899
1961,1.0139
1962,1.12266
1963,1.42689
1964,0.750062
1965,1.3637
1966,1.09541
1967,0.754953
1968,0.976374
1969,0.773136
1970,0.666643
1971,1.34447
1972,0.707725
1973,1.20852
1974,0.643908
1975,1.80471
1976,0.729935
1977,1.16626
1978,0.991573
1979,0.978015
1980,0.689423
1981,0.373626
1982,1.03511
1983,0.623691
1984,0.68011
1985,0.758661
1986,0.407017
1987,1.27405
1988,0.941378
1989,0.948133
1990,0.936393
1991,2.02547
1992,1.20563
1993,1.17845
1994,0.967597
1995,0.895118
1996,1.00458
1997,1.36438
1998,0.768434
1999,1.03742
2000,0.42622
2001,1.36752
2002,1.13815
2003,0.621636
2004,0.83845
2005,0.824152
2006,0.640376
2007,2.24971
2008,1.28685
2009,0.900505
2010,0.438191
2011,1.02445
2012,1.07915
2013,1.22826
2014,1.82285
2015,0.784507
2016,0.446596
2017,1.02818
2018,0.712482
2019,1.06029
2020,0.693642
2021,0.810746
2022,0.423797
2023,0.489143
2024,1.61204
2025,0.724191
2026,0.731762
2027,2.75661
2028,0.661728
2029,0.815136
2030,0.884352
2031,0.806461
2032,0.738747
2033,0.950127
2034,1.92823
2035,0.94167
2036,0.403128
2037,1.28853
2038,0.700753
2039,1.5026
2040,0.599835
2041,0.700893
2042,1.02014
2043,1.00597
2044,0.334205
2045,2.41887
2046,0.442285
2047,0.860794
2048,0.544003
2049,1.163
2050,0.636545
2051,0.548263
2052,0.741485
2053,0.813182
2054,0.916365
2055,1.50787
2056,1.41779
2057,0.533018
2058,1.83933
2059,0.734768
2060,0.673276
2061,0.570981
2062,0.88338
2063,1.46287
2064,1.07079
2065,1.10938
2066,1.24995
2067,1.0744
2068,0.554771
2069,1.43233
2070,0.824977
2071,0.974472
2072,0.669449
2073,0.435875
2074,0.711699
2075,1.12243
2076,0.971893
2077,1.30434
2078,0.655603
2079,0.931946
2080,1.01229
2081,1.61834
2082,0.76399
2083,1.03831
2084,1.14156
2085,0.833185
2086,1.44167
2087,1.17598
2088,0.83887
2089,0.93427
2090,0.453119
2091,2.54187
2092,0.544003
2093,0.468134
2094,0.333204
2095,1.2306
2096,0.756011
2097,0.623317
2098,0.7073
2099,1.14958
2100,1.25533
2101,0.61582
2102,2.45911
2103,0.952229
2104,0.540911
2105,1.02517
2106,1.07213
2107,1.03142
2108,1.13372
2109,1.62288
2110,1.11907
2111,0.581526
2112,0.81587
2113,1.98238
2114,0.380146
2115,0.836524
2116,0.933775
2117,1.01341
2118,0.316954
2119,1.28415
2120,1.07791
2121,0.913063
2122,0.708291
2123,1.24421
2124,0.434961
2125,0.749312
2126,0.610242
2127,0.968584
2128,0.408403
2129,1.38847
2130,1.62613
2131,1.41397
2132,1.65798
2133,1.08389
2134,0.479841
2135,1.3371
2136,1.23011
2137,0.708291
2138,0.86988
2139,0.676786
2140,0.626817
2141,0.873891
2142,0.735062
2143,0.759117
2144,0.419413
2145,0.698165
2146,1.58138
2147,1.26289
2148,0.44468
2149,1.20466
2150,0.976305
2151,0.96466
2152,1.31337
2153,1.42333
2154,0.674219
2155,1.2487
2156,1.13815
2157,0.738673
2158,0.925279
2159,1.06875
2160,0.914525
2161,2.03806
2162,0.94056
2163,0.452576
2164,0.884883
2165,1.05148
2166,0.476637
2167,0.687152
2168,0.612565
2169,0.32628
2170,1.02444
2171,0.347844
2172,0.817258
2173,1.51649
2174,1.52928
2175,1.0714
2176,1.02359
2177,1.31206
2178,0.838199
2179,0.662258
2180,0.386393
2181,0.504696
2182,0.671662
2183,0.746022
2184,0.980434
2185,0.985191
2186,0.645003
2187,1.39738
2188,1.40678
2189,1.26668
2190,0.699143
2191,0.962906
2192,0.82267
2193,0.688046
2194,2.17233
2195,0.83044
2196,0.427458
2197,0.579204
2198,0.852314
2199,0.945133
2200,1.84744
2201,0.632547
2202,0.679635
2203,0.46343
2204,1.24284
2205,0.959983
2206,0.533391
2207,0.966001
2208,0.798756
2209,1.02466
2210,1.29149
2211,2.72918
2212,0.719931
2213,1.14671
2214,1.07949
2215,0.924428
2216,1.56957
2217,1.43218
2218,0.769049
2219,1.21446
2220,1.67364
2221,1.2031
2222,0.694058
2223,1.06759
2224,1.22875
2225,0.607077
2226,1.02615
2227,0.677531
2228,0.521107
2229,0.718636
2230,0.899964
2231,1.04376
2232,0.310988
2233,1.56236
2234,0.544656
2235,0.618103
2236,0.616683
2237,1.95267
2238,0.932515
2239,1.08917
2240,1.50306
2241,0.551673
2242,0.845692
2243,0.939639
2244,1.95248
2245,0.779736
2246,1.01318
2247,0.487971
2248,0.864244
2249,0.631284
2250,0.507631
2251,1.16894
2252,0.738525
2253,1.25659
2254,0.946684
2255,2.49553
2256,0.744532
2257,1.93228
2258,0.843918
2259,1.1788
2260,1.72875
2261,0.310367
2262,1.10617
2263,1.44066
2264,1.27609
2265,1.3291
2266,0.899065
2267,0.369576
2268,0.617979
2269,0.870402
2270,0.892793
2271,2.19043
2272,0.980503
2273,1.84559
2274,1.36424
2275,2.45764
2276,0.841054
2277,0.758661
2278,0.279431
2279,1.83914
2280,0.772441
2281,1.57886
2282,1.28866
2283,1.52577
2284,0.489045
2285,1.40804
2286,0.560739
2287,1.01473
2288,0.908437
2289,0.822012
2290,0.814077
2291,1.38389
2292,0.909482
2293,0.23504
2294,1.86097
2295,0.930075
2296,1.76015
2297,1.41907
2298,1.53357
2299,0.700963
2300,1.78354
2301,0.462504
2302,0.850271
2303,1.18365
2304,0.715267
2305,1.58502
2306,2.124
2307,0.522098
2308,1.70574
2309,0.87792
2310,0.758509
2311,0.934849
2312,0.667377
2313,1.3391
2314,0.614467
2315,1.8296
2316,1.30918
2317,0.990567
2318,0.87792
2319,0.580422
2320,1.28904
2321,0.691633
2322,1.55691
2323,0.688872
2324,0.89208
2325,0.866667
2326,1.63493
2327,0.827207
2328,0.776235
2329,1.09997
2330,0.664779
2331,1.94274
2332,0.76018
2333,1.19006
2334,1.20683
2335,0.950697
2336,0.486898
2337,0.591201
2338,0.782548
2339,1.55582
2340,1.92168
2341,1.05113
2342,1.20623
2343,1.35148
2344,0.308819
2345,0.799715
2346,0.601036
2347,0.698863
2348,0.489388
2349,0.875991
2350,2.23111
2351,2.24634
2352,1.32049
2353,1.20828
2354,1.35364
2355,1.07217
2356,1.43333
2357,0.938446
2358,0.974949
2359,0.663982
2360,0.65129
2361,1.15027
2362,0.505251
2363,0.769665
2364,1.13304
2365,2.42347
2366,0.638138
2367,2.56331
2368,0.577931
2369,2.03318
2370,1.08907
2371,0.769203
2372,1.01896
2373,1.44875
2374,1.56408
2375,0.991169
2376,1.49436
2377,0.456576
2378,0.547606
2379,2.48333
2380,0.479026
2381,0.603144
2382,0.840297
2383,1.31798
2384,2.10328
2385,0.895386
2386,0.704688
2387,0.418868
2388,0.524505
2389,1.03534
2390,1.09551
2391,0.846962
2392,0.91956
2393,0.686602
2394,0.728987
2395,0.909091
2396,0.933513
2397,0.440167
2398,0.498326
2399,1.40734
2400,1.14202
2401,1.18282
2402,1.0691
2403,0.821026
2404,0.880646
2405,0.828449
2406,1.12569
2407,0.572067
2408,1.04017
2409,0.670052
2410,1.3985
2411,1.0207
2412,0.581933
2413,0.552943
2414,1.36329
2415,1.52821
2416,1.14832
2417,0.788991
2418,0.544656
2419,0.766439
2420,1.03544
2421,2.32286
2422,1.37603
2423,0.752691
2424,0.777711
2425,0.784036
2426,0.688872
2427,1.3275
2428,2.21245
2429,1.15847
2430,0.393805
2431,0.495296
2432,0.544384
2433,0.512323
2434,1.1184
2435,0.803965
2436,1.87086
2437,1.37699
2438,1.43749
2439,0.746321
2440,0.822752
2441,1.36711
2442,0.372134
2443,1.60994
2444,1.26567
2445,1.40298
2446,0.961943
2447,0.476208
2448,0.554216
2449,1.31206
2450,0.630337
2451,0.752616
2452,1.06799
2453,0.720363
2454,0.68674
2455,1.09121
2456,0.900865
2457,0.581817
2458,1.26757
2459,0.487922
2460,0.826133
2461,1.55178
2462,0.984216
2463,1.49153
2464,0.693018
2465,0.590078
2466,1.40917
2467,1.46463
2468,0.89208
2469,1.32976
2470,0.854106
2471,1.6728
2472,1.29849
2473,1.22507
2474,1.05448
2475,0.514119
2476,1.29602
2477,2.60335
2478,0.860192
2479,0.225824
2480,0.574762
2481,2.05484
2482,0.422612
2483,2.66926
2484,0.644745
2485,1.24321
2486,1.09723
2487,0.764373
2488,0.499224
2489,1.19949
2490,0.534887
2491,0.857272
2492,1.12356
2493,2.00391
2494,1.22018
2495,1.07971
2496,1.3097
2497,0.616067
2498,1.27839
2499,0.720075
2500,1.39948
2501,1.57161
2502,0.634956
2503,2.48805
2504,0.631726
2505,0.931108
2506,1.07695
2507,0.709922
2508,0.283087
2509,0.70328
2510,0.817831
2511,1.5174
2512,0.463106
2513,0.442108
2514,0.607866
2515,2.03277
2516,1.23146
2517,1.17187
2518,1.02032
2519,0.56203
2520,0.368616
2521,2.02628
2522,1.14328
2523,0.580654
2524,1.41921
2525,0.825059
2526,0.845269
2527,0.967364
2528,1.19782
2529,0.638138
2530,1.42861
2531,1.64707
2532,0.696422
2533,1.82376
2534,0.908273
2535,0.573498
2536,0.795329
2537,0.636291
2538,0.636736
2539,1.31903
2540,0.660208
2541,0.677734
2542,1.13746
2543,0.997669
2544,0.687221
2545,0.755104
2546,0.644681
2547,0.845523
2548,0.641081
2549,1.60368
2550,0.703773
2551,1.03604
2552,1.18708
2553,0.580596
2554,1.0211
2555,0.762693
2556,0.590787
2557,0.949481
2558,1.76597
2559,0.725786
2560,0.335209
2561,0.499574
2562,0.921502
2563,1.32353
2564,0.708362
2565,0.511811
2566,1.36056
2567,0.790334
2568,1.47374
2569,0.727385
2570,0.772286
2571,0.845016
2572,0.397008
2573,0.796602
2574,1.51452
2575,1.12682
2576,0.832851
2577,0.43618
2578,0.683656
2579,0.899695
2580,0.91877
2581,1.02833
2582,1.50531
2583,1.39194
2584,0.571209
2585,0.798916
2586,0.736829
2587,0.855388
2588,1.28711
2589,1.27354
2590,1.62044
2591,0.590137
2592,1.29758
2593,1.90828
2594,2.17668
2595,0.575739
2596,1.00743
2597,0.454526
2598,1.13724
2599,0.56248
2600,1.01345
2601,2.08402
2602,0.94931
2603,0.391997
2604,0.769742
2605,1.54203
2606,0.835772
2607,0.710561
2608,1.25057
2609,1.08454
2610,0.876516
2611,0.670253
2612,0.863898
2613,0.579958
2614,0.573556
2615,0.940842
2616,0.685505
2617,0.682563
2618,0.748488
2619,0.893329
2620,0.944027
2621,0.665644
2622,0.720147
2623,0.612198
2624,0.581351
2625,1.37136
2626,1.07279
2627,1.56518
2628,0.744457
2629,1.30578
2630,1.77749
2631,0.917337
2632,0.959455
2633,1.46448
2634,0.777478
2635,2.2671
2636,0.752993
2637,0.68674
2638,1.66296
2639,0.724191
2640,1.06793
2641,0.49748
2642,0.650249
2643,1.68556
2644,1.35026
2645,0.628261
2646,1.43061
2647,0.989179
2648,1.23813
2649,0.946504
2650,0.540533
2651,0.769973
2652,1.54914
2653,0.514943
2654,0.618969
2655,0.665511
2656,0.879062
2657,1.14179
2658,1.29771
2659,0.525293
2660,0.383046
2661,1.70472
2662,0.774684
2663,0.576892
2664,0.754651
2665,0.655865
2666,0.942273
2667,0.887364
2668,0.851122
2669,1.50999
2670,0.499324
2671,0.465706
2672,0.995257
2673,0.615266
2674,1.22409
2675,1.01595
2676,1.53972
2677,1.08614
2678,1.0481
2679,1.15223
2680,0.677328
2681,0.923079
2682,0.784821
2683,2.17081
2684,0.551397
2685,0.582573
2686,0.794136
2687,0.58784
2688,0.864676
2689,1.2338
2690,0.910028
2691,0.908909
2692,0.618227
2693,1.66946
2694,0.969757
2695,1.2639
2696,1.06234
2697,0.623068
2698,0.900415
2699,1.44528
2700,1.49915
2701,2.14534
2702,2.64958
2703,0.228322
2704,0.950345
2705,1.35446
2706,1.01463
2707,0.532965
2708,0.633054
2709,1.95972
2710,0.37102
2711,0.818649
2712,0.654293
2713,1.36793
2714,0.560459
2715,0.619836
2716,0.6023
2717,0.850016
2718,0.834268
2719,1.14099
2720,1.06203
2721,0.67638
2722,1.9346
2723,0.284791
2724,0.271444
2725,0.532539
2726,0.494158
2727,0.752014
2728,1.05591
2729,0.438454
2730,0.515355
2731,1.09748
2732,1.66929
2733,0.757448
2734,0.560795
2735,0.592858
2736,0.764143
2737,0.398479
2738,3.09875
2739,0.733447
2740,1.05853
2741,0.392664
2742,1.15281
2743,2.06349
2744,1.19137
2745,0.583506
2746,1.53265
2747,0.708433
2748,1.65186
2749,0.518301
2750,0.729278
2751,0.953382
2752,0.614897
2753,0.825059
2754,0.673141
2755,0.711415
2756,0.649015
2757,1.0256
2758,1.07461
2759,0.632168
2760,1.89477
2761,0.973634
2762,0.524767
2763,1.27214
2764,0.417279
2765,1.42091
2766,0.783409
2767,0.463894
2768,2.02587
2769,0.62444
2770,0.577931
2771,0.638841
2772,1.00769
2773,1.03462
2774,1.77376
2775,0.363855
2776,0.361317
2777,1.31785
2778,1.18649
2779,1.46199
2780,1.87724
2781,1.05107
2782,1.07988
2783,0.683383
2784,1.05798
2785,0.433874
2786,1.08692
2787,0.866407
2788,0.511402
2789,0.41226
2790,0.696004
2791,1.00096
2792,1.03723
2793,0.51856
2794,0.611953
2795,0.713623
2796,1.74403
2797,0.795647
2798,0.496883
2799,0.845354
2800,1.13451
2801,1.1714
2802,0.672872
2803,0.970543
2804,0.726149
2805,0.476589
2806,0.985723
2807,1.25107
2808,0.885148
2809,0.746022
2810,0.337902
2811,0.811882
2812,1.06615
2813,0.69385
2814,0.820698
2815,0.779034
2816,0.718133
2817,1.06125
2818,0.461765
2819,1.36288
2820,1.77376
2821,0.747815
2822,1.08392
2823,1.50893
2824,1.02897
2825,0.563606
2826,1.02539
2827,0.610303
2828,0.974501
2829,0.577469
2830,0.716914
2831,0.281113
2832,1.78336
2833,0.498027
2834,0.592384
2835,0.807348
2836,1.36383
2837,0.668446
2838,1.1402
2839,0.869184
2840,0.779502
2841,0.892615
2842,0.988645
2843,0.66001
2844,1.08988
2845,1.64165
2846,1.21507
2847,0.626254
2848,0.78036
2849,0.368911
2850,0.660671
2851,0.711984
2852,1.09166
2853,0.606895
2854,0.789939
2855,0.468696
2856,0.694474
2857,0.49253
2858,0.793105
2859,0.624815
2860,1.31337
2861,1.12908
2862,0.415988
2863,1.05727
2864,1.25822
2865,0.902939
2866,2.41742
2867,1.47285
2868,1.29072
2869,0.387593
2870,1.262
2871,0.909673
2872,0.744011
2873,1.44788
2874,0.787336
2875,3.16452
2876,1.66512
2877,1.15512
2878,0.521211
2879,1.2875
2880,0.81685
2881,0.255381
2882,1.0714
2883,1.46258
2884,0.901496
2885,0.842569
2886,1.51634
2887,0.559842
2888,1.31798
2889,0.894491
2890,0.439156
2891,1.06447
2892,1.24558
2893,0.619279
2894,0.969243
2895,1.48914
2896,0.466172
2897,0.633877
2898,0.516748
2899,1.30774
2900,0.521315
2901,0.517317
2902,0.572868
2903,0.570581
2904,1.16719
2905,1.66379
2906,0.805896
2907,0.779502
2908,1.03537
2909,1.10243
2910,1.92264
2911,0.641145
2912,0.523667
2913,0.866754
2914,1.13598
2915,0.475923
2916,1.8408
2917,0.721156
2918,0.8462
2919,1.73551
2920,0.830938
2921,0.542808
2922,0.963445
2923,0.54531
2924,0.355226
2925,1.63853
2926,1.27916
2927,1.57933
2928,0.393175
2929,0.699772
2930,0.827952
2931,1.1616
2932,0.590964
2933,2.50252
2934,0.468228
2935,1.09489
2936,1.1965
2937,0.992466
2938,1.00928
2939,0.841558
2940,2.6602
2941,0.594996
2942,0.880558
2943,1.59871
2944,1.00546
2945,0.815789
2946,1.16836
2947,0.556326
2948,0.800915
2949,1.91957
2950,1.09474
2951,1.17951
2952,0.618412
2953,1.69622
2954,1.42419
2955,0.694405
2956,1.29188
2957,0.563155
2958,0.750662
2959,0.366777
2960,1.04694
2961,0.923449
2962,1.27928
2963,0.808803
2964,0.549471
2965,1.23875
2966,0.797479
2967,0.688115
2968,0.526081
2969,0.549361
2970,1.10408
2971,0.994294
2972,0.437578
2973,0.63948
2974,1.54296
2975,0.701454
2976,0.703069
2977,0.898705
2978,1.03832
2979,1.33202
2980,0.512938
2981,0.553552
2982,1.4006
2983,0.977077
2984,1.14603
2985,1.57444
2986,0.566148
2987,1.20828
2988,0.417446
2989,0.558165
2990,0.613791
2991,1.23417
2992,0.726294
2993,1.08324
2994,0.416154
2995,0.461672
2996,1.13678
2997,1.43835
2998,0.661993
2999,0.733227
3000,0.704265
3001,2.77875
3002,0.561749
3003,0.723974
3004,0.570638
3005,0.806864
3006,0.766056
3007,0.993491
3008,1.26125
3009,1.00035
3010,0.535797
3011,1.40537
3012,1.08482
3013,0.729789
3014,0.941783
3015,0.551011
3016,1.16626
3017,0.707371
3018,0.345418
3019,1.46551
3020,1.1741
3021,0.885591
3022,1.36261
3023,1.23504
3024,0.919238
3025,1.01158
3026,1.23467
3027,1.36397
3028,0.733227
3029,0.998169
3030,2.07467
3031,0.908128
3032,0.657178
3033,0.643264
3034,0.32923
3035,1.02241
3036,0.447983
3037,1.22777
3038,0.436486
3039,0.77005
3040,1.33176
3041,1.02727
3042,1.82212
3043,1.86004
3044,2.03684
3045,1.11539
3046,0.879414
3047,1.06114
3048,0.66651
3049,1.76103
3050,1.0431
3051,1.60384
3052,0.775071
3053,2.01678
3054,0.592621
3055,0.503838
3056,1.26706
3057,0.469494
3058,0.797559
3059,0.752767
3060,0.973468
3061,0.22605
3062,1.80688
3063,0.831354
3064,1.03356
3065,0.56203
3066,1.2421
3067,0.577296
3068,0.922572
3069,0.951829
3070,1.04498
3071,1.33296
3072,0.392704
3073,1.07078
3074,0.71177
3075,1.95365
3076,0.685299
3077,1.18792
3078,0.406366
3079,1.15546
3080,1.50411
3081,0.360235
3082,0.43806
3083,1.47211
3084,1.04622
3085,1.93073
3086,1.07825
3087,1.73638
3088,0.91798
3089,0.464497
3090,0.861569
3091,0.55666
3092,0.851292
3093,0.545038
3094,0.717774
3095,0.805333
3096,1.03619
3097,1.35026
3098,1.00104
3099,0.870489
3100,1.40889
3101,0.70815
3102,0.743044
3103,0.820944
3104,1.25621
3105,1.17786
3106,0.849336
3107,1.25345
3108,0.704759
3109,0.839037
3110,1.40425
3111,1.54604
3112,0.787887
3113,0.848063
3114,1.73968
3115,0.982466
3116,0.419622
3117,0.846707
3118,1.0022
3119,1.16091
3120,0.704547
3121,1.6428
3122,0.212886
3123,1.10516
3124,0.670991
3125,0.603325
3126,0.398758
3127,0.87424
3128,0.624565
3129,1.84744
3130,1.08784
3131,0.486509
3132,0.568303
3133,1.2981
3134,0.871186
3135,0.906295
3136,0.904566
3137,1.09517
3138,0.878183
3139,0.74104
3140,0.837864
3141,1.11405
3142,1.00566
3143,2.11869
3144,1.14088
3145,1.04954
3146,2.50002
3147,0.860106
3148,0.675907
3149,0.768973
3150,1.46932
3151,0.374786
3152,0.689285
3153,0.948342
3154,0.874503
3155,1.29149
3156,1.229
3157,0.527082
3158,1.10246
3159,0.817013
3160,1.02826
3161,1.15039
3162,1.43261
3163,0.95704
3164,1.20406
3165,0.642942
3166,1.22311
3167,0.76018
3168,0.460704
3169,0.333204
3170,0.921668
3171,1.0434
3172,0.90548
3173,2.44978
3174,1.55053
3175,0.664979
3176,1.52425
3177,0.501175
3178,1.81612
3179,0.363491
3180,0.949794
3181,0.674961
3182,0.871534
3183,1.12569
3184,0.924243
3185,1.45165
3186,1.1065
3187,1.78675
3188,1.19818
3189,2.37026
3190,1.12998
3191,0.733154
3192,0.761321
3193,1.6854
3194,0.414327
3195,1.17951
3196,2.62899
3197,1.05987
3198,1.01996
3199,1.1327
3200,1.33937
3201,0.648431
3202,0.482198
3203,0.484712
3204,0.843412
3205,0.790571
3206,1.97605
3207,1.40804
3208,0.580945
3209,1.12942
3210,1.35568
3211,0.855217
3212,2.77597
3213,1.18637
3214,0.811395
3215,1.18175
3216,0.779892
3217,0.777633
3218,0.755784
3219,1.48364
3220,1.14294
3221,0.939676
3222,0.810341
3223,0.756237
3224,0.895118
3225,1.02942
3226,1.08412
3227,1.21531
3228,1.05427
3229,1.15951
3230,1.79517
3231,1.10279
3232,1.28827
3233,1.59744
3234,0.683178
3235,1.21847
3236,0.898346
3237,1.0341
3238,1.04707
3239,1.14729
3240,0.708291
3241,0.546402
3242,0.845185
3243,0.518456
3244,1.01285
3245,1.02393
3246,0.700683
3247,1.06109
3248,1.04576
3249,2.40705
3250,1.30669
3251,1.0042
3252,0.882056
3253,0.625815
3254,1.68236
3255,0.800035
3256,0.652268
3257,1.23516
3258,0.714123
3259,0.624003
3260,1.31521
3261,0.563662
3262,0.659812
3263,0.925233
3264,0.751638
3265,0.583973
3266,0.548537
3267,1.13122
3268,0.768281
3269,0.88135
3270,2.02486
3271,0.531687
3272,1.0559
3273,0.673747
3274,0.858988
3275,0.780204
3276,0.895028
3277,0.44758
3278,1.33563
3279,1.43792
3280,0.500324
3281,0.477735
3282,0.299392
3283,2.13828
3284,0.921327
3285,1.06908
3286,0.827125
3287,1.34918
3288,0.758282
3289,0.832435
3290,0.740152
3291,0.945823
3292,2.06184
3293,0.804608
3294,0.903481
3295,1.35378
3296,1.51361
3297,1.22104
3298,2.82922
3299,0.309128
3300,1.08599
3301,1.27227
3302,1.25107
3303,0.908055
3304,0.507073
3305,1.28788
3306,2.09008
3307,0.591023
3308,0.293171
3309,0.518508
3310,0.269012
3311,0.966891
3312,0.530201
3313,0.815381
3314,1.08834
3315,0.708858
3316,0.800595
3317,0.316004
3318,0.538483
3319,1.36356
3320,1.0897
3321,1.15905
3322,0.466919
3323,0.839625
3324,1.28982
3325,1.25395
3326,0.499224
3327,0.841222
3328,1.19184
3329,1.46463
3330,1.39139
3331,0.800035
3332,1.03906
3333,1.26947
3334,0.850611
3335,0.877306
3336,1.48944
3337,1.18448
3338,0.617609
3339,2.05937
3340,1.90542
3341,0.719643
3342,0.881439
3343,1.12953
3344,0.81302
3345,0.856073
3346,1.06663
3347,0.420673
3348,0.805816
3349,0.774065
3350,1.01007
3351,0.346802
3352,1.27354
3353,0.850441
3354,0.679023
3355,0.562367
3356,0.345764
3357,0.747441
3358,2.89504
3359,1.04696
3360,1.47403
3361,0.835939
3362,0.665844
3363,1.28775
3364,0.902939
3365,1.21106
3366,1.0842
3367,0.581933
3368,0.820288
3369,0.628135
3370,1.21677
3371,0.488899
3372,0.545856
3373,1.88551
3374,0.628701
3375,1.20756
3376,0.551011
3377,0.819796
3378,1.18566
3379,1.36643
3380,0.532006
3381,0.723106
3382,0.32078
3383,2.03643
3384,1.02108
3385,1.0617
3386,0.607988
3387,0.681063
3388,1.2591
3389,2.21333
3390,1.18946
3391,1.85633
3392,0.441446
3393,1.15905
3394,1.01127
3395,1.09535
3396,1.17574
3397,0.804769
3398,0.547332
3399,0.74104
3400,0.549581
3401,1.02489
3402,0.621947
3403,0.861138
3404,0.713124
3405,1.10606
3406,0.855217
3407,1.85856
3408,0.900144
3409,0.838618
3410,0.788045
3411,1.30135
3412,0.618041
3413,0.595234
3414,0.514891
3415,0.568872
3416,2.12039
3417,2.60413
3418,1.06373
3419,0.692117
3420,1.44239
3421,1.04762
3422,0.916439
3423,1.0132
3424,1.34784
3425,0.436006
3426,1.02387
3427,1.44556
3428,0.607198
3429,0.877656
3430,0.540371
3431,0.851888
3432,0.861052
3433,1.92726
3434,1.27788
3435,0.90713
3436,0.830689
3437,0.717918
3438,1.07933
3439,1.39431
3440,0.722744
3441,1.44658
3442,0.498227
3443,0.357364
3444,1.17692
3445,1.07056
3446,1.0196
3447,0.716914
3448,1.17633
3449,1.35527
3450,0.625753
3451,1.25057
3452,1.86489
3453,0.738673
3454,0.49022
3455,0.567054
3456,0.793105
3457,0.398519
3458,0.872755
3459,1.10617
3460,0.876955
3461,1.81848
3462,1.15592
3463,0.509717
3464,0.671528
3465,0.689423
3466,0.596247
3467,1.43047
3468,0.715767
3469,1.27749
3470,0.680927
3471,0.596009
3472,0.865801
3473,1.17869
3474,1.44383
3475,1.10434
3476,0.980267
3477,1.06188
3478,0.893955
3479,1.52806
3480,0.993174
3481,1.31049
3482,0.730154
3483,1.00738
3484,0.661067
3485,1.24073
3486,0.990997
3487,0.514016
3488,1.1814
3489,1.49451
3490,0.700263
3491,1.03717
3492,2.24005
3493,0.603626
3494,1.51074
3495,2.19658
3496,1.25533
3497,0.397087
3498,0.720003
3499,0.77391
3500,1.4229
3501,1.01532
3502,0.865715
3503,0.972145
3504,0.969582
3505,1.05684
3506,0.885945
3507,0.495841
3508,1.89326
3509,1.42234
3510,0.499324
3511,1.08666
3512,0.975027
3513,1.00261
3514,0.550516
3515,1.35161
3516,0.778879
3517,0.877569
3518,1.33003
3519,0.888874
3520,0.898166
3521,0.525398
3522,1.49153
3523,0.946296
3524,0.768281
3525,0.44149
3526,1.19698
3527,0.73705
3528,0.862259
3529,0.668312
3530,0.383813
3531,1.34905
3532,1.90484
3533,0.669985
3534,1.20178
3535,0.577238
3536,0.791995
3537,0.622134
3538,0.946807
3539,0.598757
3540,0.520482
3541,0.593095
3542,1.05391
3543,1.38044
3544,1.04362
3545,1.21119
3546,0.718924
3547,0.77919
3548,0.924659
3549,0.573097
3550,1.8504
3551,0.521107
3552,0.642364
3553,1.52928
3554,1.91133
3555,1.25282
3556,0.947063
3557,1.00575
3558,0.479841
3559,0.719787
3560,0.687702
3561,1.19292
3562,1.06282
3563,0.857186
3564,1.14271
3565,1.5388
3566,1.31049
3567,0.297304
3568,1.17339
3569,0.571495
3570,0.428785
3571,1.11941
3572,1.67247
3573,0.721372
3574,1.28595
3575,1.37616
3576,0.816115
3577,0.585435
3578,0.874065
3579,1.59903
3580,0.768127
3581,1.16614
3582,0.778256
3583,1.20057
3584,1.47197
3585,0.723684
3586,0.826794
3587,0.986344
3588,1.16195
3589,1.302
3590,0.740892
3591,2.07218
3592,0.766592
3593,0.607259
3594,1.45499
3595,0.733961
3596,0.95488
3597,0.650314
3598,0.848063
3599,1.56221
3600,0.478643
3601,0.884971
3602,1.30669
3603,2.47936
3604,0.610059
3605,1.21106
3606,1.46433
3607,1.22667
3608,0.602541
3609,0.399237
3610,0.647783
3611,0.938943
3612,1.43879
3613,0.567508
3614,1.37534
3615,0.753369
3616,0.771437
3617,0.915569
3618,0.800275
3619,0.651942
3620,1.08314
3621,0.966881
3622,0.748413
3623,0.659021
3624,1.73916
3625,0.472414
3626,0.878886
3627,0.540371
3628,1.03924
3629,0.391097
3630,0.779424
3631,2.28691
3632,0.497579
3633,0.813264
3634,0.583215
3635,0.638969
3636,0.416237
3637,2.17733
3638,0.585142
3639,1.42946
3640,0.599715
3641,1.52531
3642,0.806541
3643,1.21482
3644,0.947972
3645,0.614406
3646,0.855645
3647,0.95424
3648,2.03135
3649,0.796204
3650,0.959589
3651,1.08962
3652,1.06697
3653,1.51089
3654,1.61769
3655,0.760028
3656,0.62933
3657,0.843496
3658,0.440211
3659,1.06281
3660,0.667377
3661,0.642942
3662,0.959215
3663,1.9515
3664,1.60737
3665,0.68434
3666,0.798197
3667,1.49362
3668,0.638777
3669,1.33242
3670,0.769434
3671,0.443215
3672,0.32078
3673,1.28711
3674,1.82869
3675,0.829029
3676,1.24222
3677,0.583331
3678,0.994759
3679,1.14179
3680,0.928811
3681,1.40382
3682,0.552612
3683,1.03806
3684,1.3275
3685,0.858731
3686,0.522359
3687,0.450409
3688,1.29862
3689,1.18507
3690,1.31219
3691,1.31758
3692,1.13894
3693,1.01401
3694,0.544058
3695,1.1221
3696,1.01453
3697,0.916604
3698,0.970135
3699,0.513862
3700,0.762159
3701,0.51618
3702,0.655734
3703,0.724553
3704,0.388874
3705,0.747441
3706,0.632042
3707,0.815136
3708,0.907511
3709,1.12401
3710,0.742895
3711,1.28698
3712,0.625002
3713,1.03846
3714,1.09323
3715,0.734989
3716,0.529618
3717,1.72513
3718,0.974783
3719,0.357722
3720,0.672939
3721,0.785527
3722,0.971446
3723,0.688803
3724,1.79571
3725,2.53096
3726,2.63452
3727,0.441269
3728,1.15373
3729,0.702718
3730,1.40116
3731,1.44369
3732,0.515664
3733,1.2472
3734,1.43764
3735,0.669315
3736,2.29332
3737,0.947034
3738,1.01519
3739,0.53569
3740,1.22262
3741,0.633244
3742,0.775925
3743,1.41864
3744,0.662059
3745,0.564226
3746,0.638075
3747,1.25923
3748,0.543514
3749,1.51543
3750,0.841895
3751,1.31259
3752,0.840549
3753,0.715553
3754,1.22055
3755,0.61281
3756,0.924151
3757,0.728185
3758,0.617856
3759,0.970019
3760,1.35948
3761,0.967422
3762,1.03973
3763,0.925057
3764,2.81229
3765,0.593689
3766,1.22507
3767,1.16929
3768,2.18344
3769,0.924354
3770,0.636418
3771,1.12648
3772,0.612565
3773,1.4127
3774,1.56471
3775,0.940899
3776,1.05047
3777,1.21921
3778,1.69046
3779,0.93688
3780,1.48572
3781,0.838199
3782,1.88457
3783,0.892704
3784,1.8419
3785,0.862172
3786,2.50277
3787,0.806219
3788,0.760712
3789,1.92168
3790,0.751037
3791,1.30722
3792,0.90312
3793,1.02809
3794,1.13496
3795,2.49204
3796,1.37961
3797,1.1344
3798,0.647329
3799,1.85021
3800,1.49138
3801,0.745873
3802,0.512938
3803,0.795169
3804,1.04807
3805,0.880381
3806,1.55364
3807,0.896282
3808,0.623941
3809,0.587077
3810,1.30369
3811,0.923467
3812,0.575049
3813,1.07595
3814,1.37479
3815,0.559954
3816,0.486509
3817,2.53781
3818,0.902849
3819,1.01919
3820,2.05094
3821,1.04787
3822,1.22556
3823,0.787809
3824,0.707866
3825,0.482005
3826,0.868924
3827,2.07301
3828,0.613301
3829,1.09523
3830,1.44745
3831,1.02802
3832,1.43089
3833,0.495692
3834,1.78497
3835,1.29875
3836,0.748563
3837,1.07343
3838,1.99053
3839,0.715624
3840,0.833018
3841,1.32591
3842,0.785449
3843,1.24545
3844,0.644487
3845,1.53219
3846,1.11049
3847,2.29722
3848,0.616252
3849,0.808237
3850,0.364583
3851,0.871186
3852,0.821109
3853,1.43448
3854,1.67364
3855,0.750212
3856,1.14912
3857,0.990615
3858,0.928607
3859,0.436486
3860,0.515561
3861,2.03297
3862,2.30758
3863,1.46433
3864,0.379728
3865,1.5002
3866,0.499174
3867,1.27826
3868,0.639736
3869,1.0679
3870,1.00201
3871,1.03453
3872,1.65798
3873,0.598637
3874,1.13564
3875,1.33109
3876,1.9725
3877,1.09341
3878,0.978867
3879,0.839373
3880,0.579842
3881,1.47256
3882,1.4079
3883,0.575394
3884,1.36411
3885,1.28801
3886,0.709
3887,0.542048
3888,1.3375
3889,0.37757
3890,0.587311
3891,0.875553
3892,0.896013
3893,3.99083
3894,0.364948
3895,0.697049
3896,0.359874
3897,1.84799
3898,0.715052
3899,1.02997
3900,1.17433
3901,1.63673
3902,1.05499
3903,1.34757
3904,0.846623
3905,0.39669
3906,0.982524
3907,0.649015
3908,0.844762
3909,3.04348
3910,0.51913
3911,0.435657
3912,0.627821
3913,0.821519
3914,0.863726
3915,1.85967
3916,0.745798
3917,0.501727
3918,0.505352
3919,0.656587
3920,0.592088
3921,0.799235
3922,0.52819
3923,1.41439
3924,0.785213
3925,1.27087
3926,1.66646
3927,1.14134
3928,1.00798
3929,1.07126
3930,0.820698
3931,0.599835
3932,0.619217
3933,1.38279
3934,0.600375
3935,0.668914
3936,0.527187
3937,1.32803
3938,0.791045
3939,0.904114
3940,0.744904
3941,0.738895
3942,0.822259
3943,0.790176
3944,0.680451
3945,1.43663
3946,0.55577
3947,0.596963
3948,1.70404
3949,0.407302
3950,0.844171
3951,0.551838
3952,2.03176
3953,0.83711
3954,0.757827
3955,1.14225
3956,0.997974
3957,0.405879
3958,0.488654
3959,1.37809
3960,0.484906
3961,0.969088
3962,0.593155
3963,1.1394
3964,1.15477
3965,0.662391
3966,2.41621
3967,0.454844
3968,0.687427
3969,0.623317
3970,1.70063
3971,0.641722
3972,0.663518
3973,0.888607
3974,1.45354
3975,0.51038
3976,1.31075
3977,0.51965
3978,0.236454
3979,0.695795
3980,0.645132
3981,0.601818
3982,0.545474
3983,1.5944
3984,0.994042
3985,0.999139
3986,1.17351
3987,0.736534
3988,1.79087
3989,0.650054
3990,1.00055
3991,0.900234
3992,0.950013
3993,0.893329
3994,0.694752
3995,1.37603
3996,1.63853
3997,0.467947
3998,0.719859
3999,1.16964
4000,1.31574
4001,0.445882
4002,0.506566
4003,1.48929
4004,0.697049
4005,0.994552
4006,1.3893
4007,0.702507
4008,0.81734
4009,1.7369
4010,1.09723
4011,1.02306
4012,1.01225
4013,0.392625
4014,1.5026
4015,0.843665
4016,1.33216
4017,0.964939
4018,0.97199
4019,1.77695
4020,0.673141
4021,0.287941
4022,0.796761
4023,0.975593
4024,0.820534
4025,0.511197
4026,0.603264
4027,1.10672
4028,0.715839
4029,0.76759
4030,0.829195
4031,0.744457
4032,1.52577
4033,0.589901
4034,0.847724
4035,0.639608
4036,0.630148
4037,0.788676
4038,1.13383
4039,1.06035
4040,0.686534
4041,1.14454
4042,0.541777
4043,1.40004
4044,0.858988
4045,2.09196
4046,0.566998
4047,1.33096
4048,1.03938
4049,0.450229
4050,0.667978
4051,0.46158
4052,0.476446
4053,1.16242
4054,1.25095
4055,1.80615
4056,0.806219
4057,0.46255
4058,1.34353
4059,0.732494
4060,0.820124
4061,0.450184
4062,0.844678
4063,1.61462
4064,1.74892
4065,0.279431
4066,1.19925
4067,0.558221
4068,1.08032
4069,1.10838
4070,0.725206
4071,1.63886
4072,0.674759
4073,0.549855
4074,0.642043
4075,1.21203
4076,1.27967
4077,0.814892
4078,0.610547
4079,0.753369
4080,0.966485
4081,0.953849
4082,0.899155
4083,2.27368
4084,2.08632
4085,1.13655
4086,0.714766
4087,0.321422
4088,1.57067
4089,0.829029
4090,0.844424
4091,1.65732
4092,1.44528
4093,0.984767
4094,0.680927
4095,0.54194
4096,1.53618
4097,1.73863
4098,1.31337
4099,1.0709
4100,1.20659
4101,0.91555
4102,0.671931
4103,0.502329
4104,1.71104
4105,2.41235
4106,1.15685
4107,0.635845
4108,0.510788
4109,0.612933
4110,0.421431
4111,1.0661
4112,0.813264
4113,0.580886
4114,0.656259
4115,0.528612
4116,0.415904
4117,0.498775
4118,2.05628
4119,0.497779
4120,2.46083
4121,0.670857
4122,0.736755
4123,0.902668
4124,1.62808
4125,0.924493
4126,1.03041
4127,1.26327
4128,1.37081
4129,0.887098
4130,0.690251
4131,0.759952
4132,0.714194
4133,0.362765
4134,0.381441
4135,0.952667
4136,0.751638
4137,1.26693
4138,0.90713
4139,0.890831
4140,1.37314
4141,2.93292
4142,1.20913
4143,0.873541
4144,0.774065
4145,2.23513
4146,1.80742
4147,1.53864
4148,1.53634
4149,0.482922
4150,1.1293
4151,1.34084
4152,1.49257
4153,2.25038
4154,0.447177
4155,1.25521
4156,0.781531
4157,0.603807
