MDTU,link
1,0.909173
2,0.908892
3,0.909199
4,0.913966
5,0.914316
6,0.914316
7,0.915168
8,0.91566
9,0.918312
10,0.916046
11,0.91901
12,0.922058
13,0.918913
14,0.921569
15,0.923186
16,0.922912
17,0.922443
18,0.923759
19,0.923806
20,0.923441
21,0.923441
22,0.925412
23,0.926294
24,0.923978
25,0.924369
26,0.924369
27,0.924369
28,0.92333
29,0.92333
30,0.925807
31,0.924352
32,0.924352
33,0.924337
34,0.922914
35,0.923893
36,0.923893
37,0.923893
38,0.924166
39,0.925504
40,0.930711
41,0.931345
42,0.936581
43,0.936456
44,0.936101
45,0.936101
46,0.938874
47,0.938862
48,0.936438
49,0.934195
50,0.935699
51,0.934809
52,0.934809
53,0.938088
54,0.938088
55,0.933848
56,0.933242
57,0.93542
58,0.934303
59,0.937828
60,0.937828
61,0.937828
62,0.936797
63,0.935384
64,0.937127
65,0.94144
66,0.940218
67,0.940218
68,0.940218
69,0.942609
70,0.942609
71,0.946562
72,0.946646
73,0.94688
74,0.948175
75,0.948231
76,0.947327
77,0.94509
78,0.946244
79,0.946244
80,0.946244
81,0.947121
82,0.947121
83,0.948625
84,0.949283
85,0.949283
86,0.949283
87,0.953523
88,0.951865
89,0.951929
90,0.951929
91,0.951929
92,0.951929
93,0.951929
94,0.953208
95,0.953208
96,0.951599
97,0.95009
98,0.951413
99,0.951413
100,0.954066
101,0.952355
102,0.954463
103,0.953471
104,0.956171
105,0.958475
106,0.95848
107,0.957425
108,0.957425
109,0.957425
110,0.960961
111,0.962062
112,0.962887
113,0.964833
114,0.964833
115,0.965197
116,0.964772
117,0.962611
118,0.963224
119,0.96378
120,0.963095
121,0.966076
122,0.966076
123,0.965943
124,0.966659
125,0.96744
126,0.968665
127,0.967287
128,0.969774
129,0.968833
130,0.971252
131,0.970846
132,0.972089
133,0.971063
134,0.974899
135,0.97236
136,0.973958
137,0.971119
138,0.971156
139,0.971872
140,0.971872
141,0.975486
142,0.97217
143,0.978605
144,0.977616
145,0.978916
146,0.976795
147,0.97871
148,0.981792
149,0.981013
150,0.981598
151,0.981598
152,0.981598
153,0.981718
154,0.981718
155,0.983914
156,0.983451
157,0.986022
158,0.985798
159,0.985798
160,0.985798
161,0.985459
162,0.984429
163,0.980633
164,0.98037
165,0.979757
166,0.979757
167,0.985796
168,0.983766
169,0.987333
170,0.987608
171,0.987608
172,0.989613
173,0.98751
174,0.988945
175,0.987748
176,0.987748
177,0.987748
178,0.988377
179,0.988377
180,0.991983
181,0.991983
182,0.987733
183,0.98514
184,0.98514
185,0.984617
186,0.984617
187,0.984785
188,0.983309
189,0.98269
190,0.982891
191,0.982891
192,0.977973
193,0.979599
194,0.979599
195,0.980907
196,0.980907
197,0.982669
198,0.983539
199,0.98537
200,0.98537
201,0.984089
202,0.984268
203,0.982578
204,0.983619
205,0.983619
206,0.983619
207,0.986538
208,0.982805
209,0.984691
210,0.984691
211,0.984691
212,0.984691
213,0.983773
214,0.984591
215,0.986071
216,0.983688
217,0.983738
218,0.984743
219,0.985801
220,0.984202
221,0.984865
222,0.985043
223,0.986009
224,0.986151
225,0.984233
226,0.984233
227,0.984723
228,0.985181
229,0.985954
230,0.985149
231,0.985535
232,0.986253
233,0.986794
234,0.989033
235,0.991372
236,0.991372
237,0.991372
238,0.987693
239,0.988023
240,0.99014
241,0.991754
242,0.991495
243,0.993418
244,0.993418
245,0.994249
246,0.994249
247,0.99571
248,0.994539
249,0.993695
250,0.993695
251,0.994766
252,0.996975
253,0.996975
254,0.997436
255,0.997458
256,0.997347
257,0.995816
258,0.994215
259,0.994059
260,0.994873
261,0.994873
262,0.99097
263,0.992821
264,0.995029
265,0.993587
266,0.993587
267,0.993587
268,0.995727
269,0.993489
270,0.994833
271,0.995731
272,0.995829
273,0.993619
274,0.996575
275,0.993041
276,0.992555
277,0.992555
278,0.995952
279,0.997446
280,0.998526
281,0.996439
282,0.999819
283,0.999819
284,0.993095
285,0.992123
286,0.994131
287,0.994131
288,0.992066
289,0.992771
290,0.996311
291,0.995833
292,0.995833
293,0.993427
294,0.992663
295,0.99171
296,0.993348
297,0.993701
298,0.994605
299,0.995302
300,0.995838
301,0.99178
302,0.990963
303,0.990963
304,0.993219
305,0.99236
306,0.989032
307,0.989032
308,0.987105
309,0.987105
310,0.987105
311,0.986653
312,0.987552
313,0.986762
314,0.987383
315,0.988962
316,0.987045
317,0.983446
318,0.986607
319,0.986083
320,0.987131
321,0.985941
322,0.987304
323,0.986611
324,0.989173
325,0.986495
326,0.987846
327,0.989332
328,0.989332
329,0.990874
330,0.9928
331,0.996022
332,0.993083
333,0.99506
334,0.995456
335,0.992236
336,0.992236
337,0.99419
338,0.99419
339,0.997403
340,0.996428
341,0.996428
342,0.996428
343,0.995641
344,0.995641
345,0.994514
346,0.994869
347,0.994869
348,0.994509
349,0.996298
350,0.992644
351,0.992644
352,0.994157
353,0.989896
354,0.990015
355,0.990595
356,0.992224
357,0.993097
358,0.993097
359,0.993396
360,0.996944
361,0.996551
362,1.0001
363,1.00068
364,1.00068
365,1.00068
366,1.00068
367,1.00068
368,0.999645
369,0.999403
370,0.999669
371,0.999669
372,1.00285
373,1.00129
374,1.00215
375,0.998571
376,0.998571
377,0.99937
378,1.00043
379,1.00043
380,0.99807
381,0.99807
382,0.998498
383,0.998477
384,0.998477
385,0.996534
386,0.997448
387,0.996064
388,0.994998
389,0.994947
390,0.995227
391,0.995227
392,0.994596
393,0.998396
394,0.99869
395,1.00121
396,0.998703
397,1.00134
398,1.00056
399,1.00056
400,1.00056
401,1.00252
402,1.00276
403,1.00286
404,1.00308
405,1.00308
406,1.00308
407,1.00439
408,1.00159
409,1.00263
410,1.00637
411,1.00396
412,1.00388
413,1.00388
414,1.00393
415,1.00393
416,1.00214
417,1.00191
418,1.00191
419,0.9985
420,0.9985
421,0.999692
422,0.998133
423,0.997415
424,0.998674
425,0.997185
426,0.997185
427,1.0012
428,1.00257
429,1.00202
430,1.00202
431,0.998374
432,0.998374
433,0.998374
434,0.999162
435,0.999262
436,0.999262
437,0.998679
438,0.997604
439,0.997964
440,0.997159
441,0.996998
442,0.9959
443,0.995711
444,0.999823
445,1.00015
446,0.995728
447,0.993689
448,0.991615
449,0.991062
450,0.995889
451,0.99624
452,0.991595
453,0.991836
454,0.991016
455,0.996611
456,0.99562
457,1.00018
458,1.00018
459,0.999314
460,0.998531
461,0.997653
462,0.997653
463,0.997653
464,0.998007
465,0.995968
466,0.994334
467,0.993901
468,0.992418
469,0.991435
470,0.992948
471,0.993396
472,0.994238
473,0.997101
474,0.996153
475,0.997394
476,0.997038
477,0.997417
478,0.997417
479,0.995102
480,0.997169
481,0.997911
482,0.995965
483,0.995965
484,0.995796
485,0.994691
486,0.991524
487,0.991524
488,0.992912
489,0.990263
490,0.992752
491,0.997844
492,0.994344
493,0.994344
494,0.993564
495,0.996545
496,0.998319
497,1.00131
498,1.00458
499,1.00458
500,1.00522
501,1.00629
502,1.00318
503,1.00366
504,1.00211
505,1.0025
506,1.00178
507,1.00084
508,1.00222
509,1.0033
510,1.00017
511,1.00017
512,1.00017
513,0.999364
514,0.999364
515,0.997419
516,0.996608
517,0.996608
518,0.999002
519,1.00097
520,1.00173
521,1.00048
522,0.996592
523,1.00017
524,1.00275
525,1.00275
526,1.00364
527,1.00581
528,1.00316
529,1.00316
530,1.00372
531,1.00527
532,1.00178
533,1.00402
534,1.0035
535,1.0018
536,1.0018
537,1.0014
538,1.0021
539,1.00447
540,1.00447
541,1.00586
542,1.00586
543,1.00636
544,1.00472
545,1.00285
546,1.00408
547,1.00475
548,1.00229
549,1.00131
550,1.00098
551,0.999869
552,0.999615
553,1.00083
554,1.00083
555,0.997636
556,1.00033
557,1.00065
558,1.00061
559,1.00176
560,1.00365
561,1.00365
562,1.00365
563,1.00391
564,1.0056
565,1.0037
566,1.0037
567,1.00681
568,1.00679
569,1.01033
570,1.01083
571,1.0105
572,1.00806
573,1.01197
574,1.01197
575,1.01257
576,1.00981
577,1.00981
578,1.01358
579,1.01406
580,1.01315
581,1.0141
582,1.01425
583,1.01138
584,1.01274
585,1.01221
586,1.01124
587,1.01334
588,1.01356
589,1.01493
590,1.01457
591,1.01235
592,1.01289
593,1.01289
594,1.01289
595,1.0126
596,1.0126
597,1.0126
598,1.01365
599,1.01733
600,1.01582
601,1.01407
602,1.01121
603,1.01121
604,1.00982
605,1.01293
606,1.0118
607,1.01095
608,1.00928
609,1.00781
610,1.00662
611,1.00935
612,1.00983
613,1.0112
614,1.00933
615,1.00807
616,1.00751
617,1.00832
618,1.0083
619,1.00939
620,1.00939
621,1.0122
622,1.00852
623,1.00852
624,1.00578
625,1.00819
626,1.00819
627,1.00603
628,1.01132
629,1.01234
630,1.01561
631,1.01449
632,1.01869
633,1.01809
634,1.01809
635,1.01697
636,1.01501
637,1.01447
638,1.01744
639,1.01744
640,1.01963
641,1.02042
642,1.02227
643,1.02049
644,1.02011
645,1.02333
646,1.02228
647,1.02338
648,1.02477
649,1.02216
650,1.02073
651,1.02049
652,1.02063
653,1.01873
654,1.02285
655,1.01912
656,1.01932
657,1.01932
658,1.01789
659,1.01972
660,1.01905
661,1.01235
662,1.01535
663,1.01281
664,1.01281
665,1.01072
666,1.00966
667,1.00966
668,1.00822
669,1.00869
670,1.00995
671,1.00995
672,1.00948
673,1.00921
674,1.00822
675,1.01222
676,1.01201
677,1.01257
678,1.01257
679,1.01295
680,1.0108
681,1.0108
682,1.00882
683,1.00856
684,1.00945
685,1.00945
686,1.00971
687,1.01281
688,1.01256
689,1.0163
690,1.0133
691,1.01371
692,1.01359
693,1.01519
694,1.01561
695,1.01608
696,1.01599
697,1.02031
698,1.02046
699,1.02207
700,1.02004
701,1.02064
702,1.02299
703,1.02327
704,1.02605
705,1.02276
706,1.02276
707,1.01955
708,1.02353
709,1.02353
710,1.02149
711,1.02116
712,1.02002
713,1.01953
714,1.02231
715,1.01922
716,1.01791
717,1.01652
718,1.01652
719,1.01431
720,1.01785
721,1.01785
722,1.02158
723,1.02197
724,1.02144
725,1.0243
726,1.02412
727,1.02504
728,1.02073
729,1.02147
730,1.02147
731,1.01916
732,1.01854
733,1.02018
734,1.01979
735,1.01817
736,1.01817
737,1.01896
738,1.01812
739,1.01812
740,1.01812
741,1.01814
742,1.01699
743,1.01271
744,1.01102
745,1.01152
746,1.01152
747,1.01368
748,1.01189
749,1.01233
750,1.01105
751,1.01192
752,1.01643
753,1.01641
754,1.01697
755,1.01522
756,1.01522
757,1.01585
758,1.01585
759,1.01639
760,1.01647
761,1.01354
762,1.01597
763,1.01872
764,1.01371
765,1.0125
766,1.01466
767,1.01676
768,1.01469
769,1.01556
770,1.01556
771,1.01777
772,1.01632
773,1.01464
774,1.01411
775,1.01503
776,1.0138
777,1.01583
778,1.01375
779,1.01497
780,1.01606
781,1.01884
782,1.01785
783,1.01785
784,1.01593
785,1.01859
786,1.0186
787,1.01877
788,1.0198
789,1.02103
790,1.01889
791,1.01962
792,1.01912
793,1.0214
794,1.02358
795,1.02355
796,1.02277
797,1.02107
798,1.02305
799,1.01922
800,1.02022
801,1.02512
802,1.02363
803,1.02068
804,1.02055
805,1.01724
806,1.01724
807,1.01958
808,1.01969
809,1.02194
810,1.0216
811,1.02136
812,1.01661
813,1.01442
814,1.01487
815,1.01487
816,1.0142
817,1.01072
818,1.01072
819,1.01568
820,1.01593
821,1.01512
822,1.01664
823,1.01489
824,1.0141
825,1.01524
826,1.01624
827,1.01793
828,1.01793
829,1.01734
830,1.01779
831,1.01826
832,1.01826
833,1.01666
834,1.01759
835,1.01759
836,1.01815
837,1.01601
838,1.0197
839,1.01996
840,1.01996
841,1.0208
842,1.0179
843,1.01912
844,1.019
845,1.019
846,1.01711
847,1.01958
848,1.02098
849,1.02218
850,1.02226
851,1.02035
852,1.01976
853,1.02128
854,1.0179
855,1.0179
856,1.01667
857,1.01771
858,1.01842
859,1.01965
860,1.01816
861,1.02098
862,1.01991
863,1.01991
864,1.02123
865,1.02115
866,1.02097
867,1.01981
868,1.0169
869,1.02149
870,1.02149
871,1.02098
872,1.01981
873,1.0187
874,1.01703
875,1.01554
876,1.01501
877,1.01592
878,1.01592
879,1.0138
880,1.01619
881,1.01507
882,1.01507
883,1.01245
884,1.01191
885,1.01337
886,1.01337
887,1.01367
888,1.01367
889,1.01502
890,1.014
891,1.01558
892,1.01087
893,1.01087
894,1.01125
895,1.00994
896,1.01295
897,1.01352
898,1.01352
899,1.0141
900,1.0141
901,1.01019
902,1.01357
903,1.01151
904,1.01114
905,1.01114
906,1.01131
907,1.01018
908,1.009
909,1.01075
910,1.0133
911,1.01265
912,1.01218
913,1.01266
914,1.01266
915,1.01274
916,1.01164
917,1.00781
918,1.00765
919,1.00806
920,1.00924
921,1.01179
922,1.01424
923,1.01168
924,1.01168
925,1.01152
926,1.00999
927,1.01032
928,1.01215
929,1.01296
930,1.01175
931,1.00877
932,1.00877
933,1.00889
934,1.00769
935,1.01082
936,1.00776
937,1.01152
938,1.01152
939,1.01298
940,1.01519
941,1.01295
942,1.01384
943,1.016
944,1.01447
945,1.0137
946,1.01531
947,1.01531
948,1.01531
949,1.01531
950,1.01436
951,1.01436
952,1.01465
953,1.01877
954,1.01877
955,1.0196
956,1.01709
957,1.01748
958,1.01786
959,1.01477
960,1.01493
961,1.01625
962,1.0184
963,1.0184
964,1.01877
965,1.01751
966,1.01751
967,1.01769
968,1.01618
969,1.01707
970,1.01944
971,1.0201
972,1.0201
973,1.0201
974,1.01877
975,1.0195
976,1.02045
977,1.0173
978,1.01702
979,1.01922
980,1.01867
981,1.0203
982,1.02115
983,1.02171
984,1.01934
985,1.01961
986,1.01997
987,1.01997
988,1.01884
989,1.01884
990,1.01779
991,1.01481
992,1.01386
993,1.01511
994,1.01171
995,1.01231
996,1.01231
997,1.01231
998,1.01435
999,1.01379
1000,1.01496
1001,1.01784
1002,1.01953
1003,1.01642
1004,1.01642
1005,1.01642
1006,1.01686
1007,1.01609
1008,1.01038
1009,1.00904
1010,1.00904
1011,1.00904
1012,1.00618
1013,1.00919
1014,1.00634
1015,1.00766
1016,1.00793
1017,1.00793
1018,1.00925
1019,1.00925
1020,1.01303
1021,1.0134
1022,1.01489
1023,1.01309
1024,1.01174
1025,1.01151
1026,1.01085
1027,1.00735
1028,1.00735
1029,1.01236
1030,1.01028
1031,1.0092
1032,1.01104
1033,1.01167
1034,1.01167
1035,1.01167
1036,1.01037
1037,1.01129
1038,1.01193
1039,1.00952
1040,1.00911
1041,1.00554
1042,1.0109
1043,1.0086
1044,1.00999
1045,1.00999
1046,1.01043
1047,1.01201
1048,1.01001
1049,1.01016
1050,1.00521
1051,1.00619
1052,1.0073
1053,1.00751
1054,1.00586
1055,1.00586
1056,1.0038
1057,1.0038
1058,1.00216
1059,1.0056
1060,1.00488
1061,1.00774
1062,1.00712
1063,1.00466
1064,1.00593
1065,1.00593
1066,1.00593
1067,1.00845
1068,1.00989
1069,1.00905
1070,1.01331
1071,1.01137
1072,1.00797
1073,1.01092
1074,1.00696
1075,1.00696
1076,1.00657
1077,1.00673
1078,1.00332
1079,1.0033
1080,1.0033
1081,1.0033
1082,1.00601
1083,1.00601
1084,1.00519
1085,1.00597
1086,1.00379
1087,1.00351
1088,1.00503
1089,1.00503
1090,1.0087
1091,1.00436
1092,1.0037
1093,1.0037
1094,1.0037
1095,1.00366
1096,1.00158
1097,1.00244
1098,1.00227
1099,1.00227
1100,1.00109
1101,0.999207
1102,0.99952
1103,1.00053
1104,0.998965
1105,0.998464
1106,0.99902
1107,0.99902
1108,1.00155
1109,1.00155
1110,1.0036
1111,0.999528
1112,1.00157
1113,1.00507
1114,1.00214
1115,1.00284
1116,1.00347
1117,1.00347
1118,1.00347
1119,1.0023
1120,1.00156
1121,1.00217
1122,1.00098
1123,1.00147
1124,1.00267
1125,1.00285
1126,1.00194
1127,0.998832
1128,0.996165
1129,0.999099
1130,0.998828
1131,0.999465
1132,0.99994
1133,0.998085
1134,0.998379
1135,0.999347
1136,0.99672
1137,0.99672
1138,0.998308
1139,0.999693
1140,0.99851
1141,0.999307
1142,0.997011
1143,0.996228
1144,0.99723
1145,0.996563
1146,0.995859
1147,0.998171
1148,0.997472
1149,0.998972
1150,0.9998
1151,1.00058
1152,0.997295
1153,0.997295
1154,0.997295
1155,0.997295
1156,0.994798
1157,0.994798
1158,0.996282
1159,0.995144
1160,0.997194
1161,0.995844
1162,0.995844
1163,0.996751
1164,0.996751
1165,0.999765
1166,0.999765
1167,0.999955
1168,0.999997
1169,0.998692
1170,0.99981
1171,1.00403
1172,1.00403
1173,1.00216
1174,1.00077
1175,0.997406
1176,0.997875
1177,0.999106
1178,0.994978
1179,0.993719
1180,0.994811
1181,0.999475
1182,1.00135
1183,1.00042
1184,1.00042
1185,0.998393
1186,0.997961
1187,0.997961
1188,0.997961
1189,0.996778
1190,0.995128
1191,0.995128
1192,0.996333
1193,0.995967
1194,0.996379
1195,0.996379
1196,0.997063
1197,0.996946
1198,0.995487
1199,0.995487
1200,0.995956
1201,0.997486
1202,0.997422
1203,0.997422
1204,0.997742
1205,0.997467
1206,0.997467
1207,0.998238
1208,1.00261
1209,0.998526
1210,0.998526
1211,0.998526
1212,0.994546
1213,0.994546
1214,0.996468
1215,0.997024
1216,0.995844
1217,0.995844
1218,0.995844
1219,0.998521
1220,0.996561
1221,0.996203
1222,0.994548
1223,0.99494
1224,0.992785
1225,0.995811
1226,0.996872
1227,0.996872
1228,0.996991
1229,0.994058
1230,0.993699
1231,0.994686
1232,0.994686
1233,0.990198
1234,0.99313
1235,0.994724
1236,0.994724
1237,0.994991
1238,0.99719
1239,0.99719
1240,0.998407
1241,0.996706
1242,0.996706
1243,0.999577
1244,0.99476
1245,0.995922
1246,0.995922
1247,0.994339
1248,0.994763
1249,0.994763
1250,0.993924
1251,0.992906
1252,0.993007
1253,0.994095
1254,0.994095
1255,0.997976
1256,0.997663
1257,0.997919
1258,0.998953
1259,0.996991
1260,1.00047
1261,1.00036
1262,1.00036
1263,1.00177
1264,0.999874
1265,1.0019
1266,1.0012
1267,1.0012
1268,1.0012
1269,1.00325
1270,1.00325
1271,1.00408
1272,1.00432
1273,1.00432
1274,1.00108
1275,1.00108
1276,1.0022
1277,1.0022
1278,1.00282
1279,1.0036
1280,1.00498
1281,1.00258
1282,1.00399
1283,1.00284
1284,1.00116
1285,0.998682
1286,0.997614
1287,0.997614
1288,0.998303
1289,0.99942
1290,0.998728
1291,0.998728
1292,0.999963
1293,0.999963
1294,1.00126
1295,0.999584
1296,0.998361
1297,1.00458
1298,0.999546
1299,1.00247
1300,1.00352
1301,1.00266
1302,1.00301
1303,1.00478
1304,1.00594
1305,1.00399
1306,1.00303
1307,1.00152
1308,1.00279
1309,1.00348
1310,1.0051
1311,1.00373
1312,1.00194
1313,1.00249
1314,1.00515
1315,1.00343
1316,1.00203
1317,1.00474
1318,1.00703
1319,1.00703
1320,1.00818
1321,1.00637
1322,1.00311
1323,1.00575
1324,1.00261
1325,1.00261
1326,1.00301
1327,1.00089
1328,1.00089
1329,1.00089
1330,1.00307
1331,1.00715
1332,1.00715
1333,1.00413
1334,1.00262
1335,1.00128
1336,1.00462
1337,1.00103
1338,1.00218
1339,1.00321
1340,1.00321
1341,1.00123
1342,0.996344
1343,0.996303
1344,0.996303
1345,0.997044
1346,0.997044
1347,0.997044
1348,0.99968
1349,0.999255
1350,1.00025
1351,1.00287
1352,1.00375
1353,0.99995
1354,1.00416
1355,1.00279
1356,1.00591
1357,1.00478
1358,1.00433
1359,1.00493
1360,1.00733
1361,1.00842
1362,1.00631
1363,1.00642
1364,1.0049
1365,1.0049
1366,1.00517
1367,1.00517
1368,1.00561
1369,1.00744
1370,1.0068
1371,1.00722
1372,1.00614
1373,1.0047
1374,1.0047
1375,1.0047
1376,1.00411
1377,1.00411
1378,1.00411
1379,1.00376
1380,1.00376
1381,1.00687
1382,1.00996
1383,1.00559
1384,1.00559
1385,1.00752
1386,1.00752
1387,1.00936
1388,1.00936
1389,1.00903
1390,1.00687
1391,1.00543
1392,1.0039
1393,1.00496
1394,1.0043
1395,1.00352
1396,1.00367
1397,1.00221
1398,1.00221
1399,1.00699
1400,1.00579
1401,1.00579
1402,1.00579
1403,1.00579
1404,1.00665
1405,1.00808
1406,1.00952
1407,1.00757
1408,1.00727
1409,1.00704
1410,1.00672
1411,1.00672
1412,1.00307
1413,1.00237
1414,1.00043
1415,0.998491
1416,0.996369
1417,0.996369
1418,1.00095
1419,1.00607
1420,1.00607
1421,1.00779
1422,1.00578
1423,1.00578
1424,1.00578
1425,1.00872
1426,1.00602
1427,1.01055
1428,1.01192
1429,1.01192
1430,1.01036
1431,1.01281
1432,1.01169
1433,1.00996
1434,1.0099
1435,1.00777
1436,1.00866
1437,1.00663
1438,1.00707
1439,1.00707
1440,1.00617
1441,1.008
1442,1.0109
1443,1.00978
1444,1.00978
1445,1.01116
1446,1.01125
1447,1.01324
1448,1.01231
1449,1.01151
1450,1.01384
1451,1.01384
1452,1.01076
1453,1.0112
1454,1.0082
1455,1.00801
1456,1.00801
1457,1.00987
1458,1.01186
1459,1.01253
1460,1.01076
1461,1.01205
1462,1.01289
1463,1.01281
1464,1.0142
1465,1.01532
1466,1.01391
1467,1.0146
1468,1.01551
1469,1.01551
1470,1.01551
1471,1.01551
1472,1.01331
1473,1.01331
1474,1.01331
1475,1.01343
1476,1.01294
1477,1.01479
1478,1.01449
1479,1.01424
1480,1.01338
1481,1.01338
1482,1.01332
1483,1.01469
1484,1.01677
1485,1.01739
1486,1.01604
1487,1.01587
1488,1.01541
1489,1.01574
1490,1.01685
1491,1.01852
1492,1.02127
1493,1.02024
1494,1.02158
1495,1.02158
1496,1.02511
1497,1.02159
1498,1.02159
1499,1.02213
1500,1.01872
1501,1.01876
1502,1.01975
1503,1.01904
1504,1.01979
1505,1.01979
1506,1.02446
1507,1.02446
1508,1.02436
1509,1.02363
1510,1.02198
1511,1.02117
1512,1.02187
1513,1.01914
1514,1.01914
1515,1.01966
1516,1.01753
1517,1.02205
1518,1.02063
1519,1.02063
1520,1.01974
1521,1.02054
1522,1.01712
1523,1.01892
1524,1.01883
1525,1.01956
1526,1.02019
1527,1.02031
1528,1.01941
1529,1.02038
1530,1.02038
1531,1.01783
1532,1.02322
1533,1.01982
1534,1.02069
1535,1.02144
1536,1.02218
1537,1.02109
1538,1.01643
1539,1.02067
1540,1.0218
1541,1.02299
1542,1.02152
1543,1.02249
1544,1.02249
1545,1.02284
1546,1.02637
1547,1.02566
1548,1.02714
1549,1.02714
1550,1.02649
1551,1.02763
1552,1.02862
1553,1.03175
1554,1.03217
1555,1.03308
1556,1.03126
1557,1.03332
1558,1.03282
1559,1.03282
1560,1.03105
1561,1.03061
1562,1.02878
1563,1.02628
1564,1.02846
1565,1.02943
1566,1.03017
1567,1.03511
1568,1.02964
1569,1.02997
1570,1.02943
1571,1.02943
1572,1.0322
1573,1.03209
1574,1.03209
1575,1.03342
1576,1.03496
1577,1.03642
1578,1.03708
1579,1.03558
1580,1.03652
1581,1.03477
1582,1.03695
1583,1.03545
1584,1.03326
1585,1.03326
1586,1.034
1587,1.03348
1588,1.03084
1589,1.02771
1590,1.02833
1591,1.02858
1592,1.03105
1593,1.0328
1594,1.03241
1595,1.03239
1596,1.03107
1597,1.03179
1598,1.02766
1599,1.02526
1600,1.02477
1601,1.02477
1602,1.02178
1603,1.02215
1604,1.0228
1605,1.02456
1606,1.02735
1607,1.02615
1608,1.02615
1609,1.02408
1610,1.02455
1611,1.02557
1612,1.0225
1613,1.0215
1614,1.02526
1615,1.02875
1616,1.02639
1617,1.02821
1618,1.02821
1619,1.02821
1620,1.02744
1621,1.02552
1622,1.0248
1623,1.02451
1624,1.02907
1625,1.03224
1626,1.03082
1627,1.02466
1628,1.02466
1629,1.02452
1630,1.02284
1631,1.02284
1632,1.02498
1633,1.02349
1634,1.0195
1635,1.0201
1636,1.02141
1637,1.01982
1638,1.02006
1639,1.01882
1640,1.0165
1641,1.01594
1642,1.01405
1643,1.01655
1644,1.01826
1645,1.01826
1646,1.01826
1647,1.01647
1648,1.01804
1649,1.01605
1650,1.01562
1651,1.01508
1652,1.01583
1653,1.01646
1654,1.0156
1655,1.01174
1656,1.01505
1657,1.01417
1658,1.01435
1659,1.0114
1660,1.01234
1661,1.01085
1662,1.01085
1663,1.01085
1664,1.01346
1665,1.01417
1666,1.01014
1667,1.00736
1668,1.00796
1669,1.00476
1670,1.00476
1671,1.00618
1672,1.00631
1673,1.00531
1674,1.00531
1675,1.00529
1676,1.00529
1677,1.00507
1678,1.00686
1679,1.0062
1680,1.0062
1681,1.0062
1682,1.0076
1683,1.00417
1684,1.00334
1685,1.0023
1686,1.00221
1687,1.00221
1688,1.00438
1689,1.00019
1690,0.998799
1691,0.998799
1692,0.995392
1693,0.996153
1694,0.996214
1695,1.00031
1696,0.998532
1697,1.00027
1698,1.00027
1699,0.999686
1700,1.00011
1701,0.999032
1702,0.999818
1703,1.00134
1704,1.00255
1705,1.00255
1706,1.00412
1707,1.00572
1708,1.00627
1709,1.00574
1710,1.00159
1711,1.00159
1712,1.00375
1713,1.00343
1714,1.00485
1715,1.00514
1716,1.00635
1717,1.00655
1718,1.00776
1719,1.00693
1720,1.00767
1721,1.0068
1722,1.00601
1723,1.00525
1724,1.00525
1725,1.00433
1726,1.00517
1727,1.01014
1728,1.01014
1729,1.00927
1730,1.00751
1731,1.01239
1732,1.01049
1733,1.01113
1734,1.01113
1735,1.00922
1736,1.00909
1737,1.00636
1738,1.00636
1739,1.00386
1740,1.00386
1741,1.00386
1742,1.00386
1743,1.0041
1744,1.0065
1745,1.00767
1746,1.00671
1747,1.00843
1748,1.007
1749,1.00668
1750,1.0064
1751,1.00664
1752,1.00649
1753,1.00874
1754,1.00874
1755,1.00874
1756,1.00993
1757,1.00993
1758,1.01202
1759,1.01164
1760,1.00833
1761,1.00833
1762,1.00665
1763,1.00904
1764,1.00904
1765,1.00848
1766,1.00752
1767,1.01221
1768,1.01156
1769,1.01073
1770,1.01073
1771,1.01012
1772,1.00825
1773,1.00905
1774,1.00929
1775,1.00963
1776,1.00813
1777,1.00861
1778,1.0098
1779,1.00818
1780,1.00985
1781,1.00985
1782,1.01152
1783,1.01205
1784,1.012
1785,1.01249
1786,1.01305
1787,1.00779
1788,1.00805
1789,1.00766
1790,1.00764
1791,1.00534
1792,1.00433
1793,1.00382
1794,1.00614
1795,1.00671
1796,1.00707
1797,1.00734
1798,1.00734
1799,1.00778
1800,1.00903
1801,1.00858
1802,1.00429
1803,1.00469
1804,1.00447
1805,1.00447
1806,1.00406
1807,1.00399
1808,1.0039
1809,1.00309
1810,1.00218
1811,1.00314
1812,1.00513
1813,1.0071
1814,1.00757
1815,1.00977
1816,1.00836
1817,1.00703
1818,1.00398
1819,1.00398
1820,1.00398
1821,1.00681
1822,1.00681
1823,1.00808
1824,1.00529
1825,1.00737
1826,1.007
1827,1.01051
1828,1.00623
1829,1.00997
1830,1.00997
1831,1.0098
1832,1.0098
1833,1.00898
1834,1.00898
1835,1.00599
1836,1.00738
1837,1.00829
1838,1.00829
1839,1.012
1840,1.012
1841,1.00731
1842,1.00571
1843,1.00647
1844,1.00471
1845,1.00903
1846,1.00482
1847,1.00835
1848,1.00871
1849,1.00729
1850,1.00722
1851,1.00884
1852,1.00884
1853,1.0051
1854,1.0065
1855,1.00601
1856,1.00474
1857,1.00633
1858,1.00633
1859,1.00795
1860,1.00795
1861,1.0042
1862,1.0042
1863,1.00722
1864,1.00505
1865,1.00301
1866,1.00484
1867,1.00259
1868,1.00323
1869,1.00531
1870,1.00531
1871,1.00531
1872,1.00611
1873,1.00611
1874,1.00569
1875,1.00464
1876,1.00137
1877,1.00352
1878,1.00257
1879,0.999549
1880,0.998359
1881,0.998251
1882,0.998251
1883,0.998034
1884,0.999207
1885,0.995642
1886,0.994912
1887,0.992396
1888,0.994631
1889,0.993763
1890,0.992864
1891,0.996285
1892,0.996285
1893,0.996285
1894,0.999313
1895,0.999313
1896,0.999503
1897,0.999505
1898,1.00029
1899,1.00021
1900,1.00021
1901,1.00249
1902,1.00094
1903,1.00094
1904,1.00294
1905,1.00029
1906,1.00227
1907,1.00469
1908,1.00361
1909,1.00712
1910,1.00712
1911,1.00679
1912,1.00717
1913,1.00947
1914,1.00936
1915,1.0089
1916,1.0089
1917,1.0096
1918,1.00664
1919,1.00753
1920,1.00856
1921,1.00705
1922,1.00705
1923,1.00708
1924,1.00753
1925,1.00669
1926,1.00663
1927,1.00651
1928,1.00651
1929,1.00659
1930,1.00172
1931,0.99974
1932,0.996837
1933,0.995787
1934,0.995787
1935,0.995815
1936,0.997684
1937,1.00035
1938,0.995403
1939,0.993062
1940,0.989994
1941,0.991492
1942,0.992984
1943,0.993927
1944,0.993966
1945,0.997071
1946,0.997071
1947,0.995058
1948,0.993674
1949,0.991614
1950,0.993775
1951,0.994398
1952,0.993523
1953,0.993622
1954,0.993622
1955,0.991664
1956,0.992634
1957,0.992634
1958,0.992634
1959,0.995844
1960,0.996386
1961,0.996457
1962,1.0007
1963,0.998365
1964,1.00027
1965,0.998531
1966,0.999232
1967,0.997812
1968,0.998355
1969,0.997745
1970,0.997079
1971,0.998063
1972,1.00002
1973,0.997632
1974,0.996854
1975,0.997397
1976,0.996931
1977,0.996818
1978,0.996818
1979,0.997458
1980,0.995137
1981,0.995137
1982,0.994129
1983,0.995245
1984,0.994204
1985,0.994204
1986,0.994204
1987,0.995583
1988,0.996515
1989,0.995396
1990,0.993774
1991,0.992308
1992,0.993142
1993,0.992411
1994,0.993007
1995,0.995103
1996,0.996865
1997,0.994537
1998,0.994537
1999,0.992181
2000,0.992181
2001,0.993354
2002,0.992962
2003,0.995041
2004,0.992842
2005,0.99313
2006,0.994154
2007,0.992174
2008,0.990902
2009,0.994876
2010,0.998301
2011,1.00101
2012,1.00179
2013,1.00246
2014,0.999791
2015,1.00087
2016,1.00087
2017,0.999979
2018,1.00141
2019,1.00133
2020,1.00133
2021,0.999742
2022,1.00269
2023,1.00269
2024,1.00181
2025,1.00181
2026,0.998648
2027,0.993837
2028,0.997947
2029,0.996416
2030,0.995926
2031,0.999088
2032,0.998464
2033,0.998931
2034,0.999459
2035,0.998722
2036,0.998722
2037,0.997691
2038,0.997691
2039,0.995751
2040,0.995751
2041,0.995751
2042,0.993727
2043,0.993056
2044,0.996283
2045,0.996106
2046,0.996106
2047,0.994651
2048,0.99632
2049,0.996998
2050,1.002
2051,1.002
2052,1.002
2053,1.00431
2054,1.00455
2055,1.00271
2056,1.00191
2057,1.00191
2058,0.999677
2059,0.999959
2060,0.999768
2061,1.00256
2062,1.00087
2063,1.00187
2064,1.00245
2065,1.00274
2066,1.00177
2067,0.99822
2068,0.99822
2069,0.999074
2070,0.999074
2071,1.00084
2072,0.998985
2073,0.99946
2074,1.00108
2075,0.997609
2076,0.996321
2077,0.996198
2078,1.00086
2079,1.00062
2080,0.99642
2081,0.996502
2082,0.996502
2083,0.998201
2084,0.998826
2085,1.00055
2086,1.00364
2087,1.00333
2088,1.00333
2089,1.00622
2090,1.00851
2091,1.00636
2092,1.00435
2093,1.0056
2094,1.0056
2095,1.00525
2096,1.00458
2097,1.00458
2098,1.00458
2099,1.00376
2100,1.00372
2101,1.0088
2102,1.00395
2103,1.00479
2104,1.00479
2105,1.00592
2106,1.00476
2107,1.00112
2108,1.00249
2109,1.00053
2110,1.00131
2111,1.00126
2112,1.00126
2113,0.999167
2114,0.999167
2115,0.996519
2116,0.997902
2117,0.998723
2118,1.00346
2119,1.00162
2120,1.00372
2121,1.00324
2122,1.00303
2123,1.00434
2124,1.00434
2125,1.00434
2126,1.00716
2127,1.00946
2128,1.00946
2129,1.00853
2130,1.00563
2131,1.00321
2132,1.00216
2133,1.00505
2134,1.00505
2135,1.00543
2136,1.00182
2137,1.00337
2138,1.00502
2139,1.00652
2140,1.00418
2141,1.00812
2142,1.00812
2143,1.00594
2144,1.00918
2145,1.00746
2146,1.00591
2147,1.00578
2148,1.00777
2149,1.00828
2150,1.00769
2151,1.00915
2152,1.00447
2153,1.00584
2154,1.00507
2155,1.00782
2156,1.00514
2157,1.00577
2158,1.00566
2159,1.00626
2160,1.00602
2161,1.00309
2162,1.00502
2163,1.00502
2164,1.00798
2165,1.00537
2166,1.00537
2167,1.0048
2168,1.00483
2169,1.00483
2170,1.00328
2171,1.01033
2172,1.01209
2173,1.01287
2174,1.0127
2175,1.01338
2176,1.01396
2177,1.01431
2178,1.01266
2179,1.01259
2180,1.01259
2181,1.0124
2182,1.0124
2183,1.01417
2184,1.01172
2185,1.01117
2186,1.01117
2187,1.01274
2188,1.01504
2189,1.01386
2190,1.01734
2191,1.01641
2192,1.01622
2193,1.0176
2194,1.01655
2195,1.01692
2196,1.01692
2197,1.01699
2198,1.01699
2199,1.01699
2200,1.01663
2201,1.0196
2202,1.01933
2203,1.01782
2204,1.01556
2205,1.01529
2206,1.01529
2207,1.0118
2208,1.0139
2209,1.01348
2210,1.01592
2211,1.01141
2212,1.01141
2213,1.01288
2214,1.01006
2215,1.01231
2216,1.01072
2217,1.01093
2218,1.01035
2219,1.01307
2220,1.01451
2221,1.01672
2222,1.01672
2223,1.01433
2224,1.01595
2225,1.01592
2226,1.01659
2227,1.01739
2228,1.01846
2229,1.01746
2230,1.01846
2231,1.01592
2232,1.01816
2233,1.0147
2234,1.01476
2235,1.01476
2236,1.01476
2237,1.0119
2238,1.01239
2239,1.01492
2240,1.01212
2241,1.01212
2242,1.01212
2243,1.01264
2244,1.01073
2245,1.01073
2246,1.01266
2247,1.01266
2248,1.01337
2249,1.01337
2250,1.01337
2251,1.01125
2252,1.01125
2253,1.00618
2254,1.00795
2255,1.00926
2256,1.01129
2257,1.00851
2258,1.00822
2259,1.00888
2260,1.00774
2261,1.00966
2262,1.01016
2263,1.00827
2264,1.00965
2265,1.01178
2266,1.00922
2267,1.01271
2268,1.01271
2269,1.01333
2270,1.01645
2271,1.01375
2272,1.01255
2273,1.01302
2274,1.01336
2275,1.01169
2276,1.01187
2277,1.01102
2278,1.0164
2279,1.01436
2280,1.01497
2281,1.01312
2282,1.01249
2283,1.01324
2284,1.01324
2285,1.01639
2286,1.02002
2287,1.01895
2288,1.01863
2289,1.01553
2290,1.01908
2291,1.01905
2292,1.01854
2293,1.01854
2294,1.01475
2295,1.01467
2296,1.01179
2297,1.01225
2298,1.01274
2299,1.00991
2300,1.00859
2301,1.00859
2302,1.00859
2303,1.00511
2304,1.00445
2305,1.00381
2306,1.00298
2307,1.00298
2308,1.00414
2309,1.00414
2310,1.00719
2311,1.0082
2312,1.00903
2313,1.00839
2314,1.00839
2315,1.00574
2316,1.00408
2317,1.00219
2318,1.00374
2319,1.00374
2320,1.00362
2321,1.00438
2322,1.0049
2323,1.00901
2324,1.00816
2325,1.00834
2326,1.0077
2327,1.00493
2328,1.00493
2329,1.00374
2330,1.00374
2331,1.00293
2332,1.00253
2333,1.00405
2334,1.00289
2335,1.00395
2336,1.00709
2337,1.00856
2338,1.01108
2339,1.01181
2340,1.00653
2341,1.00644
2342,1.00563
2343,1.00414
2344,1.00414
2345,1.00359
2346,1.00681
2347,1.00826
2348,1.00799
2349,1.00773
2350,1.00739
2351,1.00895
2352,1.00878
2353,1.00593
2354,1.00385
2355,1.00062
2356,0.998213
2357,0.999296
2358,1.00009
2359,1.00009
2360,1.00096
2361,0.998725
2362,1.00222
2363,1.00262
2364,1.00093
2365,0.998135
2366,1.00121
2367,0.999711
2368,1.00396
2369,1.0008
2370,1.00071
2371,1.00087
2372,1.00536
2373,1.00352
2374,1.00282
2375,1.00249
2376,1.00153
2377,1.00142
2378,1.00474
2379,1.00157
2380,1.00157
2381,1.00202
2382,1.00163
2383,1.0015
2384,1.00125
2385,1.00064
2386,1.00325
2387,1.00325
2388,1.00325
2389,1.00426
2390,1.00634
2391,1.00258
2392,1.00092
2393,1.00126
2394,1.00035
2395,1.00388
2396,1.00253
2397,1.00253
2398,1.00389
2399,1.00326
2400,1.00282
2401,1.00103
2402,1.00344
2403,1.00344
2404,1.00174
2405,1.00174
2406,1.00176
2407,1.00332
2408,1.00552
2409,1.00899
2410,1.009
2411,1.00937
2412,1.0119
2413,1.01628
2414,1.01308
2415,1.0106
2416,1.00939
2417,1.00742
2418,1.00742
2419,1.01113
2420,1.01134
2421,1.00877
2422,1.00764
2423,1.00764
2424,1.00884
2425,1.01004
2426,1.00835
2427,1.00072
2428,0.999247
2429,0.998448
2430,0.998448
2431,1.00081
2432,1.00081
2433,1.00095
2434,1.00193
2435,1.00477
2436,1.00339
2437,1.00517
2438,1.00181
2439,1.00355
2440,1.00665
2441,1.00531
2442,1.00774
2443,1.00749
2444,1.0087
2445,1.00802
2446,1.00984
2447,1.00984
2448,1.00984
2449,1.0075
2450,1.00409
2451,1.00409
2452,1.00266
2453,1.00266
2454,1.00614
2455,1.00576
2456,1.00604
2457,1.00551
2458,1.00508
2459,1.00478
2460,1.00639
2461,1.00406
2462,1.00467
2463,1.00538
2464,1.00538
2465,1.00538
2466,1.00524
2467,1.00359
2468,1.00571
2469,1.00575
2470,1.00575
2471,1.00295
2472,1.00452
2473,1.006
2474,1.00471
2475,1.00471
2476,1.00431
2477,1.00323
2478,1.00273
2479,1.00273
2480,1.00757
2481,1.00695
2482,1.00949
2483,1.00536
2484,1.00536
2485,1.00642
2486,1.00377
2487,1.00412
2488,1.00671
2489,1.00542
2490,1.00563
2491,1.00669
2492,1.00632
2493,1.00829
2494,1.00438
2495,1.00397
2496,1.00402
2497,1.00607
2498,1.00486
2499,1.00382
2500,1.0015
2501,0.999572
2502,1.0014
2503,1.00057
2504,1.00017
2505,0.999975
2506,0.999063
2507,0.999063
2508,0.999063
2509,1.00052
2510,1.00226
2511,1.00188
2512,1.00298
2513,1.00368
2514,1.00396
2515,1.00477
2516,1.0038
2517,1.00269
2518,1.00119
2519,1.00528
2520,1.00528
2521,1.00115
2522,0.997983
2523,1.00162
2524,1.00056
2525,0.99872
2526,0.996733
2527,0.998102
2528,0.998304
2529,0.999829
2530,1.00148
2531,1.00259
2532,0.999786
2533,0.995845
2534,0.995644
2535,0.993838
2536,0.993838
2537,0.99807
2538,0.999317
2539,1.00058
2540,1.00205
2541,1.00142
2542,0.997376
2543,0.996381
2544,0.997028
2545,0.997028
2546,0.996945
2547,0.996945
2548,1.00003
2549,1.00289
2550,1.00174
2551,1.00531
2552,1.00411
2553,1.00601
2554,1.0081
2555,1.0081
2556,1.00594
2557,1.00715
2558,1.00513
2559,1.00513
2560,1.00513
2561,1.00513
2562,1.00613
2563,1.00559
2564,1.00659
2565,1.0086
2566,1.00633
2567,1.00694
2568,1.00582
2569,1.00822
2570,1.00554
2571,1.00448
2572,1.00448
2573,1.00343
2574,1.00336
2575,1.00642
2576,1.00931
2577,1.00931
2578,1.00946
2579,1.00968
2580,1.0079
2581,1.00709
2582,1.00671
2583,1.00485
2584,1.00485
2585,1.0052
2586,1.00791
2587,1.00791
2588,1.00552
2589,1.00589
2590,1.00542
2591,1.00219
2592,1.0052
2593,1.00459
2594,1.00404
2595,1.00404
2596,1.00566
2597,1.00566
2598,1.007
2599,1.00765
2600,1.00898
2601,1.00434
2602,1.00558
2603,1.00558
2604,1.00391
2605,1.00531
2606,1.0086
2607,1.0086
2608,1.00796
2609,1.00701
2610,1.00701
2611,1.00701
2612,1.00639
2613,1.00639
2614,1.00639
2615,1.00782
2616,1.00758
2617,1.00758
2618,1.00758
2619,1.00668
2620,1.00505
2621,1.00505
2622,1.00505
2623,1.00802
2624,1.00663
2625,1.00408
2626,1.0035
2627,1.0034
2628,1.0057
2629,1.00829
2630,1.00609
2631,1.00499
2632,1.00577
2633,1.00332
2634,1.00544
2635,1.00449
2636,1.00693
2637,1.00758
2638,1.00772
2639,1.0068
2640,1.00417
2641,1.00417
2642,1.00417
2643,1.0049
2644,1.00539
2645,1.00656
2646,1.00443
2647,1.00573
2648,1.00609
2649,1.00722
2650,1.00722
2651,1.00577
2652,1.00741
2653,1.00775
2654,1.00883
2655,1.00927
2656,1.00705
2657,1.00462
2658,1.00637
2659,1.00535
2660,1.01063
2661,1.01014
2662,1.00873
2663,1.00873
2664,1.00873
2665,1.00873
2666,1.00833
2667,1.00982
2668,1.00982
2669,1.00921
2670,1.00921
2671,1.01016
2672,1.01008
2673,1.01008
2674,1.01027
2675,1.00828
2676,1.00493
2677,1.00708
2678,1.00637
2679,1.00743
2680,1.00743
2681,1.00639
2682,1.01283
2683,1.0098
2684,1.00753
2685,1.00847
2686,1.01166
2687,1.01399
2688,1.01215
2689,1.01364
2690,1.01315
2691,1.01313
2692,1.01136
2693,1.01235
2694,1.01271
2695,1.01194
2696,1.01058
2697,1.01046
2698,1.01199
2699,1.01179
2700,1.00801
2701,1.00792
2702,1.00607
2703,1.00607
2704,1.00731
2705,1.00819
2706,1.00861
2707,1.00861
2708,1.00861
2709,1.00769
2710,1.00769
2711,1.00579
2712,1.00426
2713,1.0055
2714,1.00758
2715,1.00339
2716,1.00487
2717,1.00487
2718,1.00812
2719,1.00596
2720,1.00482
2721,1.00482
2722,1.00093
2723,1.00093
2724,1.00093
2725,1.00093
2726,1.00093
2727,1.00093
2728,0.996317
2729,0.996317
2730,0.996317
2731,0.997778
2732,0.998684
2733,0.997556
2734,0.997556
2735,1.00141
2736,1.00141
2737,0.998928
2738,0.99763
2739,0.997487
2740,0.996879
2741,0.999812
2742,0.99999
2743,0.999162
2744,0.997513
2745,0.999747
2746,0.998759
2747,0.998759
2748,0.997401
2749,0.998636
2750,0.998636
2751,0.997134
2752,0.997134
2753,0.995272
2754,0.996863
2755,0.996404
2756,0.996404
2757,1.00022
2758,0.995566
2759,0.996794
2760,0.995652
2761,0.996384
2762,0.996384
2763,0.995935
2764,0.995935
2765,0.995206
2766,0.995967
2767,0.996494
2768,0.994769
2769,0.996083
2770,0.997959
2771,0.99794
2772,0.99788
2773,0.997382
2774,0.993587
2775,0.993587
2776,0.998432
2777,0.997936
2778,0.99941
2779,0.997379
2780,0.99555
2781,0.995763
2782,0.995281
2783,0.995281
2784,0.994654
2785,0.99867
2786,0.99761
2787,0.99761
2788,1.00018
2789,1.00018
2790,1.00034
2791,1.00034
2792,1.00039
2793,1.00039
2794,1.00039
2795,1.00196
2796,0.997446
2797,0.996825
2798,1.00154
2799,1.00372
2800,1.00288
2801,1.00456
2802,1.00788
2803,1.00883
2804,1.00878
2805,1.00878
2806,1.00878
2807,1.00806
2808,1.00833
2809,1.00743
2810,1.00743
2811,1.00743
2812,1.00463
2813,1.00843
2814,1.0094
2815,1.00791
2816,1.00707
2817,1.00799
2818,1.00707
2819,1.00654
2820,1.00558
2821,1.00893
2822,1.00846
2823,1.00447
2824,1.00114
2825,1.00879
2826,1.00757
2827,1.0097
2828,1.00903
2829,1.00903
2830,1.00966
2831,1.00966
2832,1.00948
2833,1.00948
2834,1.01345
2835,1.01589
2836,1.01729
2837,1.01603
2838,1.01603
2839,1.01603
2840,1.01602
2841,1.01715
2842,1.01783
2843,1.01651
2844,1.01794
2845,1.01561
2846,1.01634
2847,1.01634
2848,1.01634
2849,1.01634
2850,1.01463
2851,1.0138
2852,1.01364
2853,1.01364
2854,1.01755
2855,1.01935
2856,1.02318
2857,1.02437
2858,1.02202
2859,1.02202
2860,1.02262
2861,1.0219
2862,1.0219
2863,1.02133
2864,1.01912
2865,1.02119
2866,1.01629
2867,1.01457
2868,1.01612
2869,1.01695
2870,1.0138
2871,1.01625
2872,1.01625
2873,1.01464
2874,1.01372
2875,1.01113
2876,1.01273
2877,1.01275
2878,1.01275
2879,1.01065
2880,1.01128
2881,1.01128
2882,1.00952
2883,1.00682
2884,1.00889
2885,1.00673
2886,1.00517
2887,1.00635
2888,1.00852
2889,1.00852
2890,1.00953
2891,1.0094
2892,1.00975
2893,1.00968
2894,1.00892
2895,1.00684
2896,1.00684
2897,1.00684
2898,1.00684
2899,1.00865
2900,1.00865
2901,1.00834
2902,1.00834
2903,1.00834
2904,1.00701
2905,1.00423
2906,1.0033
2907,1.00434
2908,1.00459
2909,1.00674
2910,1.0064
2911,1.0064
2912,1.0064
2913,1.0091
2914,1.00922
2915,1.00997
2916,1.00938
2917,1.01197
2918,1.01071
2919,1.00729
2920,1.01047
2921,1.01047
2922,1.00916
2923,1.0105
2924,1.01501
2925,1.01574
2926,1.01251
2927,1.00825
2928,1.00919
2929,1.01236
2930,1.0118
2931,1.0105
2932,1.0105
2933,1.0101
2934,1.0146
2935,1.00904
2936,1.00776
2937,1.00982
2938,1.00812
2939,1.00812
2940,1.00541
2941,1.00436
2942,1.0024
2943,1.00291
2944,1.00213
2945,1.00613
2946,1.00463
2947,1.00654
2948,1.01004
2949,1.01258
2950,1.01007
2951,1.00675
2952,1.0107
2953,1.00847
2954,1.00738
2955,1.00704
2956,1.00866
2957,1.01097
2958,1.00848
2959,1.00848
2960,1.00834
2961,1.00933
2962,1.00806
2963,1.00564
2964,1.00564
2965,1.00412
2966,1.00412
2967,1.00528
2968,1.00528
2969,1.00528
2970,1.00574
2971,1.00821
2972,1.00821
2973,1.00856
2974,1.00402
2975,1.00402
2976,1.00569
2977,1.00396
2978,1.00667
2979,1.00266
2980,1.00266
2981,1.0015
2982,1.00073
2983,0.999775
2984,1.00028
2985,1.00231
2986,1.00082
2987,0.998059
2988,0.99973
2989,0.99973
2990,1.00398
2991,1.00254
2992,1.00193
2993,1.00225
2994,1.00335
2995,1.00733
2996,1.00814
2997,1.00579
2998,1.00579
2999,1.00579
3000,1.00756
3001,1.00721
3002,1.00721
3003,1.00714
3004,1.00714
3005,1.00998
3006,1.00873
3007,1.00716
3008,1.00978
3009,1.00694
3010,1.013
3011,1.00846
3012,1.00801
3013,1.00801
3014,1.00803
3015,1.00889
3016,1.01036
3017,1.01257
3018,1.01435
3019,1.01134
3020,1.00889
3021,1.00889
3022,1.00861
3023,1.00954
3024,1.01002
3025,1.01073
3026,1.00752
3027,1.00764
3028,1.00692
3029,1.01141
3030,1.00707
3031,1.01005
3032,1.01103
3033,1.01103
3034,1.01103
3035,1.01071
3036,1.01071
3037,1.00808
3038,1.00932
3039,1.01033
3040,1.01145
3041,1.01412
3042,1.01547
3043,1.01019
3044,1.01272
3045,1.01118
3046,1.00901
3047,1.01139
3048,1.01511
3049,1.01412
3050,1.01528
3051,1.01179
3052,1.0098
3053,1.00684
3054,1.00684
3055,1.00355
3056,1.00257
3057,1.00257
3058,1.00233
3059,1.00421
3060,1.00644
3061,1.00644
3062,1.00721
3063,1.00892
3064,1.01207
3065,1.01149
3066,1.01286
3067,1.01192
3068,1.00894
3069,1.00648
3070,1.00661
3071,1.00528
3072,1.00545
3073,1.00778
3074,1.00778
3075,1.00744
3076,1.00744
3077,1.00931
3078,1.00931
3079,1.00918
3080,1.00764
3081,1.00764
3082,1.00832
3083,1.00636
3084,1.00784
3085,1.00452
3086,1.00698
3087,1.0028
3088,1.00126
3089,1.00372
3090,1.00372
3091,1.00372
3092,1.00203
3093,1.00203
3094,1.00203
3095,0.999455
3096,0.998926
3097,1.00008
3098,0.999459
3099,1.00131
3100,1.00182
3101,1.00182
3102,1.00216
3103,1.00382
3104,1.00352
3105,1.00326
3106,1.00032
3107,0.998643
3108,0.998643
3109,0.998754
3110,0.99759
3111,0.998142
3112,1.00072
3113,1.00242
3114,0.999981
3115,0.998748
3116,0.998748
3117,1.00265
3118,1.00449
3119,1.00435
3120,1.00435
3121,1.00014
3122,1.0031
3123,1.004
3124,1.00475
3125,1.00475
3126,1.00475
3127,1.00661
3128,1.00932
3129,1.0104
3130,1.00969
3131,1.01379
3132,1.01379
3133,1.01296
3134,1.01296
3135,1.00886
3136,1.00886
3137,1.01057
3138,1.00988
3139,1.01127
3140,1.01292
3141,1.01543
3142,1.01613
3143,1.01347
3144,1.01324
3145,1.01253
3146,1.00889
3147,1.00919
3148,1.01309
3149,1.01371
3150,1.01303
3151,1.01303
3152,1.01303
3153,1.01616
3154,1.01502
3155,1.01317
3156,1.01273
3157,1.01021
3158,1.01177
3159,1.0124
3160,1.01156
3161,1.01089
3162,1.00965
3163,1.01233
3164,1.01093
3165,1.01504
3166,1.0128
3167,1.01106
3168,1.01106
3169,1.01106
3170,1.0137
3171,1.01374
3172,1.01396
3173,1.01029
3174,1.01136
3175,1.01136
3176,1.01155
3177,1.016
3178,1.01107
3179,1.01475
3180,1.01438
3181,1.0137
3182,1.01498
3183,1.01168
3184,1.01512
3185,1.01535
3186,1.02014
3187,1.01966
3188,1.01556
3189,1.01381
3190,1.01398
3191,1.0151
3192,1.0135
3193,1.01207
3194,1.01355
3195,1.01251
3196,1.01019
3197,1.01192
3198,1.01299
3199,1.01426
3200,1.01091
3201,1.0128
3202,1.01406
3203,1.01406
3204,1.01766
3205,1.01894
3206,1.01758
3207,1.01946
3208,1.02128
3209,1.02287
3210,1.01959
3211,1.02065
3212,1.01954
3213,1.0194
3214,1.02602
3215,1.0211
3216,1.0211
3217,1.02029
3218,1.0202
3219,1.02034
3220,1.01878
3221,1.02148
3222,1.02148
3223,1.02069
3224,1.02079
3225,1.01973
3226,1.01979
3227,1.02279
3228,1.02322
3229,1.0189
3230,1.01637
3231,1.0162
3232,1.01453
3233,1.0168
3234,1.01634
3235,1.01322
3236,1.01183
3237,1.01113
3238,1.01109
3239,1.01217
3240,1.01403
3241,1.01328
3242,1.01255
3243,1.01467
3244,1.00999
3245,1.00826
3246,1.00826
3247,1.00898
3248,1.01259
3249,1.01086
3250,1.01137
3251,1.01148
3252,1.01154
3253,1.01243
3254,1.01222
3255,1.01199
3256,1.01402
3257,1.01311
3258,1.01311
3259,1.01678
3260,1.0149
3261,1.0149
3262,1.01547
3263,1.02006
3264,1.02006
3265,1.0188
3266,1.02193
3267,1.02232
3268,1.02232
3269,1.02134
3270,1.02171
3271,1.02171
3272,1.02517
3273,1.02527
3274,1.02378
3275,1.02152
3276,1.0186
3277,1.02021
3278,1.01712
3279,1.01651
3280,1.01538
3281,1.01538
3282,1.02047
3283,1.01668
3284,1.01747
3285,1.01826
3286,1.0225
3287,1.02203
3288,1.02114
3289,1.01981
3290,1.01981
3291,1.02239
3292,1.01996
3293,1.01971
3294,1.01713
3295,1.01925
3296,1.01764
3297,1.0162
3298,1.01514
3299,1.01514
3300,1.01636
3301,1.01784
3302,1.02051
3303,1.02264
3304,1.02264
3305,1.02011
3306,1.0173
3307,1.01826
3308,1.01826
3309,1.01826
3310,1.01826
3311,1.01826
3312,1.01826
3313,1.0188
3314,1.01581
3315,1.01508
3316,1.01297
3317,1.01297
3318,1.01664
3319,1.01662
3320,1.01746
3321,1.01859
3322,1.01859
3323,1.01738
3324,1.01596
3325,1.01965
3326,1.01965
3327,1.02056
3328,1.01971
3329,1.01863
3330,1.0169
3331,1.0151
3332,1.01455
3333,1.01296
3334,1.01129
3335,1.01107
3336,1.01346
3337,1.013
3338,1.01591
3339,1.01519
3340,1.01167
3341,1.01307
3342,1.01307
3343,1.01138
3344,1.0104
3345,1.01019
3346,1.01066
3347,1.01066
3348,1.00968
3349,1.00968
3350,1.01377
3351,1.01377
3352,1.00958
3353,1.00844
3354,1.00844
3355,1.00844
3356,1.00844
3357,1.00844
3358,1.00596
3359,1.00825
3360,1.00655
3361,1.00567
3362,1.00829
3363,1.00819
3364,1.00832
3365,1.00482
3366,1.00299
3367,1.00299
3368,1.00299
3369,1.00651
3370,1.0035
3371,1.00829
3372,1.00829
3373,1.00598
3374,1.0065
3375,1.00556
3376,1.01077
3377,1.00967
3378,1.0106
3379,1.00973
3380,1.00973
3381,1.00944
3382,1.00933
3383,1.00841
3384,1.00672
3385,1.00443
3386,1.00421
3387,1.00766
3388,1.0072
3389,1.00867
3390,1.00656
3391,1.00786
3392,1.00786
3393,1.00803
3394,1.00724
3395,1.0077
3396,1.00476
3397,1.0045
3398,1.00946
3399,1.00845
3400,1.00823
3401,1.00971
3402,1.01067
3403,1.00845
3404,1.01092
3405,1.01008
3406,1.01064
3407,1.00899
3408,1.00674
3409,1.00674
3410,1.00691
3411,1.00473
3412,1.00927
3413,1.00927
3414,1.01097
3415,1.01125
3416,1.01069
3417,1.00981
3418,1.01119
3419,1.01119
3420,1.01251
3421,1.01247
3422,1.01268
3423,1.01459
3424,1.01197
3425,1.01177
3426,1.00902
3427,1.01053
3428,1.01053
3429,1.01053
3430,1.01053
3431,1.00959
3432,1.01076
3433,1.00989
3434,1.00988
3435,1.00852
3436,1.00841
3437,1.01119
3438,1.01221
3439,1.0131
3440,1.0131
3441,1.01096
3442,1.01146
3443,1.01146
3444,1.0109
3445,1.00648
3446,1.00484
3447,1.00433
3448,1.00505
3449,1.00496
3450,1.00334
3451,1.003
3452,1.00153
3453,1.00261
3454,1.00261
3455,1.00261
3456,1.0039
3457,1.0039
3458,1.00445
3459,1.00248
3460,1.00215
3461,1.00151
3462,1.0024
3463,1.0024
3464,1.00735
3465,1.00704
3466,1.00789
3467,1.01085
3468,1.01334
3469,1.0108
3470,1.01379
3471,1.01648
3472,1.01481
3473,1.01398
3474,1.0118
3475,1.01388
3476,1.01289
3477,1.01176
3478,1.00987
3479,1.00729
3480,1.00878
3481,1.00959
3482,1.01332
3483,1.01168
3484,1.01168
3485,1.01319
3486,1.01227
3487,1.01227
3488,1.01277
3489,1.01266
3490,1.01344
3491,1.01414
3492,1.0109
3493,1.01277
3494,1.01356
3495,1.01256
3496,1.01007
3497,1.01403
3498,1.01146
3499,1.00878
3500,1.01039
3501,1.01134
3502,1.01159
3503,1.01224
3504,1.01111
3505,1.01321
3506,1.01111
3507,1.0112
3508,1.01182
3509,1.00966
3510,1.00966
3511,1.01041
3512,1.00792
3513,1.00935
3514,1.01187
3515,1.00959
3516,1.00914
3517,1.01088
3518,1.01295
3519,1.01254
3520,1.00971
3521,1.00853
3522,1.00986
3523,1.00638
3524,1.00622
3525,1.00622
3526,1.00783
3527,1.00821
3528,1.00368
3529,1.00525
3530,1.00974
3531,1.01084
3532,1.00651
3533,1.00561
3534,1.00352
3535,1.00352
3536,1.00481
3537,1.00481
3538,1.00449
3539,1.00449
3540,1.0054
3541,1.00849
3542,1.00672
3543,1.00868
3544,1.00885
3545,1.00833
3546,1.00709
3547,1.00709
3548,1.00785
3549,1.00656
3550,0.999871
3551,1.00213
3552,1.00254
3553,1.00305
3554,1.00084
3555,0.998717
3556,1.00061
3557,1.00007
3558,1.00007
3559,1.00007
3560,1.00209
3561,1.00209
3562,1.00396
3563,1.00454
3564,1.00505
3565,1.00309
3566,1.00304
3567,1.00405
3568,1.00198
3569,1.00198
3570,1.00198
3571,1.00205
3572,1.0023
3573,1.0023
3574,1.00087
3575,0.999047
3576,1.0008
3577,1.00503
3578,1.00488
3579,1.00483
3580,1.00644
3581,1.00778
3582,1.00779
3583,1.00979
3584,1.0129
3585,1.01279
3586,1.01084
3587,1.00867
3588,1.00772
3589,1.01043
3590,1.01093
3591,1.01026
3592,1.01026
3593,1.00728
3594,1.0113
3595,1.01008
3596,1.01336
3597,1.01336
3598,1.01299
3599,1.0131
3600,1.01445
3601,1.01321
3602,1.01341
3603,1.01372
3604,1.01354
3605,1.01437
3606,1.0131
3607,1.01056
3608,1.01056
3609,1.01511
3610,1.01572
3611,1.01602
3612,1.01603
3613,1.01763
3614,1.01843
3615,1.01843
3616,1.01715
3617,1.01886
3618,1.01968
3619,1.01967
3620,1.01701
3621,1.01691
3622,1.01779
3623,1.02096
3624,1.02076
3625,1.02012
3626,1.01995
3627,1.01995
3628,1.02226
3629,1.02351
3630,1.0249
3631,1.01878
3632,1.01878
3633,1.01878
3634,1.01878
3635,1.02144
3636,1.02377
3637,1.02132
3638,1.02166
3639,1.02132
3640,1.02039
3641,1.01686
3642,1.01686
3643,1.01901
3644,1.01912
3645,1.01914
3646,1.01855
3647,1.01764
3648,1.01212
3649,1.01212
3650,1.01289
3651,1.0125
3652,1.01181
3653,1.0127
3654,1.00953
3655,1.00953
3656,1.00953
3657,1.0101
3658,1.0101
3659,1.01238
3660,1.01235
3661,1.01131
3662,1.01229
3663,1.00899
3664,1.00631
3665,1.00631
3666,1.00493
3667,1.00786
3668,1.00742
3669,1.0081
3670,1.00783
3671,1.00783
3672,1.0096
3673,1.01248
3674,1.01248
3675,1.01171
3676,1.01349
3677,1.01349
3678,1.01221
3679,1.01214
3680,1.01406
3681,1.0123
3682,1.0148
3683,1.0165
3684,1.01087
3685,1.0092
3686,1.0092
3687,1.0092
3688,1.01043
3689,1.00857
3690,1.0089
3691,1.00983
3692,1.0092
3693,1.00664
3694,1.0058
3695,1.00492
3696,1.00415
3697,1.00721
3698,1.00735
3699,1.00735
3700,1.00588
3701,1.00831
3702,1.00789
3703,1.00789
3704,1.00939
3705,1.00939
3706,1.01336
3707,1.01301
3708,1.01333
3709,1.01391
3710,1.01391
3711,1.01472
3712,1.01443
3713,1.01305
3714,1.01533
3715,1.0147
3716,1.0147
3717,1.01263
3718,1.01361
3719,1.01361
3720,1.01361
3721,1.01308
3722,1.01224
3723,1.01331
3724,1.01323
3725,1.0132
3726,1.01082
3727,1.01493
3728,1.01513
3729,1.01609
3730,1.01552
3731,1.0158
3732,1.0158
3733,1.01342
3734,1.01071
3735,1.01071
3736,1.00834
3737,1.00813
3738,1.00647
3739,1.00608
3740,1.00578
3741,1.00817
3742,1.01168
3743,1.00837
3744,1.00837
3745,1.01047
3746,1.01126
3747,1.01011
3748,1.01011
3749,1.0107
3750,1.01052
3751,1.01089
3752,1.01315
3753,1.0132
3754,1.01543
3755,1.01543
3756,1.01412
3757,1.01412
3758,1.01654
3759,1.01496
3760,1.01287
3761,1.01535
3762,1.01201
3763,1.00789
3764,1.00734
3765,1.00734
3766,1.01034
3767,1.00998
3768,1.00717
3769,1.00897
3770,1.00897
3771,1.00696
3772,1.00802
3773,1.00672
3774,1.00275
3775,1.00558
3776,1.00736
3777,1.00448
3778,1.00144
3779,1.00144
3780,1.00048
3781,1.00398
3782,1.00291
3783,1.00604
3784,1.00264
3785,1.00305
3786,1.00225
3787,1.00225
3788,1.00495
3789,1.00365
3790,1.00689
3791,1.0046
3792,1.00437
3793,1.0043
3794,1.00468
3795,1.00436
3796,1.00463
3797,1.00406
3798,1.00781
3799,1.00409
3800,1.00114
3801,1.00114
3802,1.00114
3803,1.00253
3804,1.00061
3805,1.00022
3806,0.998871
3807,1.0001
3808,1.00348
3809,1.00474
3810,1.00719
3811,1.00726
3812,1.00735
3813,1.0035
3814,1.00446
3815,1.00446
3816,1.00636
3817,1.00363
3818,1.00177
3819,1.00426
3820,1.0008
3821,1.00153
3822,1.00019
3823,1.00122
3824,1.00262
3825,1.00262
3826,1.00666
3827,1.0098
3828,1.01123
3829,1.00786
3830,1.00686
3831,1.00515
3832,1.00329
3833,1.00329
3834,1.00069
3835,1.00062
3836,1.00062
3837,1.0005
3838,1.00173
3839,1.00317
3840,1.00561
3841,1.00335
3842,1.00657
3843,1.00629
3844,1.00629
3845,1.00142
3846,1.00197
3847,1.00303
3848,1.00108
3849,1.00217
3850,1.00217
3851,1.00015
3852,0.998342
3853,0.998361
3854,0.998921
3855,0.997733
3856,0.994831
3857,0.997392
3858,0.993954
3859,0.999369
3860,0.999369
3861,0.998775
3862,0.997805
3863,0.997665
3864,0.997665
3865,1.00003
3866,1.00003
3867,1.00015
3868,0.998242
3869,1.00205
3870,0.998536
3871,0.996595
3872,0.994381
3873,0.994381
3874,0.995658
3875,0.994374
3876,0.994719
3877,0.991585
3878,0.991368
3879,0.991368
3880,0.991691
3881,0.98909
3882,0.990264
3883,0.99257
3884,0.992244
3885,0.990241
3886,0.990241
3887,0.990241
3888,0.990179
3889,0.990179
3890,0.990179
3891,0.990179
3892,0.992006
3893,0.98856
3894,0.98856
3895,0.989635
3896,0.989635
3897,0.988013
3898,0.991018
3899,0.988949
3900,0.99223
3901,0.991222
3902,0.989814
3903,0.986547
3904,0.987626
3905,0.988082
3906,0.989318
3907,0.989318
3908,0.989693
3909,0.989498
3910,0.989498
3911,0.993528
3912,0.993528
3913,0.994273
3914,0.995882
3915,0.995473
3916,0.995473
3917,0.995688
3918,0.995688
3919,0.995688
3920,0.995688
3921,0.995794
3922,0.996174
3923,0.996266
3924,0.993886
3925,0.993369
3926,0.991688
3927,0.992666
3928,0.991503
3929,0.991466
3930,0.991708
3931,0.991708
3932,0.991708
3933,0.991688
3934,0.991629
3935,0.991629
3936,0.991629
3937,0.989949
3938,0.989949
3939,0.988392
3940,0.988392
3941,0.991656
3942,0.991622
3943,0.994325
3944,0.996985
3945,0.995852
3946,0.995852
3947,0.997523
3948,0.993794
3949,0.995721
3950,0.994686
3951,0.994686
3952,0.995423
3953,0.995124
3954,0.995809
3955,0.998488
3956,0.998798
3957,0.998804
3958,0.996957
3959,0.998149
3960,0.996586
3961,0.995347
3962,0.995347
3963,0.995724
3964,0.99311
3965,0.99311
3966,0.991348
3967,0.991348
3968,0.993294
3969,0.996251
3970,0.996417
3971,0.996417
3972,0.996417
3973,0.997519
3974,0.996126
3975,1.00005
3976,0.997447
3977,1.00011
3978,1.00011
3979,1.00222
3980,1.00222
3981,1.00471
3982,1.00544
3983,1.00445
3984,1.00577
3985,1.00805
3986,1.00713
3987,1.0089
3988,1.00651
3989,1.00651
3990,1.00673
3991,1.00474
3992,1.00439
3993,1.00368
3994,1.00368
3995,1.00194
3996,1.00231
3997,1.00231
3998,1.00433
3999,1.00268
4000,1.00106
4001,1.00106
4002,1.00013
4003,1.0006
4004,1.00161
4005,0.998927
4006,0.998268
4007,0.996499
4008,0.996499
4009,0.995187
4010,0.995602
4011,0.994337
4012,0.9942
4013,0.9942
4014,0.994103
4015,0.995934
4016,0.994388
4017,0.993051
4018,0.994405
4019,0.992431
4020,0.99252
