t,|deltaS|
1,0.8366
2,0.1536
3,0.0427
4,0.04836
5,0.04743
6,0.02937
7,0.06929
8,0.004518
9,0.006689
10,0.06659
11,0.665
12,0.375
13,0.01024
14,0.1578
15,0.5382
16,0.06047
17,0.506
18,0.1781
19,0.1791
20,0.1889
21,0.2847
22,0.6516
23,0.104
24,1.017
25,0.1851
26,0.164
27,0.1443
28,0.3995
29,0.05396
30,0.2568
31,0.06519
32,0.6341
33,0.9508
34,1.805
35,0.5969
36,0.08538
37,0.01182
38,0.02281
39,0.6982
40,1.935
41,0.5094
42,0.3431
43,0.5243
44,0.8898
45,0.1075
46,0.1681
47,1.277
48,0.6555
49,0.5597
50,1.685
51,1.01
52,2.419
53,1.954
54,0.8598
55,0.4067
56,1.964
57,0.6304
58,1.564
59,0.938
60,1.351
61,0.7346
62,1.838
63,0.5709
64,0.07097
65,1.308
66,0.31
67,0.2719
68,1.304
69,1.096
70,0.3645
71,1.59
72,0.5239
73,0.000497
74,0.4585
75,0.3683
76,0.02631
77,1.899
78,2.054
79,0.9435
80,2.126
81,0.3135
82,0.4572
83,0.5399
84,0.112
85,0.2739
86,0.4442
87,0.09584
88,0.1067
89,0.7326
90,0.5593
91,0.5116
92,0.2453
93,0.8096
94,0.1184
95,0.3132
96,2.053
97,0.3306
98,1.263
99,0.002102
100,0.478
101,1.365
102,1.308
103,0.3179
104,1.103
105,1.649
106,1.14
107,1.05
108,0.8799
109,1.352
110,1.031
111,0.9065
112,0.02855
113,0.6651
114,0.6428
115,0.69
116,0.7795
117,0.4164
118,1.343
119,0.4913
120,0.5827
121,0.5504
122,2.223
123,1.234
124,0.6619
125,0.6283
126,0.3055
127,0.5791
128,0.2427
129,0.2815
130,0.8808
131,0.7099
132,0.9275
133,0.8157
134,1.318
135,0.8041
136,0.03118
137,0.7417
138,0.3823
139,0.5993
140,0.9487
141,1.332
142,1.59
143,0.119
144,0.1227
145,1.219
146,1.13
147,0.5889
148,0.7197
149,1.459
150,0.267
151,0.2048
152,0.8665
153,0.0008263
154,0.3647
155,1.302
156,0.23
157,0.2276
158,0.3727
159,0.1628
160,1.33
161,0.0292
162,1.733
163,0.6811
164,1.084
165,0.1807
166,0.9905
167,0.5617
168,0.8687
169,1.296
170,0.6946
171,0.533
172,0.3632
173,0.5233
174,0.5201
175,0.3219
176,0.1592
177,0.3264
178,0.237
179,1.182
180,0.4525
181,1.111
182,1.025
183,1.722
184,0.6986
185,0.2862
186,2.407
187,0.0882
188,1.129
189,1.146
190,0.1228
191,0.5311
192,1.306
193,0.4395
194,0.2484
195,1.016
196,1.704
197,0.4448
198,0.3787
199,0.6733
200,0.9086
201,0.9155
202,2.089
203,2.201
204,2.884
205,2.737
206,0.238
207,1.233
208,1.053
209,0.9855
210,1.598
211,1.462
212,1.889
213,0.4299
214,1.399
215,1.895
216,1.154
217,1.234
218,0.5226
219,1.039
220,2.139
221,2.682
222,0.2484
223,1.875
224,0.9655
225,0.6602
226,1.776
227,1.22
228,0.6825
229,1.567
230,0.1418
231,1.685
232,0.3253
233,0.336
234,0.09722
235,0.9878
236,1.152
237,2.635
238,2.935
239,0.8561
240,0.9684
241,1.244
242,0.578
243,0.03828
244,0.1499
245,0.9593
246,0.5619
247,0.06501
248,0.8672
249,1.255
250,1.323
251,0.8451
252,0.8349
253,0.6415
254,0.7623
255,0.4103
256,0.7468
257,0.1785
258,1.321
259,0.6959
260,1.067
261,1.664
262,1.73
263,0.3954
264,0.8984
265,1.313
266,0.9255
267,0.5057
268,0.6858
269,1.031
270,1.504
271,0.8823
272,2.14
273,1.585
274,0.1313
275,0.7459
276,1.036
277,0.1217
278,0.3321
279,3.329
280,2.032
281,2.737
282,0.3314
283,0.4127
284,0.2077
285,0.1868
286,0.419
287,0.4475
288,2.124
289,0.5757
290,0.3799
291,0.4759
292,0.1786
293,2.135
294,0.7109
295,0.802
296,2.242
297,1.21
298,0.5381
299,1.767
300,1.023
301,0.02339
302,0.6858
303,1.173
304,1.174
305,0.728
306,0.7715
307,1.263
308,1.889
309,0.8341
310,1.588
311,0.5676
312,0.6844
313,1.198
314,0.6767
315,0.08047
316,1.008
317,1.299
318,0.9827
319,1.091
320,0.5093
321,0.06915
322,1.382
323,1.729
324,1.571
325,0.8742
326,1.113
327,0.9494
328,0.3943
329,0.209
330,1.574
331,0.4383
332,0.3779
333,1.226
334,0.8078
335,0.6884
336,0.6058
337,0.4701
338,0.6936
339,1.735
340,1.115
341,1.323
342,2.023
343,2.312
344,0.1702
345,1.751
346,1.194
347,0.8932
348,1.627
349,0.09676
350,1.345
351,0.9015
352,1.781
353,1.234
354,0.8945
355,0.7019
356,0.09814
357,1.454
358,1.643
359,0.6944
360,0.0659
361,0.2213
362,1.571
363,1.896
364,0.09021
365,0.8695
366,0.7551
367,1.799
368,0.1838
369,0.1412
370,0.7136
371,0.9896
372,0.5028
373,0.5377
374,0.7962
375,0.2646
376,1.887
377,1.469
378,0.3638
379,0.06968
380,0.896
381,0.4461
382,1.136
383,2.613
384,0.03596
385,0.01451
386,0.2578
387,0.7531
388,0.9827
389,0.5252
390,0.9713
391,0.5878
392,0.5479
393,0.8177
394,2.752
395,0.5456
396,0.01315
397,0.1678
398,0.188
399,0.3935
400,0.04226
401,0.2429
402,0.4226
403,0.984
404,0.4432
405,1.675
406,1.405
407,0.6434
408,1.734
409,1.617
410,0.746
411,1.908
412,0.27
413,2.353
414,0.7929
415,0.209
416,2.281
417,0.919
418,0.7284
419,0.531
420,0.2977
421,0.9955
422,0.06385
423,0.7836
424,2.537
425,0.01988
426,0.8614
427,1.626
428,1.347
429,0.5048
430,0.3524
431,0.03983
432,0.002018
433,0.7536
434,1.053
435,0.1596
436,0.9437
437,1.392
438,0.3651
439,1.313
440,0.2492
441,0.9165
442,1.425
443,0.4
444,1.246
445,0.9469
446,0.8136
447,0.6425
448,1.113
449,0.7586
450,0.6357
451,0.8832
452,0.8705
453,0.001666
454,0.4306
455,2.363
456,0.3703
457,2.343
458,0.4317
459,0.9105
460,1.241
461,0.1033
462,0.6438
463,1.027
464,1.041
465,0.9491
466,0.5009
467,1.039
468,2.019
469,0.3022
470,1.753
471,1.48
472,1.232
473,2.471
474,1.652
475,0.9688
476,0.5067
477,0.2203
478,0.7195
479,1.494
480,1.87
481,0.6083
482,0.7378
483,0.3838
484,0.3966
485,0.8983
486,0.7828
487,0.3504
488,0.2087
489,0.4173
490,0.4389
491,0.01451
492,0.8913
493,0.135
494,0.8666
495,0.748
496,1.622
497,0.9186
498,0.3066
499,0.6697
500,0.4
501,0.4602
502,1.011
503,0.2352
504,0.8582
505,0.3911
506,0.4744
507,1.012
508,0.2635
509,0.7173
510,2.353
511,1.169
512,0.8332
513,0.1139
514,0.005466
515,0.2706
516,0.2695
517,1.436
518,0.09122
519,1.001
520,0.3168
521,0.1117
522,0.6545
523,1.288
524,0.6534
525,2.295
526,1.335
527,1.049
528,1.425
529,0.8981
530,0.7186
531,1.163
532,0.09837
533,1.556
534,0.2182
535,0.07402
536,1.111
537,2.808
538,0.5551
539,2.045
540,0.5227
541,0.1445
542,0.5249
543,2.564
544,0.3077
545,1.364
546,0.5891
547,0.3884
548,0.3808
549,0.7004
550,0.4965
551,0.615
552,0.6818
553,0.3571
554,1.38
555,0.1658
556,0.4106
557,1.498
558,0.05909
559,0.1998
560,0.2772
561,1.109
562,0.6673
563,0.378
564,1.52
565,0.8106
566,0.6199
567,1.321
568,0.6646
569,0.1026
570,0.4377
571,0.5408
572,2.587
573,0.163
574,1.347
575,0.6494
576,0.4487
577,1.205
578,1.546
579,0.1767
580,1.152
581,1.434
582,0.7472
583,0.5094
584,0.7763
585,1.047
586,0.6025
587,3.062
588,0.5764
589,0.9245
590,0.5774
591,0.2772
592,0.8979
593,1.288
594,0.3135
595,1.556
596,0.4354
597,1.129
598,0.7023
599,2.428
600,0.2872
601,0.1328
602,0.01749
603,1.057
604,0.8782
605,1.356
606,0.487
607,0.3036
608,0.4632
609,1.284
610,0.7404
611,0.8577
612,0.5148
613,0.4569
614,1.529
615,2.17
616,0.4493
617,1.694
618,1.234
619,1.282
620,0.4732
621,1.525
622,1.1
623,0.6489
624,0.383
625,0.3354
626,1.508
627,1.082
628,1.884
629,0.1577
630,0.3579
631,0.9781
632,0.5544
633,1.172
634,0.4132
635,1.075
636,0.9602
637,0.3855
638,1.756
639,0.5153
640,0.2398
641,0.872
642,0.494
643,0.9082
644,0.751
645,2.081
646,2.323
647,0.1778
648,1.841
649,0.8119
650,0.5662
651,0.5498
652,0.6923
653,0.4693
654,0.6816
655,1.057
656,0.02457
657,0.08782
658,0.4393
659,0.3489
660,0.4502
661,0.137
662,0.6908
663,0.1371
664,0.8775
665,1.78
666,0.5814
667,0.2242
668,0.2044
669,0.2994
670,0.6981
671,1.76
672,1.337
673,0.2979
674,1.036
675,0.4258
676,0.3913
677,0.2866
678,0.5342
679,0.6385
680,0.2309
681,0.6014
682,0.6488
683,0.07062
684,0.3036
685,0.06014
686,1.755
687,2.054
688,1.791
689,0.7242
690,0.1876
691,0.3842
692,1.671
693,0.4525
694,0.425
695,0.6816
696,1.101
697,1.132
698,1.927
699,0.7593
700,0.3979
701,2.101
702,1.277
703,1.28
704,0.9641
705,0.7669
706,2.509
707,0.5249
708,0.4109
709,0.4196
710,0.8029
711,0.6645
712,1.797
713,0.6169
714,0.1611
715,0.6229
716,1.246
717,0.2513
718,2.843
719,1.369
720,2.214
721,0.6364
722,0.04372
723,1.997
724,1.185
725,0.1976
726,1.978
727,2.701
728,2.327
729,2.923
730,0.341
731,0.941
732,0.9685
733,0.07917
734,0.6669
735,1.833
736,0.9554
737,0.2808
738,0.2753
739,0.1282
740,1.244
741,1.599
742,0.3213
743,2.218
744,2.41
745,1.692
746,0.05316
747,1.129
748,1.09
749,0.8662
750,0.302
751,0.7458
752,0.6595
753,1.195
754,1.201
755,1.191
756,0.4396
757,0.4953
758,1.254
759,0.5727
760,0.1898
761,0.1285
762,0.7229
763,1.056
764,1.002
765,0.6397
766,1.222
767,2.444
768,0.68
769,0.08185
770,1.099
771,0.585
772,0.4533
773,0.5137
774,0.1648
775,0.4467
776,0.1337
777,0.02517
778,0.1095
779,1.626
780,0.3832
781,0.9097
782,2.358
783,0.9488
784,0.2562
785,0.9002
786,0.88
787,0.3565
788,0.2289
789,1.056
790,2.195
791,0.3965
792,0.6233
793,0.3357
794,1.343
795,0.1389
796,0.1383
797,0.3564
798,0.1945
799,0.09116
800,0.4712
801,0.7068
802,0.2174
803,1.057
804,1.213
805,0.7629
806,1.572
807,1.655
808,0.2924
809,0.6155
810,1.682
811,0.1712
812,0.2068
813,0.8951
814,1.464
815,0.8446
816,0.1797
817,2.801
818,1.642
819,0.242
820,1.597
821,0.4471
822,0.7664
823,1.459
824,1.099
825,1.182
826,1.733
827,0.7327
828,1.75
829,1.979
830,0.8425
831,0.1275
832,0.5563
833,1.61
834,2.174
835,0.9204
836,0.4017
837,1.104
838,0.9629
839,1.083
840,2.613
841,0.6468
842,1.383
843,0.1425
844,0.4347
845,0.02144
846,1.65
847,1.019
848,1.348
849,0.9462
850,0.9127
851,2.142
852,0.8487
853,1.354
854,0.7498
855,0.7055
856,0.5267
857,0.007471
858,0.01638
859,2.148
860,2.38
861,0.9227
862,3.317
863,0.8296
864,0.4978
865,1.245
866,1.02
867,2.102
868,1.578
869,0.5378
870,1.745
871,0.2281
872,0.1502
873,0.8216
874,0.3937
875,1.387
876,1.026
877,0.2719
878,1.168
879,0.549
880,0.1107
881,0.6348
882,1.021
883,0.06939
884,1.821
885,1.613
886,0.2194
887,0.2377
888,0.326
889,0.9281
890,2.041
891,0.6069
892,0.732
893,0.6459
894,2.423
895,0.805
896,0.0155
897,1.133
898,0.7891
899,0.8478
900,0.8267
901,0.4666
902,0.7192
903,0.02704
904,0.9229
905,0.7797
906,1.851
907,0.9911
908,0.4891
909,1.326
910,0.7928
911,0.1144
912,0.8021
913,0.7203
914,1.121
915,1.972
916,0.9515
917,0.3715
918,0.3005
919,0.587
920,0.1692
921,1.595
922,0.9835
923,1.434
924,0.007669
925,0.301
926,1.49
927,0.7465
928,0.9188
929,2.231
930,0.6485
931,2.458
932,1.225
933,0.1492
934,2.467
935,1.302
936,0.4574
937,0.2528
938,0.09908
939,0.5062
940,0.5654
941,1.787
942,1.633
943,0.646
944,0.4792
945,1.16
946,1.501
947,1.938
948,0.2348
949,0.2052
950,0.6661
951,1.442
952,0.9124
953,1.229
954,1.35
955,0.3778
956,1.832
957,0.02027
958,0.6811
959,0.1358
960,1.218
961,1.093
962,0.9064
963,0.2505
964,1.881
965,1.583
966,0.2816
967,1.747
968,0.2388
969,1.261
970,1.204
971,1.543
972,1.78
973,0.2937
974,0.4218
975,0.3354
976,0.9437
977,0.8761
978,0.7194
979,1.31
980,2.707
981,0.4719
982,2.285
983,1.392
984,1.039
985,0.1937
986,1.774
987,0.006111
988,0.1054
989,0.7546
990,1.184
991,0.1595
992,0.8396
993,0.2763
994,0.1136
995,0.8861
996,2.432
997,0.06475
998,0.4804
999,1.491
1000,2.479
1001,0.08509
1002,0.3207
1003,0.9174
1004,0.4855
1005,0.2265
1006,0.9589
1007,2.08
1008,0.4847
1009,0.2757
1010,0.4323
1011,1.124
1012,0.272
1013,2.544
1014,2.101
1015,0.8446
1016,0.2903
1017,0.4548
1018,1.194
1019,2.11
1020,0.01567
1021,0.7412
1022,0.8884
1023,1.009
1024,0.9237
1025,0.7511
1026,1.448
1027,0.003707
1028,0.7575
1029,0.03452
1030,0.7195
1031,1.673
1032,0.6182
1033,0.6413
1034,0.4751
1035,0.4169
1036,1.273
1037,0.4987
1038,0.7097
1039,0.08396
1040,0.3225
1041,0.3019
1042,1.253
1043,0.8749
1044,1.224
1045,0.67
1046,0.9555
1047,0.2431
1048,0.64
1049,0.7622
1050,0.7315
1051,1.015
1052,0.9416
1053,1.77
1054,0.09388
1055,0.5599
1056,1.951
1057,0.383
1058,0.8613
1059,0.9881
1060,0.6302
1061,0.7169
1062,0.911
1063,2.31
1064,0.0836
1065,0.4277
1066,1.681
1067,0.4903
1068,0.3277
1069,0.9557
1070,1.381
1071,0.4149
1072,0.08097
1073,0.2078
1074,1.357
1075,1.39
1076,1.508
1077,0.3467
1078,0.1532
1079,0.4141
1080,1.633
1081,0.02757
1082,1.911
1083,0.5684
1084,0.05757
1085,1.08
1086,1.415
1087,0.7931
1088,1.415
1089,0.2823
1090,0.7127
1091,0.7323
1092,0.2318
1093,1.102
1094,2.247
1095,0.9835
1096,0.01725
1097,0.7407
1098,1.413
1099,2.07
1100,0.05472
1101,0.1706
1102,0.6225
1103,0.7555
1104,1.364
1105,0.8996
1106,1.39
1107,0.6975
1108,0.1636
1109,0.9083
1110,2.219
1111,0.07599
1112,1.42
1113,0.2781
1114,0.2294
1115,0.8456
1116,0.9529
1117,0.03535
1118,2.061
1119,1.612
1120,1.215
1121,1.075
1122,2.215
1123,0.4665
1124,0.105
1125,0.4249
1126,0.1444
1127,1.558
1128,0.5589
1129,0.3664
1130,1.327
1131,1.237
1132,0.8567
1133,0.1141
1134,0.2206
1135,0.04247
1136,0.02643
1137,0.9239
1138,1.076
1139,0.0002995
1140,0.1941
1141,0.874
1142,1.68
1143,0.4086
1144,0.05695
1145,1.268
1146,0.1963
1147,1.261
1148,0.01521
1149,0.3932
1150,0.9081
1151,0.7735
1152,0.03448
1153,0.2295
1154,0.6079
1155,1.221
1156,2.256
1157,1.291
1158,0.312
1159,0.9443
1160,1.304
1161,2.663
1162,0.7432
1163,0.7794
1164,0.9603
1165,2.455
1166,1.021
1167,0.8675
1168,1.084
1169,0.9075
1170,0.3727
1171,0.3427
1172,0.5014
1173,1.619
1174,2.231
1175,0.7591
1176,0.001676
1177,0.4371
1178,1.263
1179,1.417
1180,0.9102
1181,1.35
1182,0.1342
1183,0.7135
1184,1.104
1185,0.2198
1186,1.695
1187,0.05246
1188,1.224
1189,1.407
1190,1.448
1191,2.163
1192,0.09744
1193,0.4536
1194,0.297
1195,0.007381
1196,0.2076
1197,0.6329
1198,0.9807
1199,0.714
1200,0.8327
1201,1.925
1202,1.759
1203,0.8079
1204,0.4645
1205,0.8511
1206,1.67
1207,1.374
1208,1.266
1209,0.8603
1210,1.487
1211,1.052
1212,0.4891
1213,0.7135
1214,0.381
1215,0.1987
1216,1.179
1217,2.124
1218,2
1219,0.5784
1220,0.04773
1221,1.079
1222,0.3806
1223,2.056
1224,1.357
1225,0.5003
1226,0.3743
1227,0.6682
1228,1.663
1229,2.211
1230,1.084
1231,2.677
1232,0.5762
1233,0.8403
1234,1.218
1235,0.7805
1236,0.1353
1237,1.192
1238,0.7241
1239,0.6727
1240,0.8516
1241,1.508
1242,1.527
1243,0.2782
1244,1.343
1245,1.437
1246,1.439
1247,0.16
1248,0.5961
1249,0.6244
1250,0.2649
1251,0.5056
1252,0.1417
1253,0.9385
1254,1.12
1255,0.1963
1256,1.526
1257,0.7546
1258,1.085
1259,1.248
1260,1.48
1261,1.667
1262,0.237
1263,0.6979
1264,0.6639
1265,1.663
1266,1.318
1267,0.6871
1268,1.461
1269,0.1968
1270,0.3778
1271,0.1838
1272,0.2483
1273,0.9379
1274,1.184
1275,0.1764
1276,0.1848
1277,0.3452
1278,0.6334
1279,1.006
1280,0.5616
1281,1.472
1282,1.678
1283,2.304
1284,1.308
1285,1.09
1286,0.8014
1287,0.6061
1288,2.59
1289,0.008076
1290,1.577
1291,1.307
1292,1.314
1293,0.6709
1294,1.204
1295,0.8126
1296,0.05043
1297,1.903
1298,1.273
1299,0.6923
1300,0.3052
1301,0.5396
1302,0.2025
1303,0.9243
1304,0.5264
1305,1.134
1306,1.819
1307,0.4997
1308,1.566
1309,1.158
1310,0.7506
1311,1.569
1312,0.4579
1313,0.5061
1314,0.8377
1315,2.48
1316,0.5821
1317,0.8372
1318,0.08126
1319,0.2535
1320,0.04457
1321,0.1181
1322,1.255
1323,1.132
1324,2.364
1325,2.603
1326,2.017
1327,1.266
1328,0.5003
1329,0.9725
1330,0.329
1331,1.205
1332,0.6409
1333,1.551
1334,2.679
1335,0.4207
1336,0.07508
1337,0.7032
1338,0.1956
1339,2.416
1340,1.311
1341,0.02844
1342,0.1557
1343,0.04498
1344,0.09998
1345,1.348
1346,0.8418
1347,0.6853
1348,0.9858
1349,0.4716
1350,0.2116
1351,0.4022
1352,1.357
1353,1.461
1354,2.62
1355,0.4457
1356,1.256
1357,1.335
1358,1.426
1359,0.09821
1360,0.7449
1361,1.943
1362,0.07117
1363,0.5168
1364,1.188
1365,1.028
1366,2.542
1367,0.5542
1368,1.307
1369,1.078
1370,1.124
1371,0.7213
1372,1.043
1373,0.6679
1374,0.2236
1375,1.225
1376,0.01777
1377,0.996
1378,0.1948
1379,0.9055
1380,0.9209
1381,0.3569
1382,0.8499
1383,1.752
1384,0.2952
1385,0.7176
1386,0.04675
1387,1.041
1388,1.625
1389,0.09786
1390,0.06297
1391,0.6122
1392,1.62
1393,1.221
1394,1.811
1395,2.577
1396,0.7125
1397,2.282
1398,0.471
1399,1.567
1400,1.555
1401,0.07739
1402,0.9108
1403,0.4944
1404,1.375
1405,0.1163
1406,0.8092
1407,0.1067
1408,2.376
1409,1.108
1410,1.574
1411,0.2281
1412,0.1586
1413,0.5436
1414,2.264
1415,1.033
1416,0.09677
1417,0.7343
1418,0.6885
1419,1.534
1420,1.092
1421,0.387
1422,0.7958
1423,1.298
1424,1.285
1425,0.1449
1426,1.218
1427,1.449
1428,0.2917
1429,1.291
1430,0.8094
1431,1.56
1432,0.3335
1433,1.437
1434,0.4506
1435,0.05498
1436,0.8138
1437,2.275
1438,1.314
1439,0.6558
1440,1.597
1441,0.5588
1442,1.16
1443,0.4246
1444,2.07
1445,0.3703
1446,0.1148
1447,0.8472
1448,1.24
1449,0.7864
1450,1.941
1451,1.971
1452,0.3911
1453,1.02
1454,0.9759
1455,0.497
1456,0.5087
1457,0.2157
1458,0.9343
1459,1.356
1460,0.7494
1461,0.299
1462,2.033
1463,0.8263
1464,1.512
1465,1.406
1466,1.213
1467,1.271
1468,0.1138
1469,1.379
1470,0.1567
1471,0.0561
1472,0.04009
1473,0.3322
1474,2.105
1475,0.7291
1476,1.036
1477,0.955
1478,2.212
1479,0.008184
1480,1.737
1481,1.058
1482,0.1893
1483,0.5902
1484,0.5465
1485,0.2084
1486,0.318
1487,0.4453
1488,0.01995
1489,0.6392
1490,1.686
1491,1.59
1492,0.5251
1493,0.9957
1494,0.8111
1495,0.7752
1496,0.8575
1497,0.7255
1498,1.493
1499,0.7011
1500,1.777
1501,2.421
1502,1.238
1503,1.828
1504,1.014
1505,1.863
1506,0.7601
1507,1.44
1508,0.1737
1509,0.6321
1510,0.7799
1511,0.3936
1512,0.4011
1513,0.365
1514,0.8559
1515,0.8312
1516,0.03863
1517,2.43
1518,1.511
1519,2.329
1520,1.106
1521,0.3456
1522,0.9341
1523,1.668
1524,0.7328
1525,0.9539
1526,0.1062
1527,0.6524
1528,0.874
1529,0.01741
1530,0.3765
1531,1.379
1532,0.2426
1533,0.5386
1534,0.4312
1535,0.2561
1536,0.8794
1537,0.9913
1538,0.4148
1539,0.3335
1540,2.128
1541,0.7862
1542,1.112
1543,0.9095
1544,0.4099
1545,0.4164
1546,1.029
1547,0.3614
1548,2.621
1549,0.1463
1550,1.266
1551,1.646
1552,0.5524
1553,1.89
1554,0.718
1555,0.2723
1556,0.566
1557,1.028
1558,1.193
1559,1.135
1560,1.76
1561,1.001
1562,0.08669
1563,0.2802
1564,0.9507
1565,0.9452
1566,1.117
1567,1.167
1568,1.306
1569,0.02163
1570,0.5483
1571,0.384
1572,0.09924
1573,0.4902
1574,1.411
1575,0.1577
1576,2.77
1577,1.986
1578,0.5586
1579,2.287
1580,2.344
1581,1.275
1582,2.989
1583,2.408
1584,0.0009403
1585,0.4757
1586,0.1267
1587,0.1083
1588,0.6442
1589,0.09762
1590,1.592
1591,0.6014
1592,1.173
1593,0.5219
1594,1.801
1595,1.695
1596,0.9687
1597,0.277
1598,0.283
1599,1.005
1600,0.07064
1601,1.518
1602,0.6735
1603,0.8016
1604,0.5136
1605,0.6512
1606,0.588
1607,0.603
1608,0.2134
1609,0.6747
1610,0.233
1611,0.069
1612,0.9303
1613,1.149
1614,1.955
1615,0.7234
1616,0.9623
1617,2.099
1618,0.3906
1619,1.872
1620,1.235
1621,0.5182
1622,1.713
1623,0.258
1624,0.5064
1625,0.6858
1626,0.4035
1627,1.487
1628,0.7228
1629,0.3473
1630,0.5164
1631,1.016
1632,0.2129
1633,0.08727
1634,0.6274
1635,0.3412
1636,0.8454
1637,1.106
1638,0.6539
1639,1.449
1640,0.3676
1641,1.214
1642,0.9195
1643,1.202
1644,0.5983
1645,1.305
1646,1.099
1647,0.631
1648,0.648
1649,0.9662
1650,1.528
1651,0.8724
1652,0.5169
1653,1.213
1654,0.328
1655,0.6313
1656,0.8272
1657,1.626
1658,1.61
1659,0.3458
1660,0.9795
1661,1.796
1662,0.2142
1663,0.5017
1664,1.011
1665,0.4624
1666,1.148
1667,0.2739
1668,1.103
1669,0.386
1670,1.043
1671,0.9776
1672,0.5226
1673,1.166
1674,2.071
1675,0.2812
1676,0.4813
1677,0.4653
1678,0.7295
1679,1.406
1680,0.6061
1681,0.2198
1682,1.076
1683,0.209
1684,0.5084
1685,0.3195
1686,0.5791
1687,0.3482
1688,1.455
1689,1.242
1690,1.408
1691,0.5335
1692,0.9012
1693,1.609
1694,0.2493
1695,0.6465
1696,0.9328
1697,0.2588
1698,1.197
1699,0.6475
1700,1.052
1701,0.2887
1702,0.791
1703,0.3649
1704,1.624
1705,0.5142
1706,0.92
1707,0.1595
1708,1.887
1709,0.2191
1710,0.07932
1711,0.2116
1712,1.008
1713,0.6841
1714,1.741
1715,0.3267
1716,0.1309
1717,0.8926
1718,0.1394
1719,0.05229
1720,0.7633
1721,0.2026
1722,1.568
1723,0.381
1724,0.2843
1725,1.454
1726,0.5502
1727,0.5699
1728,0.7633
1729,0.857
1730,1.821
1731,0.2881
1732,0.1904
1733,0.3644
1734,0.8183
1735,1.083
1736,1.977
1737,0.4675
1738,0.2141
1739,0.48
1740,1.913
1741,0.7757
1742,0.2412
1743,0.1394
1744,1.361
1745,0.6343
1746,0.3876
1747,0.3901
1748,0.6429
1749,2.421
1750,0.09301
1751,0.3845
1752,1.752
1753,0.5576
1754,2.359
1755,0.9103
1756,0.2128
1757,0.7306
1758,1.164
1759,1.231
1760,0.1694
1761,1.27
1762,0.2596
1763,0.2667
1764,0.593
1765,0.7361
1766,1.189
1767,1.495
1768,0.007951
1769,1.184
1770,0.4917
1771,1.762
1772,1.434
1773,0.5788
1774,0.5443
1775,1.663
1776,0.1417
1777,0.7451
1778,2.462
1779,0.2236
1780,0.31
1781,0.752
1782,0.4849
1783,0.2171
1784,1.374
1785,0.3108
1786,0.3228
1787,0.1912
1788,0.5964
1789,0.843
1790,0.5659
1791,0.608
1792,0.333
1793,0.1393
1794,1.162
1795,0.4488
1796,1.035
1797,0.7704
1798,0.8968
1799,1.997
1800,0.6108
1801,0.8834
1802,2.303
1803,0.1726
1804,0.05188
1805,0.3044
1806,0.07858
1807,0.1603
1808,0.9941
1809,0.2801
1810,0.2543
1811,1.36
1812,1.472
1813,2.428
1814,0.4256
1815,1.471
1816,1.665
1817,0.06765
1818,0.05271
1819,0.7602
1820,1.548
1821,0.3532
1822,0.9278
1823,0.5167
1824,0.2968
1825,0.4304
1826,0.5402
1827,0.5795
1828,0.4609
1829,0.08546
1830,0.3697
1831,1.217
1832,0.6284
1833,0.4888
1834,1.002
1835,0.6323
1836,1.219
1837,0.695
1838,0.2375
1839,0.6553
1840,0.8965
1841,0.5062
1842,0.4922
1843,0.1746
1844,0.9133
1845,0.4708
1846,4.336e-05
1847,0.5685
1848,0.05133
1849,2.37
1850,0.6206
1851,0.1728
1852,0.9143
1853,0.6683
1854,0.3762
1855,0.7836
1856,1.824
1857,0.653
1858,0.4543
1859,1.067
1860,0.913
1861,0.1075
1862,0.6965
1863,0.2664
1864,0.2623
1865,2.367
1866,0.7334
1867,0.09325
1868,0.02584
1869,0.7285
1870,0.5689
1871,1.013
1872,2.255
1873,0.1786
1874,0.5416
1875,1.609
1876,1.536
1877,1.741
1878,0.1899
1879,0.4354
1880,0.8983
1881,1.736
1882,2.394
1883,0.04326
1884,1.69
1885,1.046
1886,0.09429
1887,0.7013
1888,0.2828
1889,0.76
1890,2.273
1891,0.7981
1892,1.558
1893,1.256
1894,0.4415
1895,0.9877
1896,0.3366
1897,0.7257
1898,0.08516
1899,0.3542
1900,0.8223
1901,0.8653
1902,1.497
1903,2.264
1904,1.327
1905,1.291
1906,1.115
1907,0.5488
1908,0.7125
1909,2.316
1910,6.012e-05
1911,0.2062
1912,0.5951
1913,0.8696
1914,0.2039
1915,1.745
1916,1.532
1917,0.6641
1918,0.7729
1919,0.08013
1920,0.2783
1921,1.282
1922,0.3834
1923,0.5077
1924,1.933
1925,0.04566
1926,0.6555
1927,1.442
1928,0.167
1929,0.4707
1930,0.9243
1931,0.01488
1932,1.856
1933,0.7801
1934,1.173
1935,1.165
1936,0.2465
1937,0.1976
1938,0.6132
1939,1.119
1940,0.6268
1941,1.434
1942,0.02373
1943,0.03033
1944,0.3158
1945,0.00945
1946,0.3879
1947,1.245
1948,0.03242
1949,1.22
1950,1.167
1951,1.731
1952,1.115
1953,0.7076
1954,1.33
1955,0.6944
1956,0.296
1957,0.3146
1958,0.1352
1959,1.146
1960,0.2112
1961,0.5986
1962,1.289
1963,0.2737
1964,1.462
1965,0.7196
1966,2.179
1967,0.02361
1968,0.637
1969,0.787
1970,0.6746
1971,0.3403
1972,1.509
1973,1.159
1974,1.206
1975,1.23
1976,0.1523
1977,0.4112
1978,0.09478
1979,0.09521
1980,0.2224
1981,2.03
1982,0.7266
1983,0.6115
1984,1.228
1985,0.1597
1986,0.8154
1987,0.09023
1988,0.06458
1989,0.7
1990,0.7705
1991,0.9818
1992,0.4022
1993,1.129
1994,1.054
1995,0.465
1996,0.4791
1997,0.3786
1998,0.2497
1999,1.017
2000,0.2676
2001,0.8244
2002,1.588
2003,0.356
2004,1.074
2005,1.693
2006,0.7015
2007,0.4177
2008,0.7076
2009,1.661
2010,2.18
2011,0.8312
2012,0.2696
2013,0.9793
2014,1.662
2015,1.712
2016,0.3978
2017,0.06421
2018,0.1286
2019,0.337
2020,1.87
2021,0.8124
2022,1.271
2023,0.4542
2024,0.7989
2025,1.994
2026,1.142
2027,0.3487
2028,1.915
2029,0.8629
2030,1.856
2031,0.9071
2032,0.1571
2033,0.3845
2034,2.921
2035,0.4323
2036,1.548
2037,0.1804
2038,1.293
2039,0.1038
2040,0.2491
2041,0.9002
2042,1.685
2043,0.5324
2044,0.1899
2045,1.002
2046,2.103
2047,0.7294
2048,0.5055
2049,0.3514
2050,0.1971
2051,1.611
2052,1.006
2053,0.3107
2054,1.307
2055,0.1268
2056,1.823
2057,0.874
2058,1.581
2059,0.4192
2060,0.7811
2061,0.04122
2062,1.943
2063,0.2378
2064,0.7863
2065,0.05917
2066,0.4061
2067,0.5082
2068,0.2634
2069,0.3892
2070,0.7416
2071,0.1981
2072,1.612
2073,0.2405
2074,0.233
2075,1.741
2076,0.1148
2077,1.408
2078,0.5529
2079,1.241
2080,1.332
2081,0.5007
2082,1.06
2083,1.565
2084,1.976
2085,0.9908
2086,0.3547
2087,0.251
2088,1.417
2089,0.1695
2090,2.233
2091,0.06709
2092,1.176
2093,0.9475
2094,1.528
2095,1.289
2096,2.333
2097,2.017
2098,0.8403
2099,1.073
2100,0.559
2101,1.341
2102,0.4069
2103,0.3658
2104,0.6492
2105,0.6756
2106,0.2246
2107,0.7011
2108,0.05952
2109,0.0559
2110,1.835
2111,1.084
2112,0.4225
2113,1.207
2114,0.005678
2115,0.6113
2116,2.217
2117,1.009
2118,0.1829
2119,0.5318
2120,0.2736
2121,0.2152
2122,1.391
2123,1.437
2124,0.2309
2125,0.08739
2126,0.9536
2127,0.6818
2128,0.4601
2129,0.8556
2130,0.8028
2131,0.2499
2132,0.5851
2133,0.2259
2134,1.263
2135,1.194
2136,0.389
2137,1.999
2138,0.3798
2139,0.04603
2140,0.5658
2141,0.8964
2142,0.4665
2143,1.487
2144,0.5301
2145,0.1464
2146,0.327
2147,0.7158
2148,1.057
2149,1.122
2150,0.9565
2151,0.6332
2152,1.534
2153,0.1449
2154,1.224
2155,0.7228
2156,0.8374
2157,1.078
2158,1.121
2159,0.06149
2160,0.6923
2161,1.255
2162,0.7706
2163,0.9001
2164,0.691
2165,0.1896
2166,0.6003
2167,0.707
2168,0.2237
2169,0.3495
2170,0.7674
2171,0.4898
2172,0.1757
2173,0.8401
2174,0.2042
2175,1.684
2176,1.066
2177,1.036
2178,0.2874
2179,0.5921
2180,0.229
2181,0.2202
2182,0.01157
2183,0.9158
2184,0.5969
2185,1.901
2186,0.8843
2187,0.7799
2188,0.468
2189,0.1531
2190,1.125
2191,1.072
2192,0.1544
2193,0.3446
2194,0.936
2195,0.4305
2196,1.527
2197,1.126
2198,0.7746
2199,0.7907
2200,1.441
2201,0.8302
2202,2.211
2203,0.9577
2204,0.6202
2205,0.5262
2206,0.9348
2207,0.6665
2208,1.495
2209,0.7724
2210,0.9562
2211,0.009467
2212,0.1028
2213,0.5674
2214,0.8728
2215,0.4454
2216,1.557
2217,0.159
2218,0.3312
2219,0.4401
2220,1.067
2221,0.908
2222,2.667
2223,1.321
2224,1.144
2225,1.299
2226,0.9332
2227,0.9972
2228,0.5444
2229,0.6486
2230,0.3251
2231,0.2337
2232,1.407
2233,0.9561
2234,0.5467
2235,0.7262
2236,1.176
2237,0.6337
2238,1.16
2239,1.28
2240,0.6347
2241,0.5416
2242,1.005
2243,0.2228
2244,0.006068
2245,0.9587
2246,0.6141
2247,0.8911
2248,1.698
2249,0.8057
2250,0.2944
2251,1.991
2252,0.8908
2253,1.549
2254,0.3771
2255,1.722
2256,0.833
2257,2.584
2258,2.074
2259,0.01043
2260,0.6435
2261,0.5441
2262,0.6133
2263,0.04679
2264,0.584
2265,1.217
2266,1.176
2267,1.083
2268,0.8016
2269,0.1291
2270,0.5462
2271,0.6801
2272,0.7091
2273,0.7175
2274,1.598
2275,0.8934
2276,0.035
2277,0.6817
2278,0.2551
2279,1.704
2280,1.655
2281,0.7646
2282,0.1484
2283,0.6642
2284,0.01119
2285,0.631
2286,0.6818
2287,0.4442
2288,0.02657
2289,0.6305
2290,0.2758
2291,1.216
2292,0.5366
2293,1.171
2294,0.5077
2295,0.8503
2296,0.2716
2297,1.632
2298,0.1535
2299,0.4509
2300,1.539
2301,1.787
2302,0.7079
2303,0.4033
2304,1.546
2305,0.8178
2306,0.5262
2307,0.6319
2308,1.138
2309,0.0118
2310,1.853
2311,0.6684
2312,1.361
2313,0.03404
2314,0.4994
2315,0.5279
2316,0.4533
2317,0.5226
2318,0.4363
2319,1.024
2320,0.06708
2321,0.941
2322,1.419
2323,0.1884
2324,0.7047
2325,0.5248
2326,0.3508
2327,0.4741
2328,0.7213
2329,0.03648
2330,0.3237
2331,0.7917
2332,0.6709
2333,1.127
2334,0.3789
2335,0.3184
2336,0.4604
2337,0.3158
2338,2.192
2339,0.1524
2340,0.508
2341,0.9105
2342,0.3854
2343,0.2302
2344,0.2348
2345,0.8344
2346,0.3558
2347,0.2976
2348,0.9853
2349,0.2903
2350,0.9291
2351,0.48
2352,0.0931
2353,0.8893
2354,1.08
2355,0.2038
2356,0.1931
2357,0.5339
2358,1.703
2359,0.3216
2360,1.282
2361,1.04
2362,0.4747
2363,0.3133
2364,0.00994
2365,0.685
2366,1.342
2367,1.559
2368,0.9189
2369,0.9384
2370,0.2412
2371,0.9506
2372,0.6108
2373,0.5328
2374,1.257
2375,0.616
2376,2.177
2377,2.06
2378,0.4197
2379,1.129
2380,0.1132
2381,0.639
2382,1.284
2383,0.1303
2384,1.583
2385,1.213
2386,0.4259
2387,0.6847
2388,2.009
2389,0.6033
2390,0.3042
2391,0.8091
2392,2.345
2393,0.2903
2394,0.3329
2395,2.221
2396,0.1975
2397,0.1349
2398,0.3591
2399,0.3329
2400,0.2976
2401,0.5958
2402,1.437
2403,0.1888
2404,0.4767
2405,0.2157
2406,1.801
2407,0.9753
2408,1.098
2409,1.609
2410,1.985
2411,1.386
2412,0.8418
2413,0.978
2414,1.772
2415,0.8806
2416,0.4321
2417,1.083
2418,0.6152
2419,0.02367
2420,1.864
2421,1.297
2422,1.954
2423,0.2622
2424,0.6766
2425,0.559
2426,2.021
2427,0.2927
2428,0.7594
2429,0.9973
2430,0.5
2431,1.638
2432,0.4197
2433,1.427
2434,0.9881
2435,0.2914
2436,2.268
2437,0.139
2438,0.4386
2439,0.1635
2440,1.014
2441,1.855
2442,0.2029
2443,2.286
2444,1.098
2445,0.7884
2446,0.0162
2447,1.594
2448,1.304
2449,0.7364
2450,0.5671
2451,0.05685
2452,0.1137
2453,0.6388
2454,2.406
2455,0.1284
2456,0.997
2457,1.154
2458,0.6956
2459,0.813
2460,0.335
2461,0.6357
2462,1.015
2463,0.6652
2464,1.111
2465,0.2858
2466,1.497
2467,1.304
2468,1.087
2469,0.06793
2470,1.385
2471,1.317
2472,1.553
2473,0.8872
2474,0.4845
2475,2.654
2476,0.5385
2477,0.3846
2478,1.038
2479,0.1237
2480,0.2418
2481,0.4381
2482,2.847
2483,1.215
2484,0.08541
2485,0.2106
2486,0.7307
2487,0.415
2488,0.7341
2489,0.4766
2490,0.5934
2491,0.2621
2492,0.5017
2493,0.9613
2494,0.9603
2495,0.403
2496,1.059
2497,0.5705
2498,0.139
2499,0.4923
2500,0.06989
2501,0.4046
2502,1.087
2503,0.3688
2504,0.1309
2505,2.155
2506,0.7302
2507,0.7895
2508,0.6661
2509,1.146
2510,2.473
2511,1.594
2512,0.4801
2513,1.175
2514,0.8372
2515,0.06211
2516,0.1679
2517,1.211
2518,1.181
2519,1.347
2520,1.567
2521,0.3615
2522,0.5935
2523,0.3087
2524,0.4197
2525,2.078
2526,1.844
2527,1.686
2528,0.8166
2529,0.04033
2530,0.1415
2531,0.4402
2532,0.589
2533,0.1021
2534,0.7757
2535,1.42
2536,1.605
2537,0.5895
2538,0.2861
2539,0.1597
2540,0.4205
2541,0.9469
2542,0.6534
2543,0.1913
2544,0.6331
2545,0.1976
2546,0.3856
2547,1.855
2548,0.07281
2549,0.1795
2550,0.4001
2551,0.03693
2552,0.7286
2553,1.048
2554,1.572
2555,1.862
2556,0.1927
2557,1.136
2558,1.255
2559,0.8611
2560,0.9634
2561,0.186
2562,0.6774
2563,0.7754
2564,0.2156
2565,1.111
2566,0.6866
2567,1.064
2568,0.375
2569,1.143
2570,0.9144
2571,0.6372
2572,1.042
2573,0.5154
2574,0.4555
2575,1.919
2576,0.5714
2577,0.6212
2578,2.511
2579,1.263
2580,1.555
2581,1.388
2582,0.584
2583,1.4
2584,1.353
2585,0.3999
2586,0.2148
2587,0.9924
2588,0.4461
2589,0.03709
2590,1.07
2591,0.00404
2592,1.094
2593,0.3902
2594,0.00804
2595,0.4501
2596,0.2933
2597,0.3417
2598,0.5421
2599,0.6918
2600,0.1222
2601,0.9833
2602,0.6576
2603,0.2285
2604,0.5626
2605,0.6405
2606,0.1518
2607,0.1544
2608,1.023
2609,0.5463
2610,0.2215
2611,1.362
2612,0.8715
2613,0.3015
2614,0.4857
2615,0.1762
2616,0.7352
2617,1.453
2618,1.825
2619,1.705
2620,1.021
2621,1.807
2622,0.7249
2623,2.341
2624,1.463
2625,1.798
2626,0.5398
2627,1.989
2628,0.8627
2629,0.02398
2630,0.4799
2631,0.6778
2632,0.7337
2633,1.323
2634,0.8894
2635,0.5078
2636,0.7057
2637,0.01336
2638,0.461
2639,0.2711
2640,1.647
2641,1.702
2642,1.977
2643,0.7686
2644,0.5853
2645,0.1519
2646,0.3698
2647,0.3662
2648,0.5714
2649,0.2655
2650,1.537
2651,0.8115
2652,0.6994
2653,0.2152
2654,0.5041
2655,0.5435
2656,0.9994
2657,0.9854
2658,0.06033
2659,1.795
2660,0.4523
2661,0.709
2662,1.129
2663,0.2049
2664,1.182
2665,1.156
2666,1.733
2667,0.385
2668,0.7375
2669,0.4516
2670,1.703
2671,0.4137
2672,0.1846
2673,1.032
2674,0.1846
2675,0.5988
2676,1.849
2677,0.5135
2678,1.154
2679,1.938
2680,0.1035
2681,1.269
2682,0.6302
2683,2.395
2684,1.713
2685,0.3047
2686,0.6718
2687,0.3339
2688,0.4467
2689,0.1369
2690,0.06149
2691,1.288
2692,1.02
2693,0.8049
2694,1.393
2695,1.335
2696,1.018
2697,1.105
2698,0.281
2699,0.02465
2700,0.4961
2701,1.055
2702,0.3164
2703,0.5129
2704,0.3576
2705,0.8921
2706,1.059
2707,0.1589
2708,0.3565
2709,0.3246
2710,0.5001
2711,0.935
2712,0.07002
2713,0.8362
2714,2.21
2715,0.5222
2716,1.874
2717,1.876
2718,1.346
2719,1.72
2720,0.5161
2721,2.045
2722,0.09223
2723,0.09237
2724,0.6925
2725,0.8447
2726,0.2293
2727,0.5901
2728,1.607
2729,0.3935
2730,1.219
2731,0.7076
2732,0.7791
2733,0.06808
2734,1.424
2735,1.614
2736,0.3874
2737,1.577
2738,1.769
2739,2.478
2740,0.3569
2741,0.7594
2742,0.8616
2743,0.5029
2744,0.6203
2745,2.071
2746,1.338
2747,0.2124
2748,0.7092
2749,0.03337
2750,1.363
2751,1.043
2752,0.103
2753,0.3793
2754,0.2238
2755,0.4103
2756,0.4904
2757,0.3354
2758,0.1405
2759,0.4292
2760,1.415
2761,0.9337
2762,2.69
2763,0.4205
2764,0.1041
2765,1.017
2766,1.03
2767,1.513
2768,0.5819
2769,0.4435
2770,1.15
2771,0.692
2772,0.1399
2773,1.144
2774,0.3768
2775,0.9165
2776,1.675
2777,1.726
2778,0.5181
2779,1.026
2780,1.843
2781,1.007
2782,0.946
2783,0.991
2784,0.01833
2785,0.1072
2786,0.3997
2787,0.3228
2788,0.8615
2789,0.5646
2790,0.9053
2791,0.7514
2792,0.2204
2793,0.4404
2794,0.9833
2795,0.143
2796,1.527
2797,0.565
2798,0.5284
2799,1.713
2800,1.337
2801,0.8731
2802,2.01
2803,2.075
2804,1.464
2805,0.3074
2806,0.14
2807,0.7633
2808,0.8161
2809,0.4851
2810,1.379
2811,1.101
2812,1.52
2813,0.8957
2814,0.7171
2815,0.3479
2816,1.755
2817,1.054
2818,0.621
2819,1.309
2820,1.545
2821,1.436
2822,1.481
2823,1.025
2824,1.459
2825,0.7198
2826,1.189
2827,0.4136
2828,1.034
2829,0.7846
2830,0.1931
2831,0.1265
2832,1.473
2833,0.2448
2834,0.3192
2835,1.417
2836,2.016
2837,0.1586
2838,0.1494
2839,0.4879
2840,2.477
2841,0.954
2842,1.533
2843,2.081
2844,0.5655
2845,1.925
2846,1.111
2847,1.777
2848,0.239
2849,2.383
2850,0.8791
2851,0.1434
2852,0.5123
2853,0.03251
2854,1.67
2855,1.746
2856,0.4929
2857,0.6885
2858,0.01036
2859,1.071
2860,0.1839
2861,1.484
2862,0.09181
2863,1.455
2864,0.1399
2865,0.4777
2866,1.334
2867,1.219
2868,0.2458
2869,0.1002
2870,0.07434
2871,0.9569
2872,0.1209
2873,0.3419
2874,0.9091
2875,0.2281
2876,0.1799
2877,0.9106
2878,1.031
2879,0.7788
2880,1.911
2881,1.915
2882,1.388
2883,1.101
2884,1.808
2885,0.4373
2886,0.2198
2887,2.218
2888,1.51
2889,0.3068
2890,0.7599
2891,1.183
2892,0.3219
2893,1.519
2894,0.448
2895,1.729
2896,1.32
2897,0.9767
2898,0.6093
2899,1.724
2900,0.7068
2901,1.244
2902,0.4207
2903,0.2742
2904,0.2541
2905,0.5904
2906,1.056
2907,0.2539
2908,0.3155
2909,0.7554
2910,0.01836
2911,0.4673
2912,1.585
2913,0.2577
2914,1.644
2915,1.938
2916,0.5697
2917,0.8691
2918,0.1096
2919,0.4365
2920,0.5909
2921,0.8415
2922,0.4153
2923,1.526
2924,0.4912
2925,0.09659
2926,0.5509
2927,1.634
2928,2.024
2929,1.393
2930,0.5959
2931,1.058
2932,1.832
2933,0.7151
2934,0.1744
2935,0.008044
2936,0.08425
2937,2.148
2938,0.3405
2939,0.074
2940,0.8685
2941,0.2861
2942,1.376
2943,1.418
2944,0.08938
2945,0.2536
2946,1.29
2947,0.5123
2948,0.39
2949,1.125
2950,0.1755
2951,1.658
2952,0.2884
2953,0.3227
2954,0.5684
2955,1.341
2956,1.644
2957,1.33
2958,1.992
2959,1.319
2960,0.2861
2961,0.09257
2962,1.749
2963,0.6013
2964,1.984
2965,0.3502
2966,0.873
2967,0.82
2968,0.1883
2969,0.8734
2970,3.729
2971,0.1597
2972,0.9686
2973,0.9879
2974,0.2091
2975,0.4379
2976,0.07968
2977,2.1
2978,0.8816
2979,0.4507
2980,0.7011
2981,1.572
2982,3.135
2983,0.848
2984,1.627
2985,0.09658
2986,1.919
2987,0.5675
2988,0.5322
2989,0.9242
2990,2.936
2991,1.846
2992,0.3526
2993,0.1042
2994,0.4344
2995,2.694
2996,1.358
2997,2.022
2998,0.2036
2999,0.8916
3000,0.09644
3001,0.6703
3002,0.896
3003,0.932
3004,0.2299
3005,1.069
3006,1.356
3007,0.9949
3008,0.7932
3009,0.7963
3010,0.2544
3011,1.196
3012,0.2543
3013,0.8269
3014,0.6744
3015,2.264
3016,0.9477
3017,0.5782
3018,1.872
3019,1.294
3020,0.1849
3021,0.3298
3022,0.07437
3023,1.993
3024,1.274
3025,0.08895
3026,2.293
3027,0.3511
3028,1.985
3029,1.481
3030,1.456
3031,0.09055
3032,0.9118
3033,0.861
3034,0.02675
3035,1.568
3036,2.195
3037,0.03523
3038,0.01354
3039,1.57
3040,1.248
3041,1.309
3042,0.8954
3043,0.845
3044,1.465
3045,2.298
3046,0.1275
3047,1.475
3048,0.3581
3049,0.8701
3050,0.8094
3051,1.029
3052,1.576
3053,0.7951
3054,0.5581
3055,0.8098
3056,1.122
3057,0.1269
3058,0.1856
3059,1.696
3060,0.9234
3061,1.43
3062,1.085
3063,0.2999
3064,0.05896
3065,1.144
3066,0.02029
3067,0.1542
3068,0.1149
3069,0.1987
3070,0.5214
3071,0.6369
3072,1.209
3073,0.4979
3074,0.5868
3075,1.075
3076,0.721
3077,0.7943
3078,1.482
3079,1.219
3080,0.07517
3081,1.559
3082,1.034
3083,0.01083
3084,0.5084
3085,1.291
3086,1.392
3087,0.1844
3088,0.2793
3089,1.617
3090,2.084
3091,1.52
3092,1.075
3093,2.404
3094,0.05051
3095,0.5388
3096,1.082
3097,0.6591
3098,1.254
3099,1.288
3100,1.516
3101,0.5399
3102,1.967
3103,0.4826
3104,0.7618
3105,0.2613
3106,0.03313
3107,0.3673
3108,1.96
3109,1.587
3110,0.1827
3111,0.5936
3112,0.4617
3113,1.083
3114,0.6031
3115,0.7899
3116,0.7613
3117,1.659
3118,0.4508
3119,0.05872
3120,2.305
3121,0.7369
3122,1.404
3123,0.1029
3124,0.01049
3125,1.139
3126,0.1009
3127,0.2832
3128,0.1189
3129,1.099
3130,0.1204
3131,0.4949
3132,0.4944
3133,0.4862
3134,2.071
3135,1.056
3136,0.07639
3137,0.4187
3138,1.827
3139,0.399
3140,0.5722
3141,0.9273
3142,0.9107
3143,1.16
3144,0.6182
3145,0.3591
3146,1.617
3147,1.69
3148,1.031
3149,1.515
3150,0.5065
3151,0.6528
3152,0.7103
3153,1.104
3154,1.046
3155,0.3127
3156,0.09168
3157,0.9965
3158,1.395
3159,0.7274
3160,0.5707
3161,0.8269
3162,0.3454
3163,0.1227
3164,0.4072
3165,2.586
3166,0.8648
3167,0.9064
3168,0.4069
3169,0.006173
3170,0.003882
3171,0.1184
3172,0.4202
3173,1.205
3174,0.1463
3175,1.467
3176,1.58
3177,0.7353
3178,0.08739
3179,0.2109
3180,0.6297
3181,1.013
3182,0.731
3183,0.1152
3184,0.6322
3185,0.1347
3186,0.4899
3187,0.6154
3188,1.247
3189,0.3262
3190,0.1412
3191,0.6342
3192,0.3554
3193,0.8634
3194,0.8808
3195,1.573
3196,0.1796
3197,1.055
3198,0.2447
3199,0.1377
3200,1.431
3201,0.8652
3202,0.254
3203,0.3481
3204,0.9231
3205,0.6335
3206,0.1279
3207,1.124
3208,0.3786
3209,0.4981
3210,2.033
3211,0.5361
3212,2.094
3213,0.5651
3214,0.4534
3215,0.03296
3216,0.2417
3217,0.1851
3218,2.051
3219,1.412
3220,0.02329
3221,0.6407
3222,0.551
3223,1.113
3224,1.952
3225,0.1049
3226,0.2465
3227,0.978
3228,0.08432
3229,2.494
3230,1.894
3231,0.5084
3232,0.4754
3233,1.524
3234,0.3948
3235,0.5828
3236,0.5133
3237,0.7752
3238,0.6055
3239,0.06414
3240,1.046
3241,0.475
3242,0.6508
3243,1.566
3244,1.001
3245,1.115
3246,1.422
3247,0.1505
3248,0.8403
3249,0.2182
3250,1.016
3251,1.019
3252,0.1044
3253,1.133
3254,1.296
3255,0.3168
3256,0.7227
3257,0.5085
3258,0.3089
3259,0.7377
3260,0.45
3261,0.3073
3262,0.3952
3263,1.053
3264,0.9536
3265,0.7656
3266,0.6411
3267,0.6525
3268,0.193
3269,0.8871
3270,1.967
3271,0.1688
3272,1.003
3273,0.6511
3274,0.1684
3275,0.7092
3276,0.1854
3277,2.601
3278,0.7639
3279,1.698
3280,0.8071
3281,0.6834
3282,1.045
3283,1.952
3284,1.75
3285,2.045
3286,0.2387
3287,0.8062
3288,0.686
3289,0.5995
3290,1.147
3291,0.06677
3292,0.4347
3293,2.234
3294,0.6979
3295,1.01
3296,0.5022
3297,0.004697
3298,0.4767
3299,0.177
3300,1.906
3301,0.8338
3302,0.7918
3303,0.5232
3304,1.46
3305,0.8286
3306,0.309
3307,0.00116
3308,0.876
3309,1.759
3310,0.4701
3311,1.383
3312,1.557
3313,0.8332
3314,0.8533
3315,0.2805
3316,0.8828
3317,0.5576
3318,1.395
3319,2.394
3320,1.322
3321,1.435
3322,0.7345
3323,1.337
3324,0.09344
3325,0.8461
3326,0.7118
3327,0.6274
3328,0.2933
3329,0.2808
3330,1.216
3331,0.1456
3332,0.5038
3333,0.3995
3334,1.528
3335,0.4121
3336,1.512
3337,1.899
3338,0.6335
3339,0.93
3340,0.4325
3341,0.9172
3342,0.4154
3343,0.8347
3344,0.2935
3345,1.444
3346,1.603
3347,0.2897
3348,0.9496
3349,1.789
3350,1.073
3351,0.04776
3352,1.035
3353,0.7214
3354,1.486
3355,2.463
3356,1.088
3357,1.494
3358,0.9351
3359,0.6085
3360,0.3381
3361,1.128
3362,0.7154
3363,0.7068
3364,1.977
3365,0.275
3366,1.934
3367,0.663
3368,1.174
3369,0.1657
3370,1.223
3371,1.178
3372,0.1864
3373,0.3783
3374,0.6168
3375,1.487
3376,2.974
3377,0.5535
3378,1.661
3379,1.777
3380,1.062
3381,0.7993
3382,0.8484
3383,1.99
3384,0.9102
3385,0.1159
3386,1.306
3387,1.422
3388,0.3678
3389,0.2594
3390,0.8813
3391,0.1533
3392,0.6049
3393,1.003
3394,8.842e-05
3395,0.02053
3396,0.2284
3397,0.2378
3398,0.3556
3399,0.8928
3400,0.4765
3401,0.1552
3402,1.694
3403,1.145
3404,1.114
3405,1.564
3406,0.2017
3407,0.894
3408,1.697
3409,0.3705
3410,0.6587
3411,0.7172
3412,0.453
3413,0.9483
3414,0.07186
3415,1.784
3416,0.2724
3417,4.008
3418,0.1958
3419,2.099
3420,1.329
3421,1.511
3422,0.2549
3423,0.1049
3424,1.533
3425,0.7071
3426,0.427
3427,1.069
3428,0.1348
3429,0.3411
3430,0.7763
3431,0.5093
3432,0.7294
3433,0.6621
3434,0.1117
3435,1.41
3436,0.8582
3437,0.872
3438,0.038
3439,0.7045
3440,1.231
3441,0.2113
3442,0.4755
3443,1.324
3444,0.6052
3445,0.4387
3446,0.3103
3447,3.02
3448,0.528
3449,1.059
3450,0.2047
3451,0.7261
3452,0.3142
3453,0.1487
3454,0.02233
3455,0.3539
3456,0.02129
3457,0.4653
3458,1.542
3459,0.221
3460,2.066
3461,1.379
3462,0.7875
3463,0.203
3464,1.775
3465,0.4261
3466,0.5482
3467,0.7094
3468,0.3177
3469,0.6915
3470,0.3148
3471,0.3747
3472,0.5652
3473,0.7598
3474,0.5886
3475,1.486
3476,0.9293
3477,0.4272
3478,0.5359
3479,0.5461
3480,0.03654
3481,0.01397
3482,0.2179
3483,1.864
3484,2.128
3485,0.9111
3486,0.6872
3487,1.872
3488,1.771
3489,1.391
3490,1.063
3491,0.5384
3492,0.03416
3493,0.4452
3494,0.8675
3495,0.3738
3496,0.7954
3497,1.004
3498,0.2859
3499,1.202
3500,1.718
3501,1.108
3502,1.013
3503,0.7315
3504,0.2857
3505,0.4782
3506,0.7604
3507,1.252
3508,1.077
3509,1.029
3510,0.1005
3511,1.185
3512,1.298
3513,1.307
3514,1.768
3515,0.6505
3516,1.742
3517,0.05062
3518,1.143
3519,0.9401
3520,0.2891
3521,2.191
3522,0.48
3523,1.007
3524,1.301
3525,0.1467
3526,1.605
3527,1.121
3528,0.008542
3529,1.042
3530,0.9927
3531,0.658
3532,1.694
3533,0.3864
3534,1.418
3535,0.7151
3536,0.03226
3537,0.178
3538,1.377
3539,0.1637
3540,0.4086
3541,0.9589
3542,0.5901
3543,1.354
3544,0.4944
3545,0.691
3546,0.5667
3547,0.5536
3548,1.087
3549,0.9711
3550,0.4719
3551,0.5649
3552,1.911
3553,0.1906
3554,1.237
3555,0.1197
3556,1.103
3557,1.783
3558,1.046
3559,0.6005
3560,1.394
3561,0.03394
3562,1.428
3563,0.5152
3564,1.63
3565,1.024
3566,0.8061
3567,3.421
3568,0.1946
3569,1.111
3570,3.073
3571,1.443
3572,0.3232
3573,0.7169
3574,0.7517
3575,1.272
3576,2.567
3577,0.5672
3578,1.582
3579,0.4605
3580,0.2733
3581,0.7275
3582,0.8892
3583,1.885
3584,0.4583
3585,0.637
3586,0.6249
3587,2.377
3588,0.6763
3589,0.661
3590,1.298
3591,0.8519
3592,0.6662
3593,0.4546
3594,0.3376
3595,2.683
3596,0.6016
3597,0.558
3598,1.256
3599,1.07
3600,0.9505
3601,0.1786
3602,0.6642
3603,1.406
3604,0.4753
3605,1.339
3606,0.1378
3607,0.9908
3608,0.09812
3609,0.4653
3610,1.805
3611,0.8647
3612,0.1423
3613,0.7676
3614,0.6813
3615,0.5044
3616,0.5348
3617,0.2213
3618,0.1986
3619,0.6491
3620,1.024
3621,0.799
3622,0.2705
3623,0.8445
3624,0.009031
3625,0.4343
3626,2.036
3627,2.181
3628,1.266
3629,1.482
3630,0.9809
3631,0.9824
3632,0.6383
3633,0.954
3634,0.2839
3635,1.139
3636,0.9039
3637,1.482
3638,0.5563
3639,0.323
3640,0.35
3641,0.07498
3642,1.587
3643,0.8217
3644,2.626
3645,0.4494
3646,1.259
3647,0.4789
3648,0.3264
3649,0.3136
3650,0.8126
3651,1.099
3652,1.308
3653,0.3111
3654,1.074
3655,0.439
3656,2.491
3657,0.9187
3658,1.417
3659,0.7899
3660,2.208
3661,0.6897
3662,0.9597
3663,0.7565
3664,2.651
3665,0.4049
3666,1.63
3667,0.02895
3668,0.5424
3669,1.118
3670,2.374
3671,0.9591
3672,0.8413
3673,0.3179
3674,1.185
3675,2.509
3676,0.4166
3677,0.1149
3678,1.657
3679,0.8238
3680,0.7407
3681,0.875
3682,0.3676
3683,1.573
3684,0.6732
3685,1.821
3686,1.162
3687,0.06149
3688,0.4811
3689,1.714
3690,0.7799
3691,0.07612
3692,0.2125
3693,0.3643
3694,0.1314
3695,1.304
3696,1.076
3697,1.34
3698,0.8311
3699,0.8989
3700,1.437
3701,0.4217
3702,0.4575
3703,0.3097
3704,0.02055
3705,0.07757
3706,0.3888
3707,1.596
3708,1.414
3709,0.3252
3710,2.618
3711,1.48
3712,1.843
3713,1.374
3714,0.555
3715,1.433
3716,0.7533
3717,0.5889
3718,0.8173
3719,0.2082
3720,0.5432
3721,0.2182
3722,1.046
3723,0.6268
3724,0.774
3725,1.397
3726,0.3741
3727,0.869
3728,0.3641
3729,0.3033
3730,0.5267
3731,1.422
3732,0.1031
3733,0.5934
3734,1.133
3735,1.522
3736,0.04039
3737,0.1474
3738,0.3836
3739,0.07336
3740,1.681
3741,0.1684
3742,0.1447
3743,0.7425
3744,0.5734
3745,0.2412
3746,0.2772
3747,0.973
3748,2.609
3749,0.9459
3750,0.1316
3751,0.6969
3752,0.4712
3753,0.2566
3754,0.7038
3755,0.05379
3756,1.161
3757,1.533
3758,1.283
3759,0.1121
3760,1.237
3761,1.254
3762,1.362
3763,0.7306
3764,2.268
3765,0.0169
3766,1.194
3767,2.78
3768,0.4491
3769,0.3806
3770,0.9765
3771,0.7881
3772,0.05282
3773,0.2734
3774,0.1122
3775,0.3235
3776,0.6486
3777,0.25
3778,0.275
3779,0.1862
3780,1.045
3781,0.8147
3782,0.2071
3783,0.7139
3784,0.01741
3785,0.4514
3786,0.8342
3787,2.517
3788,1.447
3789,0.6308
3790,0.8057
3791,0.2284
3792,2.468
3793,0.7774
3794,0.3259
3795,0.2804
3796,0.7445
3797,0.6407
3798,0.7362
3799,1.044
3800,1.339
3801,0.2681
3802,0.673
3803,1.359
3804,1.116
3805,1.327
3806,0.6222
3807,1.423
3808,1.888
3809,0.9616
3810,1.065
3811,1.683
3812,2.015
3813,0.2647
3814,0.01654
3815,0.718
3816,0.01721
3817,0.1745
3818,0.3791
3819,1.404
3820,1.728
3821,1.859
3822,2.485
3823,0.3111
3824,1.408
3825,0.529
3826,1.831
3827,0.1591
3828,0.7809
3829,0.6803
3830,1.124
3831,0.7266
3832,0.6938
3833,1.16
3834,0.07741
3835,1.44
3836,0.8013
3837,0.9316
3838,0.3509
3839,2.542
3840,0.4873
3841,1.645
3842,0.4609
3843,0.3188
3844,1.124
3845,1.028
3846,0.8334
3847,0.9325
3848,1.686
3849,0.6173
3850,0.2511
3851,0.1801
3852,0.4294
3853,1.288
3854,0.9574
3855,0.3542
3856,0.2722
3857,0.3135
3858,0.5533
3859,1.633
3860,0.0993
3861,0.429
3862,1.1
3863,0.8096
3864,2.687
3865,0.5258
3866,1.319
3867,1.006
3868,0.1457
3869,0.4898
3870,0.6713
3871,1.407
3872,0.2285
3873,1.673
3874,1.052
3875,1.127
3876,1.367
3877,0.8516
3878,0.7437
3879,0.8466
3880,0.08754
3881,0.2349
3882,0.9138
3883,2.667
3884,0.625
3885,0.6292
3886,0.855
3887,0.3549
3888,0.1832
3889,0.1774
3890,0.3829
3891,0.9056
3892,0.3919
3893,0.1614
3894,0.603
3895,1.316
3896,0.5661
3897,0.5771
3898,0.7465
3899,0.6244
3900,0.9828
3901,0.03784
3902,0.3748
3903,1.742
3904,0.3593
3905,0.6301
3906,0.2187
3907,1.254
3908,0.4918
3909,0.3013
3910,0.04791
3911,0.01585
3912,0.05654
3913,1.371
3914,1.557
3915,0.5937
3916,2.192
3917,0.3367
3918,1.435
3919,1.007
3920,0.2861
3921,0.6163
3922,0.7714
3923,0.5612
3924,0.5201
3925,0.8067
3926,1.086
3927,0.03084
3928,2.094
3929,1.264
3930,0.1011
3931,0.1794
3932,0.6749
3933,0.9457
3934,1.52
3935,0.8759
3936,0.2382
3937,0.3849
3938,0.6458
3939,1.183
3940,1.616
3941,0.648
3942,0.3043
3943,0.4602
3944,1.164
3945,1.348
3946,1.486
3947,2.324
3948,1.671
3949,1.232
3950,0.3974
3951,0.5394
3952,0.6973
3953,0.4394
3954,0.3451
3955,3.175
3956,1.615
3957,1.436
3958,0.1543
3959,0.2241
3960,0.2317
3961,0.3237
3962,0.1411
3963,1.064
3964,0.3401
3965,0.4845
3966,1.701
3967,1.137
3968,0.4271
3969,1.014
3970,0.9899
3971,1.301
3972,0.8563
3973,0.7503
3974,0.01066
3975,0.4771
3976,1.543
3977,0.1317
3978,0.2724
3979,1.687
3980,0.9485
3981,1.113
3982,0.1951
3983,0.5069
3984,1.015
3985,0.2163
3986,2.438
3987,0.883
3988,2.108
3989,1.544
3990,0.6317
3991,1.203
3992,0.1707
3993,0.8431
3994,2.42
3995,0.518
3996,0.7503
3997,0.2539
3998,0.635
3999,0.1408
4000,0.6117
4001,1.319
4002,0.8343
4003,0.4326
4004,1.625
4005,0.07683
4006,0.3579
4007,1.166
4008,2.087
4009,1.17
4010,1.827
4011,0.9041
4012,0.3364
4013,1.635
4014,0.5585
4015,0.4233
4016,2.357
4017,1.361
4018,0.02625
4019,0.02036
4020,1.58
4021,0.08508
4022,0.7255
4023,0.08792
4024,0.3852
4025,0.763
4026,0.7648
4027,0.7794
4028,1.244
4029,0.8961
4030,0.5153
4031,0.01486
4032,0.4434
4033,1.437
4034,0.4583
4035,0.03506
4036,0.04838
4037,0.7542
4038,0.5259
4039,0.3344
4040,0.4721
4041,1.036
4042,1.036
4043,1.022
4044,0.3761
4045,0.748
4046,0.2218
4047,0.5132
4048,0.8684
4049,1.054
4050,1.28
4051,0.551
4052,0.1004
4053,0.1801
4054,0.1234
4055,0.1212
4056,0.2087
4057,1.195
4058,0.4012
4059,0.2522
4060,1.168
4061,0.2477
4062,1.021
4063,0.1309
4064,1.417
4065,1.709
4066,1.324
4067,0.438
4068,0.9998
4069,0.8592
4070,0.655
4071,0.4621
4072,1.995
4073,0.491
4074,1.078
4075,0.8114
4076,0.4091
4077,0.03531
4078,0.1314
4079,0.3376
4080,0.07517
4081,0.46
4082,0.2064
4083,0.1707
4084,0.6076
4085,0.9684
4086,0.3928
4087,0.07375
4088,0.6012
4089,0.5187
4090,0.02192
4091,0.9977
4092,0.179
4093,0.2145
4094,0.03366
4095,1.294
4096,1.982
4097,1.088
4098,1.489
4099,1.767
4100,1.316
4101,1.229
4102,1.167
4103,0.3813
4104,0.2626
4105,2.146
4106,0.6048
4107,1.24
4108,0.5293
4109,1.026
4110,0.9805
4111,2.069
4112,0.8682
4113,0.6156
4114,0.8215
4115,0.3204
4116,0.9754
4117,0.3191
4118,0.4055
4119,1.225
4120,1.199
4121,0.8474
4122,0.007403
4123,1.322
4124,0.7152
4125,0.1104
4126,2.688
4127,1.442
4128,1.833
4129,1.726
4130,0.596
4131,0.8177
4132,1.484
4133,1.281
4134,0.8576
4135,0.428
4136,0.819
4137,0.2672
4138,0.3422
4139,0.724
4140,0.8104
4141,0.3866
4142,1.334
4143,1.237
4144,1.065
4145,0.741
4146,0.1199
4147,0.9506
4148,2.277
4149,0.3874
4150,0.4194
4151,0.6476
4152,0.3831
4153,0.04804
4154,0.3479
4155,1.387
4156,2.14
4157,0.8565
4158,1.462
4159,0.08139
4160,1.839
4161,0.2173
4162,0.6823
4163,0.4186
4164,0.0544
4165,0.1244
4166,0.6743
4167,1.316
4168,0.4582
4169,1.126
4170,0.5651
4171,0.7274
4172,0.1603
4173,0.001297
4174,0.2799
4175,0.2644
4176,1.287
4177,0.6482
4178,0.2917
4179,0.2062
4180,0.2847
4181,0.1486
4182,1.498
4183,0.4373
4184,0.4447
4185,1.458
4186,0.1692
4187,1.84
4188,0.5285
4189,0.4126
4190,1.162
4191,1.402
4192,1.003
4193,0.4691
4194,0.7335
4195,0.06135
4196,0.9584
4197,0.5455
4198,0.1452
4199,1.159
4200,0.5131
4201,0.2105
4202,0.1948
4203,2.26
4204,0.7981
4205,0.2451
4206,1.352
4207,0.1814
4208,0.02461
4209,0.2005
4210,2.398
4211,0.3401
4212,0.1939
4213,0.5486
4214,0.8135
4215,1.269
4216,0.7385
4217,2.355
4218,2.287
4219,0.268
4220,0.1503
4221,0.2759
4222,0.9557
4223,0.2803
4224,1.312
4225,0.6267
4226,0.1555
4227,0.4228
4228,0.6617
4229,0.1182
4230,0.6004
4231,0.7389
4232,0.62
4233,1.249
4234,0.331
4235,0.4938
4236,0.02648
4237,0.6298
4238,0.207
4239,0.5408
4240,1.126
4241,0.06819
4242,2.176
4243,0.2473
4244,0.1614
4245,1.174
4246,0.008346
4247,0.3982
4248,0.1384
4249,0.04154
4250,0.0603
4251,0.0686
4252,1.764
4253,0.227
4254,0.1668
4255,1.005
4256,0.6137
4257,0.6053
4258,0.6504
4259,0.796
4260,0.09718
4261,1.191
4262,0.9716
4263,0.1139
4264,0.2296
4265,0.9038
4266,0.02196
4267,0.961
4268,1.206
4269,0.7256
4270,0.4763
4271,2.048
4272,2.736
4273,1.065
4274,1.459
4275,0.5077
4276,1.099
4277,0.3764
4278,0.9259
4279,1.047
4280,0.2737
4281,0.5895
4282,0.674
4283,0.7218
4284,0.7737
4285,0.9722
4286,0.767
4287,3.531
4288,0.1488
4289,0.7356
4290,1.181
4291,0.8895
4292,0.1748
4293,1.672
4294,1.611
4295,0.4069
4296,2.445
4297,0.9695
4298,0.1848
4299,0.3306
4300,0.7777
4301,0.5718
4302,0.1698
4303,0.7296
4304,0.9632
4305,1.911
4306,1.438
4307,0.3245
4308,0.6639
4309,0.606
4310,1.425
4311,0.2511
4312,0.1873
4313,0.807
4314,0.242
4315,0.524
4316,0.8462
4317,0.9494
4318,0.3696
4319,0.5151
4320,1.252
4321,0.4484
4322,0.1168
4323,0.3416
4324,0.2809
4325,2.146
4326,0.5646
4327,0.7704
4328,0.6473
4329,0.3764
4330,0.3809
4331,1.885
4332,0.5626
4333,1.763
4334,1.786
4335,1.018
4336,0.1576
4337,0.8184
4338,0.5429
4339,0.9469
4340,0.2195
4341,0.6575
4342,1.416
4343,2.41
4344,0.2994
4345,1.596
4346,0.669
4347,1.144
4348,1.651
4349,0.4842
4350,0.3592
4351,1.31
4352,0.4338
4353,0.8604
4354,0.1319
4355,0.5877
4356,0.5857
4357,0.3557
4358,1.635
4359,1.746
4360,1.505
4361,0.9487
4362,0.271
4363,0.7545
4364,0.7359
4365,1.986
4366,0.2768
4367,0.8356
4368,0.6271
4369,0.7362
4370,1.901
4371,0.8268
4372,0.6776
4373,0.7497
4374,0.6015
4375,0.3176
4376,0.2651
4377,0.05625
4378,1.086
4379,0.1772
4380,1.289
4381,0.2723
4382,0.7295
4383,0.9703
4384,1.03
4385,0.8532
4386,1.586
4387,1.926
4388,2.136
4389,1.22
4390,1.839
4391,0.396
4392,1.047
4393,0.3843
4394,2.303
4395,0.3747
4396,1.523
4397,1.129
4398,0.8814
4399,1.322
4400,0.7148
4401,0.02565
4402,0.6981
4403,0.2377
4404,0.5506
4405,1.084
4406,0.4726
4407,0.9289
4408,0.1848
4409,0.03843
4410,1.289
4411,0.1988
4412,1.232
4413,0.3288
4414,1.41
4415,2.845
4416,1.325
4417,0.07183
4418,0.7164
4419,0.5017
4420,1.384
4421,0.8141
4422,0.6709
4423,0.8001
4424,0.5458
4425,0.4252
4426,0.8044
4427,0.07357
4428,1.981
4429,0.756
4430,0.1964
4431,1.941
4432,1.017
4433,0.8747
4434,0.1788
4435,0.3765
4436,2.049
4437,1.506
4438,0.6428
4439,0.4847
4440,0.6757
4441,0.357
4442,0.7019
4443,0.7885
4444,0.3003
4445,0.4345
4446,2.107
4447,2.243
4448,1.597
4449,0.5973
4450,0.008104
4451,0.5807
4452,0.9383
4453,1.757
4454,0.7229
4455,0.283
4456,0.25
4457,0.4846
4458,1.031
4459,0.4328
4460,1.775
4461,0.9952
4462,0.05323
4463,1.712
4464,0.4923
4465,0.879
4466,0.503
4467,1.79
4468,0.2091
4469,0.1727
4470,1.323
4471,0.8936
4472,0.4636
4473,0.2529
4474,1.432
4475,0.9346
4476,0.749
4477,0.1379
4478,2.087
4479,0.5209
4480,0.8503
4481,1.749
4482,1.511
4483,1.652
4484,1.706
4485,0.181
4486,0.3515
4487,1.19
4488,2.053
4489,1.532
4490,0.9902
4491,0.2434
4492,1.253
4493,0.2816
4494,0.1552
4495,1.264
4496,1.078
4497,0.4345
4498,0.2388
4499,0.431
4500,0.142
4501,0.5706
4502,0.3695
4503,0.1428
4504,0.7953
4505,1.045
4506,0.8436
4507,2.089
4508,1.408
4509,0.5787
4510,1.374
4511,0.7591
4512,1.32
4513,2.251
4514,0.1652
4515,0.3728
4516,1.622
4517,0.1716
4518,1.588
4519,0.1465
4520,1.573
4521,1.481
4522,0.7272
4523,1.854
4524,0.8667
4525,1.711
4526,0.6819
4527,0.6294
4528,0.4546
4529,1.014
4530,1.067
4531,0.105
4532,0.4834
4533,0.5748
4534,0.8915
4535,0.3696
4536,1.253
4537,0.9004
4538,0.2536
4539,0.2109
4540,1.643
4541,0.6855
4542,1.853
4543,0.4978
4544,1.634
4545,0.4579
4546,0.2136
4547,0.1859
4548,0.163
4549,1.381
4550,0.6154
4551,0.943
4552,0.8271
4553,0.333
4554,0.292
4555,0.2727
4556,2.218
4557,0.06724
4558,3.407
4559,0.04504
4560,0.06599
4561,0.596
4562,0.9659
4563,0.7072
4564,1.702
4565,0.1889
4566,1.014
4567,1.051
4568,0.7319
4569,0.6456
4570,0.5364
4571,0.7253
4572,0.09606
4573,0.6917
4574,0.519
4575,2.312
4576,0.08148
4577,0.2826
4578,0.1187
4579,1.651
4580,0.4688
4581,0.8353
4582,0.03455
4583,1.07
4584,0.8791
4585,2.096
4586,1.176
4587,1.481
4588,0.5883
4589,0.22
4590,0.09476
4591,0.5839
4592,1.553
4593,0.006381
4594,0.3234
4595,0.4251
4596,1.06
4597,0.244
4598,1.366
4599,2.167
4600,1.254
4601,0.4079
4602,0.664
4603,0.1239
4604,1.468
4605,0.9366
4606,0.05873
4607,0.04581
4608,1.552
4609,0.7952
4610,0.3677
4611,0.1338
4612,0.399
4613,1.96
4614,0.1078
4615,0.1863
4616,0.3799
4617,0.5946
4618,0.05699
4619,2.031
4620,0.8726
4621,1.08
4622,1.489
4623,2.554
4624,1.318
4625,0.2645
4626,1.305
4627,1.174
4628,0.5542
4629,0.1926
4630,0.2412
4631,0.8657
4632,0.09077
4633,0.1337
4634,0.03549
4635,0.3445
4636,1.168
4637,1.5
4638,0.8361
4639,1
4640,0.6979
4641,0.2655
4642,0.14
4643,1.237
4644,0.4153
4645,1.02
4646,0.3127
4647,1.412
4648,0.5673
4649,1.787
4650,0.2103
4651,1.795
4652,1.045
4653,0.7687
4654,1.404
4655,0.2387
4656,0.2933
4657,0.003147
4658,0.9663
4659,0.9304
4660,1.374
4661,2.065
4662,1.605
4663,0.7708
4664,0.4495
4665,1.825
4666,1.113
4667,0.5305
4668,0.3527
4669,0.5935
4670,1.168
4671,1.509
4672,0.4502
4673,1.047
4674,0.3152
4675,0.1367
4676,1.092
4677,0.3817
4678,1.405
4679,0.7971
4680,0.6004
4681,0.9884
4682,1.023
4683,0.68
4684,0.8853
4685,1.236
4686,0.1979
4687,1.357
4688,0.4344
4689,2.615
4690,0.4489
4691,0.2104
4692,0.285
4693,1.152
4694,0.2067
4695,0.2833
4696,0.8456
4697,1.369
4698,0.09557
4699,1.884
4700,1.241
4701,0.9603
4702,1.087
4703,0.5947
4704,1.173
4705,1.569
4706,0.5176
4707,0.09845
4708,1.39
4709,0.07223
4710,1.679
4711,0.8757
4712,1.394
4713,2.1
4714,0.5605
4715,0.1436
4716,0.9211
4717,2.261
4718,1.299
4719,1.138
4720,0.314
4721,0.7848
4722,1.451
4723,2.428
4724,0.8563
4725,0.7779
4726,1.054
4727,0.7119
4728,2.432
4729,1.318
4730,0.3688
4731,0.7585
4732,0.01858
4733,0.2168
4734,0.1905
4735,0.3364
4736,0.2651
4737,0.9474
4738,0.3016
4739,1.532
4740,0.7089
4741,0.6449
4742,0.4897
4743,0.3761
4744,0.619
4745,0.8857
4746,0.8778
4747,1.211
4748,0.7723
4749,0.6834
4750,0.7526
4751,0.8403
4752,0.8311
4753,0.5643
4754,1.44
4755,0.7298
4756,0.8903
4757,1.435
4758,0.1729
4759,0.3057
4760,0.1356
4761,0.2581
4762,0.2976
4763,1.378
4764,0.008944
4765,0.7511
4766,0.8554
4767,0.9475
4768,0.7932
4769,1.241
4770,0.6007
4771,0.4637
4772,1.931
4773,0.9715
4774,1.942
4775,1.242
4776,0.8768
4777,1.611
4778,1.12
4779,0.0111
4780,1.04
4781,0.2115
4782,1.053
4783,1.301
4784,0.2339
4785,0.4118
4786,0.3179
4787,0.2889
4788,0.2422
4789,0.8057
4790,0.3123
4791,0.1239
4792,0.9563
4793,0.0491
4794,0.3628
4795,0.6234
4796,1.472
4797,0.7098
4798,0.7101
4799,0.4556
4800,0.2443
4801,1.637
4802,0.445
4803,0.8235
4804,0.1257
4805,0.9862
4806,0.5609
4807,0.1874
4808,0.6823
4809,1.827
4810,1.058
4811,2.444
4812,2.58
4813,0.8302
4814,2.551
4815,1.055
4816,0.9308
4817,0.2084
4818,0.8873
4819,1.021
4820,1.498
4821,0.6655
4822,0.4455
4823,0.2073
4824,0.3181
4825,0.7716
4826,1.211
4827,0.3412
4828,0.3176
4829,0.2863
4830,0.747
4831,0.5618
4832,1.197
4833,0.817
4834,0.4034
4835,0.2366
4836,0.643
4837,1.567
4838,1.724
4839,0.738
4840,1.227
4841,1.047
4842,1.483
4843,1.56
4844,1.346
4845,0.2385
4846,0.3559
4847,0.03373
4848,0.8984
4849,0.7005
4850,0.2464
4851,0.5661
4852,1.501
4853,0.9575
4854,1.525
4855,0.1579
4856,1.065
4857,0.4716
4858,0.7419
4859,0.9844
4860,2.082
4861,0.9956
4862,2.519
4863,0.6332
4864,0.7053
4865,0.2522
4866,0.8322
4867,1.182
4868,0.1728
4869,1.971
4870,0.7947
4871,2.242
4872,0.834
4873,0.1689
4874,1.495
4875,0.4682
4876,0.6784
4877,0.867
4878,1.244
4879,2.048
4880,0.7273
4881,1.384
4882,0.3116
4883,0.2772
4884,2.814
4885,0.4437
4886,0.3378
4887,0.4599
4888,0.8198
4889,1.015
4890,0.09833
4891,0.4936
4892,1.037
4893,0.3162
4894,0.2805
4895,1.129
4896,0.4724
4897,0.3349
4898,1.065
4899,0.114
4900,0.842
4901,0.2354
4902,0.2073
4903,0.8874
4904,0.2678
4905,0.5904
4906,0.1781
4907,0.4196
4908,0.09038
4909,0.7749
4910,0.1401
4911,0.1328
4912,0.123
4913,0.5199
4914,0.6318
4915,1.189
4916,0.4871
4917,1.088
4918,0.3624
4919,0.7134
4920,0.235
4921,0.9361
4922,0.6507
4923,0.4258
4924,0.9555
4925,0.8924
4926,1.592
4927,0.4449
4928,0.2256
4929,0.2077
4930,0.4851
4931,0.2519
4932,0.359
4933,1.902
4934,1.293
4935,0.5033
4936,0.9355
4937,0.3011
4938,0.4196
4939,1.553
4940,0.2483
4941,0.9871
4942,0.5112
4943,0.9576
4944,0.1368
4945,0.3055
4946,1.34
4947,1.363
4948,1.447
4949,1.443
4950,0.7105
4951,0.6233
4952,0.3164
4953,0.02947
4954,1.197
4955,1.439
4956,1.687
4957,0.8086
4958,0.7314
4959,0.8349
4960,2.029
4961,0.962
4962,0.4631
4963,0.3501
4964,1.603
4965,0.8761
4966,0.784
4967,0.366
4968,0.2062
4969,0.7253
4970,0.429
4971,0.1231
4972,0.8026
4973,0.7131
4974,0.8445
4975,0.2575
4976,0.8629
4977,0.4803
4978,0.7535
4979,1.615
4980,0.1225
4981,0.7076
4982,0.807
4983,0.06206
4984,1.552
4985,0.8052
4986,0.1577
4987,0.2993
4988,0.6952
4989,0.8077
4990,0.2479
4991,0.004672
4992,0.2915
4993,0.07798
4994,0.7076
4995,0.7668
4996,1.14
4997,1.158
4998,1.264
4999,0.6758
5000,0.6819
5001,0.6133
5002,0.7364
5003,0.1998
5004,0.151
5005,0.4703
5006,0.04198
5007,0.7766
5008,0.07588
5009,0.3951
5010,1.112
5011,0.5116
5012,0.8625
5013,0.3673
5014,0.8885
5015,0.1038
5016,0.909
5017,0.9604
5018,0.06096
5019,0.6801
5020,1.093
5021,0.9545
5022,0.03664
5023,2.221
5024,1.515
5025,0.1311
5026,2.224
5027,0.568
5028,1.331
5029,0.3703
5030,0.5034
5031,1.438
5032,1.491
5033,1.302
5034,0.4235
5035,0.7796
5036,0.9958
5037,0.8256
5038,1.949
5039,1.262
5040,0.2468
5041,1.549
5042,0.9091
5043,0.127
5044,0.07488
5045,0.5286
5046,2.29
5047,1.639
5048,1.189
5049,1.606
5050,1.34
5051,1.013
5052,0.1924
5053,0.5752
5054,1.117
5055,0.8378
5056,1.901
5057,1.593
5058,0.6359
5059,1.967
5060,1.252
5061,0.6862
5062,0.3695
5063,0.6407
5064,0.2381
5065,1.444
5066,1.583
5067,0.8704
5068,0.5111
5069,0.2403
5070,0.3536
5071,0.9623
5072,1.163
5073,0.1507
5074,2.025
5075,0.7153
5076,0.4374
5077,0.07765
5078,1.933
5079,1.596
5080,1.019
5081,0.6581
5082,0.04834
5083,0.0003223
5084,0.6505
5085,1.4
5086,2.286
5087,1.062
5088,1.832
5089,0.5584
5090,0.454
5091,0.357
5092,0.5972
5093,0.6154
5094,0.0878
5095,0.315
5096,0.7726
5097,1.842
5098,1.469
5099,0.4469
5100,0.7284
5101,0.7401
5102,1.648
5103,1.291
5104,1.557
5105,0.3376
5106,0.2579
5107,1.755
5108,0.1793
5109,1.905
5110,0.7059
5111,0.2113
5112,0.249
5113,1.242
5114,0.7629
5115,0.5666
5116,0.4167
5117,0.9661
5118,0.4536
5119,1.032
5120,1.012
5121,0.4938
5122,0.4135
5123,0.7259
5124,0.587
5125,0.1487
5126,0.9217
5127,0.7547
5128,1.394
5129,2.447
5130,0.4409
5131,0.0857
5132,0.7715
5133,1.571
5134,2.088
5135,0.325
5136,0.2657
5137,0.4255
5138,0.4057
5139,0.9652
5140,0.2615
5141,1.386
5142,0.5144
5143,0.9242
5144,0.4493
5145,0.2912
5146,0.1332
5147,0.6978
5148,1.017
5149,1.474
5150,0.456
5151,1.13
5152,0.542
5153,0.4049
5154,0.2743
5155,0.4907
5156,1.87
5157,0.1854
5158,1.209
5159,0.93
5160,0.08249
5161,0.7461
5162,1.076
5163,0.8789
5164,2.394
5165,0.3329
5166,1.208
5167,1.932
5168,1.352
5169,0.3138
5170,0.656
5171,1.13
5172,0.365
5173,1.007
5174,0.8019
5175,1.597
5176,0.141
5177,0.09508
5178,0.09356
5179,0.762
5180,1.03
5181,0.5609
5182,0.7332
5183,1.817
5184,0.7697
5185,0.7443
5186,2.102
5187,1.222
5188,1.791
5189,0.05139
5190,0.02076
5191,1.5
5192,0.9958
5193,0.2365
5194,0.4177
5195,1.076
5196,0.4449
5197,0.2123
5198,0.8754
5199,0.4482
5200,0.4358
5201,0.7539
5202,0.1443
5203,0.6452
5204,0.5984
5205,1.724
5206,0.6262
5207,1.504
5208,1.32
5209,0.06224
5210,0.1814
5211,0.1203
5212,0.7774
5213,0.5026
5214,0.1201
5215,1.561
5216,0.2449
5217,0.3842
5218,1.088
5219,0.8376
5220,0.3287
5221,1.939
5222,0.0947
5223,0.4301
5224,0.4713
5225,0.7485
5226,0.4365
5227,1.039
5228,0.7095
5229,0.3581
5230,0.2928
5231,0.1837
5232,0.7204
5233,2.011
5234,0.4781
5235,0.3577
5236,0.01006
5237,1.658
5238,1.036
5239,0.01119
5240,0.3187
5241,0.2629
5242,0.3181
5243,0.7486
5244,0.4309
5245,0.3426
5246,1.273
5247,0.243
5248,0.6516
5249,1.159
5250,0.2021
5251,1.607
5252,0.6819
5253,0.1067
5254,1.98
5255,1.207
5256,0.489
5257,0.5963
5258,1.099
5259,0.5395
5260,0.9618
5261,0.6765
5262,1.401
5263,1.057
5264,0.8233
5265,0.08325
5266,0.09385
5267,0.03293
5268,0.6388
5269,0.251
5270,1.938
5271,0.5289
5272,0.8868
5273,0.4417
5274,0.00113
5275,0.9547
5276,1.26
5277,0.2417
5278,0.1409
5279,1.562
5280,0.3114
5281,0.5647
5282,0.3547
5283,0.9623
5284,1.453
5285,0.7886
5286,1.635
5287,0.5113
5288,0.02848
5289,0.1211
5290,0.3586
5291,0.8969
5292,0.8388
5293,2.395
5294,0.7605
5295,0.8385
5296,0.9087
5297,0.9486
5298,0.8703
5299,0.1344
5300,0.2435
5301,0.324
5302,1.504
5303,0.8919
5304,0.9108
5305,0.2314
5306,1.381
5307,1.992
5308,1.217
5309,1.176
5310,1.055
5311,1.137
5312,0.8718
5313,0.4089
5314,0.9008
5315,0.3281
5316,1.748
5317,0.2554
5318,1.991
5319,1.612
5320,0.003955
5321,1.151
5322,0.5977
5323,1.247
5324,1.002
5325,0.2488
5326,0.5264
5327,0.2971
5328,0.2782
5329,0.4098
5330,0.8307
5331,0.2902
5332,0.8955
5333,0.5967
5334,0.7974
5335,0.2021
5336,1.217
5337,2.177
5338,0.8043
5339,0.4957
5340,0.04456
5341,0.08722
5342,0.8064
5343,0.1008
5344,0.3275
5345,0.4708
5346,0.6532
5347,0.6556
5348,1.37
5349,0.5948
5350,1.366
5351,0.06126
5352,0.03074
5353,0.07249
5354,0.3757
5355,0.5397
5356,0.6187
5357,1.033
5358,0.6666
5359,0.4286
5360,0.6266
5361,0.3625
5362,0.09357
5363,2.123
5364,1.373
5365,0.01619
5366,1.156
5367,0.5562
5368,1.34
5369,0.0432
5370,1.863
5371,0.09457
5372,0.7301
5373,0.09629
5374,0.4349
5375,0.828
5376,1.331
5377,0.8867
5378,0.2667
5379,0.2028
5380,0.7461
5381,1.002
5382,0.1912
5383,0.6112
5384,0.2532
5385,0.07316
5386,0.436
5387,1.859
5388,0.1105
5389,0.8504
5390,0.8421
5391,0.5358
5392,1.121
5393,2.415
5394,0.5265
5395,0.3836
5396,0.7764
5397,2.287
5398,0.05223
5399,2.706
5400,0.4043
5401,0.6004
5402,0.2747
5403,1.278
5404,0.05751
5405,0.2639
5406,2.595
5407,0.3387
5408,0.4496
5409,0.3195
5410,0.1593
5411,1.188
5412,0.747
5413,1.327
5414,0.7649
5415,1.327
5416,0.899
5417,1.735
5418,1.18
5419,0.3259
5420,0.2992
5421,0.2068
5422,0.06793
5423,0.3225
5424,1.269
5425,0.3401
5426,0.9963
5427,1.114
5428,0.7579
5429,0.2738
5430,0.6845
5431,0.4946
5432,0.8144
5433,0.2076
5434,1.238
5435,0.4609
5436,1.875
5437,0.4493
5438,0.7274
5439,0.454
5440,1.936
5441,1.054
5442,0.8206
5443,0.9796
5444,0.0107
5445,2.367
5446,0.5731
5447,1.928
5448,0.5892
5449,0.03124
5450,1.353
5451,0.2114
5452,1.396
5453,0.4767
5454,1.478
5455,0.2016
5456,1.153
5457,1.896
5458,0.2278
5459,0.4217
5460,0.08273
5461,0.6454
5462,1.01
5463,0.01019
5464,0.723
5465,1.264
5466,2.208
5467,0.4547
5468,0.7758
5469,0.5167
5470,1.042
5471,1.241
5472,0.8265
5473,1.816
5474,0.04107
5475,0.7619
5476,0.86
5477,1.36
5478,0.1455
5479,1.397
5480,0.1426
5481,0.1414
5482,0.7094
5483,0.5694
5484,0.6883
5485,0.554
5486,1.713
5487,1.693
5488,1.46
5489,1.183
5490,0.9238
5491,2.325
5492,0.7176
5493,0.05056
5494,1.348
5495,1.151
5496,0.6437
5497,1.028
5498,1.21
5499,0.04324
5500,0.08391
5501,0.592
5502,0.854
5503,2.619
5504,0.1806
5505,1.242
5506,0.2471
5507,0.2344
5508,0.1498
5509,0.644
5510,1.972
5511,1.698
5512,0.2325
5513,1.501
5514,0.5901
5515,1.633
5516,0.1686
5517,0.1857
5518,0.4375
5519,0.7932
5520,0.7409
5521,0.1891
5522,2.52
5523,0.4964
5524,1.261
5525,0.4333
5526,1.197
5527,0.1105
5528,0.8955
5529,2.065
5530,1.004
5531,0.2603
5532,1.858
5533,1.895
5534,0.6388
5535,0.3382
5536,0.9689
5537,1.78
5538,0.516
5539,0.945
5540,0.7088
5541,0.0276
5542,0.8832
5543,2.469
5544,1.342
5545,1.102
5546,0.6019
5547,0.6551
5548,1.18
5549,0.2475
5550,0.6957
5551,0.7029
5552,1.576
5553,0.5895
5554,0.702
5555,0.2307
5556,0.5693
5557,1.446
5558,0.1212
5559,0.8727
5560,1.639
5561,0.4833
5562,0.4157
5563,0.5385
5564,0.4317
5565,0.8363
5566,3.576
5567,0.3332
5568,0.07704
5569,0.8648
5570,0.6981
5571,0.6011
5572,0.9693
5573,0.9697
5574,0.5723
5575,0.1975
5576,0.8005
5577,0.7681
5578,1.88
5579,0.4086
5580,0.2866
5581,1.291
5582,0.4027
5583,1.05
5584,0.7635
5585,0.2049
5586,0.4982
5587,1.555
5588,0.9701
5589,0.3259
5590,2.16
5591,0.1276
5592,0.06252
5593,0.3918
5594,1.017
5595,0.8431
5596,1.804
5597,0.594
5598,0.5249
5599,2.187
5600,0.8553
5601,0.5745
5602,0.4719
5603,0.768
5604,0.5335
5605,0.6804
5606,2.448
5607,0.3152
5608,0.1812
5609,0.5307
5610,0.05678
5611,1.781
5612,3.289
5613,0.4836
5614,1.836
5615,0.2852
5616,1.269
5617,1.144
5618,0.8861
5619,1.179
5620,0.7895
5621,1.482
5622,1.494
5623,0.05654
5624,2.068
5625,1.41
5626,0.4083
5627,0.5044
5628,0.5444
5629,0.1678
5630,0.3577
5631,0.5727
5632,1.154
5633,0.182
5634,0.1754
5635,0.1017
5636,0.6044
5637,0.373
5638,0.7995
5639,0.6852
5640,0.546
5641,0.02191
5642,1.898
5643,0.04883
5644,0.4616
5645,0.6533
5646,0.809
5647,0.9405
5648,1.525
5649,0.4379
5650,1.389
5651,0.4139
5652,2.241
5653,0.2551
5654,0.7941
5655,0.5907
5656,0.762
5657,1.346
5658,0.1538
5659,0.5068
5660,0.6812
5661,1.219
5662,0.6742
5663,1.968
5664,1.004
5665,1.122
5666,0.05312
5667,0.03254
5668,0.9026
5669,0.7167
5670,0.4733
5671,1.777
5672,1.694
5673,2.088
5674,2.427
5675,0.8228
5676,0.3303
5677,0.09751
5678,0.1779
5679,0.7036
5680,1.728
5681,1.416
5682,1.902
5683,0.6908
5684,0.5318
5685,0.1332
5686,1.456
5687,1.563
5688,1.241
5689,1.63
5690,0.7291
5691,1.009
5692,0.7879
5693,0.3518
5694,1.128
5695,0.9437
5696,0.2552
5697,0.996
5698,0.02498
5699,0.8898
5700,0.3404
5701,0.6377
5702,0.6551
5703,0.3872
5704,0.2745
5705,0.5575
5706,0.8872
5707,0.1494
5708,0.678
5709,0.04732
5710,2.516
5711,1.7
5712,0.3411
5713,2.432
5714,0.1869
5715,1.569
5716,0.6349
5717,2.005
5718,0.1905
5719,0.4557
5720,2.648
5721,0.4388
5722,1.096
5723,1.135
5724,2.112
5725,1.085
5726,1.678
5727,0.804
5728,0.9287
5729,0.5886
5730,1.129
5731,0.2975
5732,0.0153
5733,0.9098
5734,1.339
5735,0.2943
5736,0.7072
5737,1.629
5738,2.202
5739,0.7766
5740,0.108
5741,0.4896
5742,1.143
5743,0.0723
5744,0.6408
5745,0.9626
5746,0.6319
5747,1.033
5748,0.6761
5749,1.516
5750,0.7402
5751,1.422
5752,0.2601
5753,0.3487
5754,0.2368
5755,0.0504
5756,1.42
5757,1.902
5758,0.7944
5759,1.077
5760,1.755
5761,1.01
5762,0.1887
5763,0.8521
5764,1.095
5765,0.366
5766,1.376
5767,0.7483
5768,0.8277
5769,0.4229
5770,0.02183
5771,0.01837
5772,0.03756
5773,0.4253
5774,0.657
5775,1.371
5776,0.7175
5777,0.0903
5778,0.4747
5779,1.406
5780,0.2786
5781,2.02
5782,1.451
5783,1.658
5784,0.1386
5785,0.1446
5786,0.7801
5787,0.5221
5788,1.644
5789,0.4697
5790,0.9946
5791,0.2451
5792,0.09687
5793,0.8173
5794,0.1134
5795,0.4303
5796,0.7228
5797,0.569
5798,2.149
5799,0.6031
5800,0.6689
5801,0.3774
5802,1.843
5803,0.3773
5804,1.043
5805,0.8336
5806,0.8981
5807,1.371
5808,0.1628
5809,2.233
5810,0.8023
5811,1.23
5812,0.184
5813,0.2103
5814,1.151
5815,0.212
5816,1.855
5817,1.765
5818,2.112
5819,0.5989
5820,1.289
5821,0.9879
5822,0.4042
5823,0.1998
5824,0.2563
5825,2.357
5826,1.238
5827,1.098
5828,0.768
5829,0.5578
5830,0.7482
5831,0.5105
5832,0.4614
5833,1.074
5834,2.021
5835,0.04196
5836,0.05048
5837,1.893
5838,1.287
5839,1.127
5840,0.5452
5841,0.3466
5842,1.459
5843,0.1222
5844,0.835
5845,1.431
5846,0.5451
5847,0.2436
5848,1.058
5849,1.158
5850,0.9717
5851,0.889
5852,0.5521
5853,0.9967
5854,0.6368
5855,1.263
5856,0.03401
5857,1.178
5858,0.184
5859,0.1741
5860,0.6904
5861,0.7317
5862,1.561
5863,0.9226
5864,2.21
5865,0.4132
5866,0.4455
5867,1.279
5868,1.645
5869,0.1419
5870,0.6046
5871,0.5716
5872,0.8264
5873,1.182
5874,2.626
5875,0.8641
5876,2.059
5877,1.178
5878,0.5049
5879,0.4719
5880,0.5304
5881,1.083
5882,0.4573
5883,0.1062
5884,1.744
5885,1.024
5886,1.138
5887,2.485
5888,0.7612
5889,0.1644
5890,0.08198
5891,0.2928
5892,0.5538
5893,0.9315
5894,0.6614
5895,0.8734
5896,0.8642
5897,0.07371
5898,1.491
5899,0.1436
5900,0.5968
5901,0.2134
5902,0.3366
5903,0.4528
5904,1.411
5905,1.864
5906,0.3977
5907,0.9294
5908,1.094
5909,1.394
5910,2.14
5911,0.5369
5912,0.08284
5913,0.656
5914,0.2822
5915,1.236
5916,0.8397
5917,0.257
5918,1.284
5919,0.5501
5920,1.459
5921,2.594
5922,1.951
5923,0.6046
5924,1.208
5925,0.8374
5926,0.4953
5927,1.397
5928,1.434
5929,1.305
5930,1.44
5931,0.7564
5932,1.128
5933,0.6165
5934,1.438
5935,1.798
5936,1.843
5937,0.2222
5938,0.5969
5939,1.532
5940,1.877
5941,0.7633
5942,0.4502
5943,0.4747
5944,3.319
5945,0.8092
5946,0.3135
5947,0.4215
5948,0.613
5949,0.2917
5950,0.8466
5951,1.527
5952,0.08165
5953,0.2275
5954,0.07696
5955,0.1617
5956,0.4557
5957,0.7976
5958,0.6809
5959,0.4163
5960,0.3729
5961,0.9915
5962,0.5099
5963,0.2515
5964,0.7156
5965,1.287
5966,0.4242
5967,1.021
5968,0.2281
5969,0.2598
5970,0.5338
5971,0.4337
5972,1.923
5973,0.1727
5974,1.018
5975,0.6951
5976,0.2745
5977,0.4669
5978,1.025
5979,2.057
5980,0.2822
5981,0.648
5982,0.4949
5983,0.6565
5984,1.371
5985,0.8254
5986,1.579
5987,0.7772
5988,0.5739
5989,1.549
5990,0.1227
5991,0.2803
5992,0.1754
5993,0.2478
5994,0.6865
5995,0.4189
5996,2.073
5997,0.8669
5998,0.5674
5999,0.9301
6000,1.082
6001,0.1443
6002,0.2987
6003,0.7494
6004,0.8244
6005,0.8697
6006,0.3138
6007,1.244
6008,1.231
6009,0.8479
6010,0.8993
6011,0.4437
6012,0.1925
6013,0.4332
6014,1.034
6015,0.8831
6016,1.411
6017,0.1067
6018,0.4783
6019,1.548
6020,0.8923
6021,1.061
6022,1.468
6023,0.9722
6024,1.215
6025,1.543
6026,1.104
6027,0.6533
6028,0.1548
6029,1.404
6030,0.4117
6031,0.09851
6032,0.8157
6033,0.1311
6034,0.0001746
6035,2.064
6036,0.6487
6037,1.195
6038,0.5373
6039,0.1854
6040,0.0189
6041,0.7785
6042,0.2224
6043,0.05805
6044,0.982
6045,1.585
6046,0.34
6047,0.9788
6048,0.5757
6049,0.2635
6050,0.05843
6051,1.298
6052,0.03203
6053,0.06217
6054,1.025
6055,0.5518
6056,0.06164
6057,1.534
6058,1.113
6059,1.395
6060,1.102
6061,1.649
6062,1.327
6063,0.5273
6064,0.8063
6065,0.8736
6066,0.4671
6067,0.8747
6068,1.757
6069,0.3679
6070,0.7137
6071,0.4199
6072,0.3037
6073,1.847
6074,0.1291
6075,1.046
6076,1.043
6077,0.1569
6078,0.7262
6079,0.7924
6080,0.7724
6081,0.2968
6082,0.9456
6083,0.2442
6084,0.146
6085,0.6061
6086,0.1799
6087,0.1373
6088,1.575
6089,1.497
6090,0.5632
6091,0.0925
6092,0.6019
6093,0.4901
6094,1.151
6095,0.1312
6096,0.3621
6097,1.004
6098,1.031
6099,0.2404
6100,0.5082
6101,0.4497
6102,0.1167
6103,1.622
6104,1.394
6105,0.2944
6106,0.5083
6107,0.3418
6108,0.5989
6109,0.1783
6110,0.4844
6111,1.25
6112,0.2603
6113,0.6921
6114,0.1964
6115,0.06973
6116,1.707
6117,0.7377
6118,1.502
6119,1.953
6120,0.1552
6121,0.5001
6122,0.601
6123,2.108
6124,0.2872
6125,0.769
6126,0.1448
6127,0.7998
6128,0.1885
6129,0.1485
6130,0.4987
6131,0.4757
6132,0.5629
6133,0.905
6134,2.474
6135,1.05
6136,1.845
6137,0.05598
6138,1.68
6139,1.321
6140,1.836
6141,0.006016
6142,1.672
6143,0.3522
6144,0.5097
6145,0.3967
6146,1.205
6147,0.4906
6148,1.263
6149,0.9565
6150,0.8073
6151,0.5507
6152,1.216
6153,0.3664
6154,0.2322
6155,0.4731
6156,0.624
6157,0.27
6158,1.303
6159,1.29
6160,1.495
6161,0.1987
6162,0.4889
6163,0.5786
6164,0.7165
6165,0.3692
6166,0.3802
6167,0.7951
6168,0.5907
6169,0.5501
6170,0.1662
6171,0.3716
6172,0.8088
6173,2.022
6174,0.3943
6175,0.1885
6176,0.8467
6177,0.4981
6178,0.2111
6179,0.6343
6180,1.108
6181,0.2083
6182,0.4
6183,0.3352
6184,0.4287
6185,2.229
6186,0.8139
6187,1.126
6188,0.7558
6189,0.7914
6190,0.9021
6191,1.008
6192,1.169
6193,0.08142
6194,0.6938
6195,0.5253
6196,1.005
6197,0.01341
6198,0.1124
6199,0.9576
6200,0.8904
6201,0.6767
6202,0.1002
6203,0.7882
6204,0.07488
6205,0.2504
6206,1.292
6207,0.1574
6208,0.8096
6209,0.1394
6210,0.9886
6211,1.772
6212,2.436
6213,1.647
6214,0.07586
6215,0.9367
6216,0.1207
6217,1.19
6218,0.1604
6219,0.8535
6220,1.013
6221,3.799
6222,0.1247
6223,0.7378
6224,0.3436
6225,0.1648
6226,0.149
6227,0.7254
6228,1.161
6229,1.405
6230,0.1038
6231,0.1425
6232,0.6619
6233,0.0003196
6234,0.7749
6235,1.862
6236,1.354
6237,0.6315
6238,0.4235
6239,1.73
6240,0.5285
6241,0.3739
6242,1.717
6243,0.3864
6244,0.7546
6245,0.3125
6246,0.5876
6247,1.102
6248,2.18
6249,0.05176
6250,0.214
6251,0.2848
6252,0.07577
6253,0.4683
6254,1.491
6255,0.7206
6256,0.7182
6257,0.1998
6258,2.677
6259,0.9047
6260,0.2155
6261,0.7738
6262,0.8092
6263,1.179
6264,1.829
6265,1.647
6266,0.1798
6267,3.644
6268,1.076
6269,1.127
6270,0.1442
6271,0.6359
6272,2.167
6273,0.986
6274,1.3
6275,1.059
6276,1.483
6277,0.7634
6278,1.769
6279,0.707
6280,0.3018
6281,1.454
6282,1.546
6283,1.142
6284,0.02065
6285,1.254
6286,1.043
6287,1.989
6288,0.9141
6289,1.626
6290,1.392
6291,0.4486
6292,0.6246
6293,1.272
6294,0.6812
6295,1.511
6296,2.024
6297,0.4043
6298,0.7183
6299,0.3424
6300,1.111
6301,2.394
6302,0.08577
6303,3.158
6304,1.757
6305,1.739
6306,1.126
6307,1.388
6308,0.7313
6309,0.5505
6310,0.02408
6311,0.6928
6312,0.7179
6313,0.5646
6314,0.8869
6315,1.276
6316,1.243
6317,0.03042
6318,0.7928
6319,0.9809
6320,0.8322
6321,1.168
6322,0.9935
6323,0.7862
6324,0.7141
6325,0.07977
6326,0.3124
6327,1.699
6328,0.8623
6329,0.7738
6330,1.002
6331,0.5355
6332,0.2022
6333,0.9734
6334,0.5878
6335,0.4862
6336,0.3752
6337,0.4663
6338,1.438
6339,0.2592
6340,0.4758
6341,1.386
6342,0.2631
6343,0.4615
6344,1.164
6345,0.1214
6346,0.9814
6347,0.1907
6348,1.074
6349,2.589
6350,0.8976
6351,0.2263
6352,1.062
6353,1.479
6354,0.4401
6355,0.01735
6356,0.912
6357,0.3426
6358,0.9244
6359,1.203
6360,0.5786
6361,0.3665
6362,0.2455
6363,1.489
6364,0.511
6365,1.09
6366,1.253
6367,0.8971
6368,1.154
6369,0.3119
6370,0.1714
6371,0.5665
6372,1.177
6373,0.006588
6374,1.199
6375,0.3948
6376,1.06
6377,1.156
6378,1.015
6379,2.305
6380,1.106
6381,0.5139
6382,1.649
6383,0.5403
6384,0.4577
6385,1.463
6386,0.9823
6387,1.003
6388,1.02
6389,1.354
6390,0.06396
6391,0.1282
6392,0.5289
6393,1.061
6394,0.2158
6395,0.04873
6396,1.518
6397,0.2537
6398,0.906
6399,0.1785
6400,1.625
6401,0.04777
6402,0.2259
6403,0.08727
6404,0.08449
6405,1.937
6406,1.12
6407,0.4201
6408,2.521
6409,1.32
6410,1.207
6411,0.7794
6412,1.088
6413,2.039
6414,0.009142
6415,1.228
6416,0.3146
6417,0.2645
6418,0.1708
6419,0.6718
6420,0.8888
6421,0.5486
6422,0.9971
6423,0.4383
6424,0.4688
6425,0.09777
6426,1.03
6427,0.2813
6428,0.1957
6429,0.6165
6430,1.783
6431,1.647
6432,0.3729
6433,0.2127
6434,0.1676
6435,0.9849
6436,0.9535
6437,1.363
6438,1.523
6439,0.537
6440,1.31
6441,0.9307
6442,0.8517
6443,0.5125
6444,0.4949
6445,1.187
6446,0.9398
6447,1.318
6448,0.3062
6449,0.4048
6450,0.7271
6451,1.482
6452,0.4301
6453,0.05091
6454,1.153
6455,2.387
6456,0.9567
6457,1.163
6458,0.3666
6459,0.002289
6460,0.3687
6461,0.7814
6462,0.6275
6463,0.5075
6464,0.6657
6465,0.5992
6466,0.1819
6467,0.6908
6468,0.2946
6469,1.497
6470,0.4514
6471,0.6058
6472,0.9577
6473,0.2147
6474,2.753
6475,0.8198
6476,0.4625
6477,1.528
6478,1.253
6479,0.3358
6480,0.5998
6481,0.3046
6482,1.045
6483,1.416
6484,0.6619
6485,0.3525
6486,2.428
6487,1.383
6488,2.178
6489,0.1366
6490,0.5726
6491,0.2304
6492,2.02
6493,0.4314
6494,2.359
6495,1.538
6496,1.974
6497,0.5765
6498,1.266
6499,1.97
6500,0.2669
6501,1.157
6502,1.156
6503,0.2919
6504,0.5175
6505,0.4794
6506,1.259
6507,1.866
6508,0.04582
6509,0.3311
6510,0.2532
6511,1.034
6512,0.8677
6513,2.525
6514,0.2226
6515,0.5033
6516,0.2028
6517,1.933
6518,0.02311
6519,0.8511
6520,1.034
6521,0.5694
6522,0.7556
6523,0.3594
6524,1.067
6525,2.182
6526,1.305
6527,1.573
6528,0.1091
6529,0.101
6530,0.7994
6531,0.6735
6532,0.6997
6533,1.38
6534,2.479
6535,0.4993
6536,0.256
6537,1.011
6538,0.6045
6539,0.1837
6540,0.3579
6541,1.03
6542,0.4898
6543,0.8089
6544,0.2147
6545,0.3473
6546,2.536
6547,0.08392
6548,0.8196
6549,3.362
6550,0.1528
6551,1.216
6552,1.388
6553,0.2608
6554,0.4131
6555,0.4188
6556,0.115
6557,0.3639
6558,0.5926
6559,0.8105
6560,1.153
6561,2.901
6562,1.07
6563,0.6036
6564,1.284
6565,1.325
6566,0.5178
6567,0.8592
6568,0.7652
6569,2.098
6570,0.5122
6571,0.09077
6572,1.354
6573,0.54
6574,0.7405
6575,0.6457
6576,0.1758
6577,1.849
6578,1.483
6579,0.7234
6580,0.8857
6581,0.4935
6582,1.03
6583,1.799
6584,0.8871
6585,1.161
6586,2.399
6587,0.7819
6588,1.043
6589,1.221
6590,0.1631
6591,0.8529
6592,1.049
6593,1.876
6594,0.5099
6595,0.3975
6596,1.319
6597,1.236
6598,0.7633
6599,0.5812
6600,0.6258
6601,0.2086
6602,0.485
6603,0.8351
6604,0.6046
6605,0.6176
6606,0.5857
6607,0.1499
6608,0.7227
6609,0.6925
6610,0.916
6611,0.1342
6612,0.2819
6613,1.743
6614,0.6551
6615,1.111
6616,0.7037
6617,0.5159
6618,0.9817
6619,0.9616
6620,0.04019
6621,1.543
6622,0.3879
6623,0.7324
6624,1.13
6625,0.522
6626,0.2854
6627,1.327
6628,0.3759
6629,0.8837
6630,1.252
6631,0.8827
6632,0.07328
6633,0.03531
6634,0.5842
6635,0.6604
6636,1.508
6637,0.5217
6638,1.137
6639,2.514
6640,0.7457
6641,0.04588
6642,0.9877
6643,1.54
6644,1.201
6645,0.02424
6646,0.6141
6647,0.6933
6648,0.469
6649,1.898
6650,0.5368
6651,0.4441
6652,1.227
6653,0.4693
6654,0.03817
6655,0.6232
6656,0.4939
6657,1.156
6658,0.9052
6659,0.04668
6660,1.427
6661,0.1871
6662,0.3543
6663,1.731
6664,1.254
6665,0.5389
6666,0.6389
6667,1.026
6668,0.3778
6669,0.5593
6670,0.8399
6671,1.081
6672,0.2862
6673,0.6649
6674,1.695
6675,0.07442
6676,0.4944
6677,0.3309
6678,1.938
6679,0.9888
6680,0.7067
6681,0.7687
6682,1.776
6683,1.552
6684,0.8826
6685,1.365
6686,1.917
6687,0.2691
6688,0.2087
6689,0.04137
6690,0.03374
6691,1.495
6692,0.1796
6693,1.326
6694,0.3893
6695,0.7385
6696,0.7376
6697,0.4473
6698,0.9097
6699,0.3784
6700,1.851
6701,0.3541
6702,1.521
6703,1.352
6704,0.002518
6705,0.2768
6706,0.5144
6707,1.92
6708,0.2175
6709,0.02159
6710,1.472
6711,1.337
6712,1.105
6713,1.773
6714,1.633
6715,0.5885
6716,0.8835
6717,0.04975
6718,0.9111
6719,0.2073
6720,0.7618
6721,0.9744
6722,0.5089
6723,0.2951
6724,0.03666
6725,0.6937
6726,0.8288
6727,1.795
6728,0.7146
6729,1.52
6730,0.98
6731,1.429
6732,0.793
6733,1.218
6734,1.026
6735,1.077
6736,0.9328
6737,0.8514
6738,0.6967
6739,0.05086
6740,0.7462
6741,0.2907
6742,0.5828
6743,0.6144
6744,0.6061
6745,0.1858
6746,1.616
6747,0.2719
6748,0.6435
6749,0.1355
6750,0.3639
6751,0.1422
6752,0.1246
6753,0.001228
6754,1.283
6755,1.363
6756,1.161
6757,0.601
6758,0.02273
6759,0.07498
6760,0.909
6761,0.1022
6762,0.4571
6763,1.567
6764,0.3734
6765,0.3492
6766,0.3655
6767,0.2962
6768,0.363
6769,0.7551
6770,0.6774
6771,0.2083
6772,0.01976
6773,0.1709
6774,0.743
6775,1.685
6776,1.573
6777,0.4519
6778,1.427
6779,1.247
6780,0.06979
6781,0.09947
6782,0.8468
6783,0.7774
6784,0.03542
6785,0.6625
6786,0.2651
6787,0.145
6788,0.3352
6789,0.8628
6790,1.177
6791,0.314
6792,0.01237
6793,1.506
6794,0.2684
6795,0.1193
6796,1.109
6797,1.147
6798,0.2066
6799,1.428
6800,0.52
6801,1.226
6802,1.123
6803,0.6201
6804,0.5749
6805,1.195
6806,1.309
6807,0.2514
6808,0.3229
6809,0.6091
6810,1.016
6811,1.579
6812,0.6432
6813,1.677
6814,0.3785
6815,0.6478
6816,1.091
6817,0.5266
6818,0.3723
6819,1.306
6820,0.3689
6821,0.09297
6822,0.5394
6823,0.9396
6824,0.8843
6825,0.1967
6826,0.7189
6827,0.4363
6828,1.275
6829,0.1693
6830,2.618
6831,0.1815
6832,0.7721
6833,0.1677
6834,1.073
6835,0.8496
6836,0.116
6837,0.4459
6838,1.72
6839,0.3125
6840,0.2839
6841,0.3728
6842,0.1512
6843,0.5736
6844,1.278
6845,0.5939
6846,1.675
6847,0.5056
6848,0.6593
6849,1.471
6850,0.2439
6851,0.607
6852,0.4837
6853,0.6855
6854,0.05579
6855,0.578
6856,0.3804
6857,0.8623
6858,0.1371
6859,0.9643
6860,0.1715
6861,1.931
6862,0.4231
6863,0.2504
6864,0.1084
6865,2.722
6866,1.951
6867,0.5914
6868,0.2517
6869,0.279
6870,0.2344
6871,1.534
6872,2.245
6873,1.218
6874,0.06119
6875,0.2134
6876,1.439
6877,0.671
6878,1.139
6879,0.5689
6880,0.6805
6881,0.7539
6882,0.6954
6883,0.1925
6884,0.8637
6885,0.03177
6886,1.005
6887,0.9887
6888,1.03
6889,1.822
6890,0.02699
6891,0.1889
6892,1.349
6893,0.1825
6894,0.4161
6895,1.844
6896,0.6171
6897,0.4393
6898,0.4474
6899,0.1481
6900,1.521
6901,0.2105
6902,0.2105
6903,0.5398
6904,0.174
6905,1.539
6906,0.1421
6907,0.1447
6908,0.09714
6909,0.9377
6910,0.6196
6911,1.494
6912,1.041
6913,1.304
6914,0.08317
6915,1.605
6916,0.4736
6917,1.643
6918,1.264
6919,0.07251
6920,0.3592
6921,1.707
6922,0.4279
6923,0.6718
6924,0.5849
6925,0.9141
6926,0.3783
6927,0.03574
6928,1.53
6929,0.2554
