MDTU,rho_M
10,8.39233e-05
20,0.000133514
30,0.000160217
40,0.00012207
50,6.86646e-05
60,8.01086e-05
70,0.000133514
80,9.91821e-05
90,0.000125885
100,0.000106812
110,9.15527e-05
120,0.000144958
130,0.000102997
140,9.91821e-05
150,0.000160217
160,8.01086e-05
170,0.000133514
180,0.00012207
190,0.000144958
200,0.000144958
210,8.39233e-05
220,0.000110626
230,0.000114441
240,0.0001297
250,0.00018692
260,0.00012207
270,0.000141144
280,0.0001297
290,0.000118256
300,0.000125885
310,0.000164032
320,0.000106812
330,0.000114441
340,0.000160217
350,0.00012207
360,9.53674e-05
370,0.000167847
380,0.000156403
390,0.0001297
400,0.000106812
410,7.62939e-05
420,9.15527e-05
430,0.000114441
440,0.000106812
450,0.0001297
460,9.15527e-05
470,0.000110626
480,9.91821e-05
490,0.000118256
500,0.000114441
510,0.000133514
520,0.000118256
530,0.000133514
540,7.62939e-05
550,0.000137329
560,0.000110626
570,0.000137329
580,0.000141144
590,9.53674e-05
600,0.000110626
610,0.000141144
620,8.01086e-05
630,0.000144958
640,0.000106812
650,0.000144958
660,0.000175476
670,0.0001297
680,0.000125885
690,0.000102997
700,0.000198364
710,0.000179291
720,0.000141144
730,7.62939e-05
740,0.000156403
750,0.000133514
760,9.91821e-05
770,9.53674e-05
780,0.000156403
790,0.000118256
800,8.01086e-05
810,0.000148773
820,0.000102997
830,0.000141144
840,9.91821e-05
850,0.000152588
860,9.15527e-05
870,0.000137329
880,0.000141144
890,0.000125885
900,0.000160217
910,9.91821e-05
920,0.00012207
930,0.000148773
940,0.000110626
950,0.000152588
960,0.000102997
970,0.000106812
980,0.00012207
990,0.000137329
1000,0.000125885
1010,0.000114441
1020,0.000148773
1030,8.7738e-05
1040,7.24792e-05
1050,0.000141144
1060,0.000141144
1070,0.000144958
1075,0.00012207
1080,5.34058e-05
1085,0.000160217
1090,8.39233e-05
1100,5.34058e-05
1110,5.72205e-05
1120,0.000118256
1130,0.000125885
1140,0.000114441
1150,0.000175476
1160,0.000137329
1170,6.48499e-05
1180,0.000137329
1190,0.000125885
1200,9.15527e-05
1210,0.00012207
1220,0.000175476
1230,6.48499e-05
1240,8.39233e-05
1250,7.24792e-05
1255,0.000137329
1260,9.15527e-05
1265,0.000102997
1270,0.000144958
1275,0.000106812
1280,0.0001297
1285,8.39233e-05
1290,0.000114441
1295,0.000137329
1300,0.000133514
1305,0.000133514
1310,0.000137329
1315,0.000106812
1320,8.39233e-05
1325,9.91821e-05
1330,0.0001297
1335,0.000141144
1340,0.000106812
1345,8.39233e-05
1350,0.000171661
1355,7.62939e-05
1360,0.0001297
1365,8.7738e-05
1370,9.91821e-05
1375,0.000137329
1380,8.7738e-05
1385,9.15527e-05
1390,0.000125885
1395,0.00012207
1400,0.000141144
1405,8.7738e-05
1410,9.15527e-05
1415,0.000156403
1420,9.91821e-05
1425,0.000106812
1430,0.000102997
1435,0.000141144
1440,0.000114441
1445,8.01086e-05
1450,8.39233e-05
1455,6.48499e-05
1460,6.10352e-05
1465,0.000110626
1470,0.000171661
1475,9.91821e-05
1480,0.0001297
1485,6.86646e-05
1490,0.000164032
1495,8.01086e-05
1500,6.48499e-05
1505,0.000114441
1510,7.62939e-05
1515,0.000114441
1520,6.10352e-05
1525,0.000137329
1530,0.000152588
1535,0.000125885
1540,4.57764e-05
1545,0.000202179
1550,0.0001297
1555,0.000114441
1560,0.00012207
1565,5.34058e-05
1570,6.86646e-05
1575,9.15527e-05
1580,9.91821e-05
1585,0.000167847
1590,0.000152588
1595,0.000156403
1600,0.000125885
1605,8.7738e-05
1610,0.000144958
1615,9.53674e-05
1620,9.91821e-05
1625,0.000114441
1630,9.53674e-05
1635,0.000137329
1640,0.000118256
1645,8.39233e-05
1650,0.000156403
1655,0.000125885
1660,4.95911e-05
1665,0.000148773
1670,0.000114441
1675,6.10352e-05
1680,0.000167847
1685,6.10352e-05
1690,0.000141144
1695,0.000175476
1700,0.000144958
1705,5.34058e-05
1710,0.000110626
1715,0.000106812
1720,9.91821e-05
1725,0.000152588
1730,0.000110626
1735,8.39233e-05
1740,0.000148773
1745,0.000118256
1750,0.000106812
1755,0.000102997
1760,0.000106812
1765,9.53674e-05
1770,8.7738e-05
1775,0.0001297
1780,9.53674e-05
1785,0.000152588
1790,7.62939e-05
1795,0.000114441
1800,0.000106812
1805,0.000114441
1810,9.15527e-05
1820,0.000141144
1830,8.39233e-05
1840,0.000118256
1850,0.00012207
1860,0.000102997
1870,9.91821e-05
1880,0.000167847
1890,0.000114441
1900,0.000141144
1910,9.91821e-05
1920,0.00012207
1930,9.91821e-05
1940,0.000156403
1950,0.000106812
1960,6.10352e-05
1970,0.000114441
1980,8.39233e-05
1990,0.0001297
2000,0.0001297
2010,0.000152588
2020,9.53674e-05
2030,0.000118256
2040,9.15527e-05
2050,8.39233e-05
2060,0.000106812
2070,0.000164032
2080,0.000114441
2090,0.000118256
2100,7.62939e-05
2110,0.000137329
2120,0.000167847
2130,0.000110626
2140,0.00012207
2150,0.00012207
2160,0.000209808
2170,0.000106812
2180,0.000133514
2190,0.000167847
2200,0.0001297
2210,0.0001297
2220,0.000137329
2230,7.62939e-05
2240,8.7738e-05
2250,0.000144958
2260,0.000133514
2270,0.000137329
2280,9.91821e-05
2290,0.000160217
2300,0.00012207
2310,0.000114441
2320,0.0001297
2330,9.53674e-05
2340,0.000106812
2350,0.000125885
2360,0.000156403
2370,0.000106812
2380,0.000137329
2390,9.15527e-05
2400,0.000102997
2410,0.000102997
2420,0.000137329
2430,9.91821e-05
2440,0.000106812
2450,0.000125885
2460,5.72205e-05
2470,8.7738e-05
2480,0.000144958
2490,0.000133514
2500,0.000171661
2510,0.000137329
2520,0.000144958
2530,0.000102997
2540,0.000144958
2550,0.000133514
2560,0.000114441
2570,0.000213623
2580,0.000106812
2590,8.01086e-05
2600,0.00012207
2610,7.24792e-05
2620,0.000133514
2630,0.00012207
2640,0.000144958
2650,0.000114441
2660,8.39233e-05
2670,0.000175476
2680,0.000137329
2690,0.000183105
2700,9.91821e-05
2710,4.95911e-05
2720,0.00012207
2730,0.000110626
2740,0.000144958
2750,0.000106812
2760,0.000118256
2770,0.000110626
2780,0.000137329
2790,0.000106812
2800,6.86646e-05
2810,9.53674e-05
2820,0.000148773
2830,0.000141144
2840,0.00012207
2850,0.00012207
2860,0.000125885
2870,6.86646e-05
2880,9.15527e-05
2890,0.000110626
2900,0.000164032
2910,5.34058e-05
2920,0.00012207
2930,9.15527e-05
2940,0.000179291
2950,0.000171661
2960,0.0001297
2970,0.000179291
2980,0.000141144
2990,0.000179291
3000,0.000167847
3010,0.000118256
3020,9.53674e-05
3030,0.000110626
3040,8.39233e-05
3050,0.000102997
3060,0.000137329
3070,0.000125885
3080,0.000164032
3090,0.0001297
3100,9.53674e-05
3110,0.000183105
3120,0.000114441
3130,6.48499e-05
3140,8.39233e-05
3150,0.000106812
3160,8.39233e-05
3170,0.000225067
3180,0.000148773
3190,8.39233e-05
3200,8.39233e-05
3210,6.48499e-05
3220,9.15527e-05
3230,0.000175476
3240,0.000137329
3250,0.000137329
3260,6.48499e-05
3270,0.00012207
3280,0.000106812
3290,8.39233e-05
3300,9.91821e-05
3310,0.000141144
3320,0.000141144
3330,0.000106812
3340,8.01086e-05
3350,0.000133514
3360,8.01086e-05
3370,0.000133514
3380,0.000133514
3390,6.10352e-05
3400,0.000106812
3410,9.53674e-05
3420,0.000102997
3430,0.00012207
3440,5.34058e-05
3450,0.000152588
3460,0.000125885
3470,9.91821e-05
3480,0.000175476
3490,9.53674e-05
3500,0.000144958
3510,8.01086e-05
3520,0.000125885
3530,0.00012207
3540,0.00012207
3550,0.000114441
3560,8.01086e-05
3570,0.000110626
3580,0.0001297
3590,0.000110626
3600,0.00012207
3610,0.000102997
3620,6.86646e-05
3630,0.000152588
3640,0.000175476
3650,0.000160217
3660,0.000164032
3670,0.000144958
3680,4.57764e-05
3690,9.91821e-05
3700,0.000137329
3710,8.01086e-05
3720,0.000110626
3730,8.39233e-05
3740,0.000160217
3750,0.000133514
3760,0.000102997
3770,0.000167847
3780,0.0001297
3790,0.000118256
3800,6.48499e-05
3810,0.000106812
3820,8.7738e-05
3830,5.34058e-05
3840,0.000148773
3850,0.0001297
3860,7.24792e-05
3870,9.91821e-05
3880,8.39233e-05
3890,9.91821e-05
3900,0.000118256
3910,9.15527e-05
3920,5.34058e-05
3930,0.000133514
3940,0.000106812
3950,0.000106812
3960,9.15527e-05
3970,0.000102997
3980,0.000202179
3990,0.000137329
4000,9.15527e-05
4010,0.000144958
4020,8.01086e-05
4030,0.000164032
4040,0.000114441
4050,0.000137329
4060,6.10352e-05
4070,8.39233e-05
4080,0.00012207
4090,0.00012207
4100,0.0001297
4110,6.48499e-05
4120,6.10352e-05
4130,0.000110626
4140,0.000133514
4150,0.0001297
4160,0.000156403
4170,0.000164032
4180,9.91821e-05
4190,0.000137329
4200,0.000114441
4210,9.53674e-05
4220,7.62939e-05
4230,0.000190735
4240,9.91821e-05
4250,0.000110626
4260,8.39233e-05
4270,0.000106812
4280,0.00012207
4290,0.000114441
4300,0.000114441
4310,0.0001297
4320,0.000125885
4330,0.000106812
4340,8.01086e-05
4350,9.53674e-05
4360,9.53674e-05
4370,0.000110626
4380,9.15527e-05
4390,0.000137329
4400,0.000106812
4410,9.15527e-05
4420,8.39233e-05
4430,0.000125885
4440,0.000133514
4450,0.0001297
4460,0.000152588
4470,6.48499e-05
4480,0.000114441
4490,0.000114441
4500,0.000125885
4510,0.000110626
4520,0.000156403
4530,9.91821e-05
4540,0.000133514
4550,0.0001297
4560,7.62939e-05
4570,0.000144958
4580,0.00019455
4590,9.91821e-05
4600,0.000106812
4610,0.000137329
4620,0.000209808
4630,0.000125885
4640,0.000133514
4650,0.00012207
4660,0.000152588
4670,0.000190735
4680,0.000137329
4690,0.000133514
4700,0.000137329
4710,0.000141144
4720,8.39233e-05
4730,0.000110626
4740,0.000102997
4750,0.000152588
4760,0.000148773
4770,0.000164032
4780,8.39233e-05
4790,0.000156403
4800,7.62939e-05
4810,0.000114441
4820,0.000144958
4830,8.7738e-05
4840,0.000106812
4850,0.000137329
4860,0.000141144
4870,0.000125885
4880,0.000183105
4890,0.000102997
4900,8.7738e-05
4910,0.000133514
4920,7.24792e-05
4930,9.15527e-05
4940,0.000118256
4950,0.00012207
4960,0.000110626
4970,9.91821e-05
4980,0.000152588
4990,8.39233e-05
5000,0.000125885
5010,8.39233e-05
5020,8.7738e-05
5030,9.91821e-05
5040,8.01086e-05
5050,6.86646e-05
5060,0.000110626
5070,9.15527e-05
5080,0.000114441
5090,0.00012207
5100,0.000106812
5110,6.86646e-05
5120,9.15527e-05
5130,9.91821e-05
5140,0.000125885
5150,7.62939e-05
5160,6.10352e-05
5170,0.000110626
5180,0.000110626
5190,4.95911e-05
5200,6.86646e-05
5210,0.000114441
5220,7.62939e-05
5230,0.000118256
5240,9.91821e-05
5250,0.00012207
5260,9.91821e-05
5270,0.000156403
5280,0.000102997
5290,0.000114441
5300,8.7738e-05
5310,0.000160217
5320,0.000141144
5330,7.24792e-05
5340,4.57764e-05
5350,0.000152588
5360,0.00012207
5370,8.39233e-05
5380,0.0001297
5390,0.000125885
5400,0.000110626
5410,0.000102997
5420,7.62939e-05
5430,0.000106812
5440,0.000133514
5450,0.000118256
5460,0.000106812
5470,0.000114441
5480,0.000164032
5490,0.000175476
5500,0.000137329
5510,0.000137329
5520,9.53674e-05
5530,7.62939e-05
5540,0.000114441
5550,0.000141144
5560,0.000125885
5570,0.000144958
5580,0.000167847
5590,0.000160217
5600,6.86646e-05
5610,9.91821e-05
5620,0.000125885
5630,0.0001297
5640,9.15527e-05
5650,0.000106812
5660,0.0001297
5670,9.15527e-05
5680,0.000144958
5690,9.91821e-05
5700,0.000118256
5710,9.91821e-05
5720,6.10352e-05
5730,0.000152588
5740,9.15527e-05
5750,0.000156403
5760,0.000110626
5770,8.7738e-05
5780,0.000110626
5790,9.53674e-05
5800,0.000110626
5810,8.7738e-05
5820,0.000133514
5830,0.000125885
5840,0.000137329
5850,0.000164032
5860,0.000137329
5870,0.000118256
5880,0.000133514
5890,8.7738e-05
5900,6.86646e-05
5910,0.000152588
5920,0.000133514
5930,0.000110626
5940,0.000106812
5950,9.15527e-05
5960,6.86646e-05
5970,0.000110626
5980,5.34058e-05
5990,6.86646e-05
6000,0.000118256
6010,0.000114441
6020,0.000110626
6030,8.39233e-05
6040,0.000125885
6050,0.000190735
6060,0.00012207
6070,0.000164032
6080,0.000110626
6090,0.000137329
6100,0.000183105
6110,0.000160217
6120,9.53674e-05
6130,0.00012207
6140,0.000118256
6150,0.000144958
6160,9.15527e-05
6170,0.000137329
6180,0.000141144
6190,3.43323e-05
6200,0.000102997
6210,7.62939e-05
6220,0.000125885
6230,0.000137329
6240,0.000110626
6250,0.000137329
6260,0.000137329
6270,0.000102997
6280,0.000133514
6290,0.000167847
6300,9.15527e-05
6310,9.53674e-05
6320,0.000144958
6330,0.000110626
6340,0.000106812
6350,9.15527e-05
6360,0.000106812
6370,6.48499e-05
6380,9.53674e-05
6390,0.000114441
6400,0.0001297
6410,9.91821e-05
6420,8.7738e-05
6430,3.8147e-05
6440,0.000133514
6450,9.91821e-05
6460,0.000133514
6470,0.000102997
6480,9.15527e-05
6490,9.53674e-05
6500,8.7738e-05
6510,0.000148773
6520,6.10352e-05
6530,0.000152588
6540,0.000118256
6550,0.00012207
6560,0.000125885
6570,9.91821e-05
6580,0.000118256
6590,0.000114441
6600,7.62939e-05
6610,9.91821e-05
6620,0.000118256
6630,0.000148773
6640,8.39233e-05
6650,0.000175476
6660,0.000114441
6670,0.000125885
6680,0.000110626
6690,0.000102997
6700,6.10352e-05
6710,0.000137329
6720,0.000160217
6730,0.000141144
6740,8.7738e-05
6750,0.000118256
6760,0.000141144
6770,0.000156403
6780,0.000167847
6790,8.39233e-05
6800,0.000167847
6810,0.000110626
6820,0.000106812
6830,9.91821e-05
6840,0.000148773
6850,0.000183105
6860,0.000137329
6870,0.000125885
6880,6.10352e-05
6890,0.000114441
6900,0.000160217
6910,8.39233e-05
6920,5.34058e-05
6930,6.86646e-05
6940,0.000133514
6950,0.000202179
6960,7.24792e-05
6970,0.0001297
6980,0.000141144
6990,0.000114441
7000,8.7738e-05
7010,0.000110626
7020,0.000118256
7030,9.15527e-05
7040,6.86646e-05
7050,0.000118256
7060,0.00012207
7070,8.01086e-05
7080,0.000114441
7090,0.000160217
7100,9.53674e-05
7110,0.000110626
7120,8.7738e-05
7130,7.62939e-05
7140,0.00012207
7150,0.000144958
7160,0.000137329
7170,0.000148773
7180,0.000102997
7190,0.000137329
7200,8.7738e-05
7210,9.15527e-05
7220,4.19617e-05
7230,0.000114441
7240,9.15527e-05
7250,8.39233e-05
7260,0.00012207
7270,0.000114441
7280,0.000102997
7290,8.39233e-05
7300,4.95911e-05
7310,0.000205994
7320,7.62939e-05
7330,0.000148773
7340,8.01086e-05
7350,0.000118256
7360,0.000175476
7370,0.0001297
7380,9.15527e-05
7390,0.000213623
7400,0.000137329
7410,0.000125885
7420,4.95911e-05
7430,0.000152588
7440,0.000106812
7450,9.91821e-05
7460,0.000118256
7470,0.000106812
7480,8.39233e-05
7490,0.000106812
7500,9.91821e-05
7510,8.39233e-05
7520,7.62939e-05
7530,9.91821e-05
7540,7.62939e-05
7550,0.000125885
7560,4.95911e-05
7570,0.000106812
7580,0.000102997
7590,0.000114441
7600,0.000106812
7610,0.000114441
7620,9.15527e-05
7630,7.62939e-05
7640,9.15527e-05
7650,9.15527e-05
7660,0.00012207
7670,0.000171661
7680,9.53674e-05
7690,0.0001297
7700,9.15527e-05
7710,0.000141144
7720,0.000110626
7730,0.000102997
7740,0.000106812
7750,0.000110626
7760,7.62939e-05
7770,0.000141144
7780,0.000148773
7790,5.72205e-05
7800,8.39233e-05
7810,0.000133514
7820,0.000152588
7830,0.000175476
7840,0.000110626
7850,6.86646e-05
7860,0.000137329
7870,0.000141144
7880,0.000137329
7890,8.7738e-05
7900,0.00012207
7910,0.000137329
7920,0.000133514
7930,0.000167847
7940,0.000125885
7950,9.53674e-05
7960,0.000148773
7970,0.000198364
7980,8.7738e-05
7990,0.000198364
8000,0.000106812
8010,0.000156403
8020,0.000190735
8030,0.000118256
8040,0.000102997
8050,0.0001297
8060,9.15527e-05
8070,0.000160217
8080,0.000114441
8090,9.91821e-05
8100,0.000125885
8110,0.0001297
8120,9.15527e-05
8130,0.00012207
8140,0.000106812
8150,9.15527e-05
8160,0.000133514
8170,0.000137329
8180,0.0001297
8190,0.000141144
8200,0.000114441
8210,8.01086e-05
8220,0.000144958
8230,9.53674e-05
8240,0.000118256
8250,0.000106812
8260,0.0001297
8270,9.91821e-05
8280,0.000110626
8290,0.000118256
8300,0.000114441
8310,0.000144958
8320,0.000152588
8330,8.7738e-05
8340,0.000106812
8350,7.62939e-05
8360,5.34058e-05
8370,0.000102997
8380,0.000114441
8390,0.000110626
8400,0.000106812
8410,0.000133514
8420,9.53674e-05
8430,0.000164032
8440,8.01086e-05
8450,0.000106812
8460,8.01086e-05
8470,0.000171661
8480,0.000106812
8490,0.000102997
8500,0.000148773
8510,4.57764e-05
8520,0.000164032
8530,0.000160217
8540,0.00012207
8550,0.000160217
8560,0.000141144
8570,0.000133514
8580,0.000160217
8590,9.91821e-05
8600,8.01086e-05
8610,9.15527e-05
8620,8.39233e-05
8630,9.53674e-05
8640,5.72205e-05
8650,7.62939e-05
8660,0.000114441
8670,7.62939e-05
8680,0.000102997
8690,0.000148773
8700,8.7738e-05
8710,0.000144958
8720,9.91821e-05
8730,0.000102997
8740,0.00012207
8750,6.10352e-05
8760,7.62939e-05
8770,9.53674e-05
8780,0.000167847
8790,9.15527e-05
8800,0.0001297
8810,0.000125885
8820,0.00012207
8830,0.000137329
8840,5.34058e-05
8850,9.91821e-05
8860,6.86646e-05
8870,0.00012207
8880,0.000144958
8890,0.000137329
8900,0.000102997
8910,9.91821e-05
8920,9.91821e-05
8930,0.000118256
8940,6.48499e-05
8950,0.000102997
8960,0.000167847
8970,9.91821e-05
8980,0.000137329
8990,0.000160217
9000,0.000156403
9010,9.91821e-05
9020,9.91821e-05
9030,0.000118256
9040,0.000106812
9050,9.53674e-05
9060,9.15527e-05
9070,0.00012207
9080,0.000106812
9090,0.000141144
9100,0.000164032
9110,0.000141144
9120,0.000148773
9130,0.000137329
9140,0.000114441
9150,9.53674e-05
9160,5.34058e-05
9170,0.000133514
9180,0.0001297
9190,0.000106812
9200,0.000133514
9210,3.8147e-05
9220,9.15527e-05
9230,9.15527e-05
9240,6.48499e-05
9250,0.0001297
9260,7.62939e-05
9270,0.000118256
9280,0.000110626
9290,9.53674e-05
9300,0.000148773
9310,0.000102997
9320,0.000125885
9330,9.15527e-05
9340,0.000114441
9350,5.34058e-05
9360,0.000106812
9370,0.000141144
9380,7.62939e-05
9390,0.000102997
9400,0.000125885
9410,8.39233e-05
9420,8.7738e-05
9430,0.000125885
9440,8.39233e-05
9450,0.000137329
9460,8.7738e-05
9470,0.000133514
9480,0.0001297
9490,0.000141144
9500,0.000102997
9510,9.15527e-05
9520,9.15527e-05
9530,0.000213623
9540,0.000106812
9550,0.000160217
9560,6.10352e-05
9570,9.15527e-05
9580,0.0001297
9590,0.000183105
9600,0.000179291
9610,0.000102997
9620,9.91821e-05
9630,0.000205994
9640,7.62939e-05
9650,9.53674e-05
9660,9.91821e-05
9670,8.01086e-05
9680,7.62939e-05
9690,0.000106812
9700,8.39233e-05
9710,0.000148773
9720,8.39233e-05
9730,0.000114441
9740,0.000110626
9750,0.000175476
9760,5.34058e-05
9770,8.01086e-05
9780,0.000106812
9790,0.0001297
9800,0.000102997
9810,8.39233e-05
9820,8.39233e-05
9830,9.53674e-05
9840,0.000102997
9850,0.0001297
9860,3.8147e-05
9870,9.15527e-05
9880,0.000110626
9890,7.62939e-05
9900,0.000102997
9910,7.24792e-05
9920,8.39233e-05
9930,0.000106812
9940,0.000156403
9950,0.000110626
9960,9.15527e-05
9970,9.15527e-05
9980,0.00012207
9990,7.62939e-05
10000,6.48499e-05
10010,8.01086e-05
10020,8.7738e-05
10030,6.86646e-05
10040,0.000144958
10050,0.000183105
10060,0.000110626
10070,0.000144958
10080,0.000102997
10090,7.24792e-05
10100,0.000125885
10110,0.000152588
10120,0.000114441
10130,8.01086e-05
10140,9.15527e-05
10150,0.000156403
10160,0.0001297
10170,7.62939e-05
10180,0.000114441
10190,6.86646e-05
10200,0.000106812
10210,0.000167847
10220,0.000110626
10230,9.91821e-05
10240,6.86646e-05
10250,6.10352e-05
10260,0.000114441
10270,8.01086e-05
10280,9.91821e-05
10290,0.000141144
10300,0.000148773
10310,9.15527e-05
10320,0.000102997
10330,0.000106812
10340,0.000152588
10350,0.000152588
10360,0.000114441
10370,0.000125885
10380,9.15527e-05
10390,0.000110626
10400,0.000118256
10410,9.53674e-05
10420,0.000137329
10430,0.000144958
10440,9.15527e-05
10450,8.7738e-05
10460,0.000160217
10470,0.000102997
10480,7.24792e-05
10490,0.000125885
10500,8.39233e-05
10510,0.000148773
10520,7.62939e-05
10530,0.000183105
10540,0.000137329
10550,0.000160217
10560,0.000102997
10570,0.00012207
10580,0.000106812
10590,0.000144958
10600,0.0001297
10610,9.15527e-05
10620,0.000118256
10630,0.000141144
10640,0.000125885
10650,9.15527e-05
10660,0.00019455
10670,0.000125885
10680,9.53674e-05
10690,0.00012207
10700,0.000133514
10710,0.0001297
10720,0.000106812
10730,0.000167847
10740,0.000118256
10750,0.000106812
10760,8.7738e-05
10770,6.86646e-05
10780,0.000110626
10790,7.62939e-05
10800,0.0001297
10810,0.00012207
10820,0.000152588
10830,0.000110626
10840,0.0001297
10850,0.000144958
10860,9.91821e-05
10870,0.000156403
10880,8.39233e-05
10890,9.91821e-05
10900,7.62939e-05
10910,9.91821e-05
10920,0.000160217
10930,9.53674e-05
10940,6.48499e-05
10950,8.39233e-05
10960,0.000106812
10970,0.00012207
10980,0.000141144
10990,8.7738e-05
11000,0.000144958
11010,0.0001297
11020,9.15527e-05
11030,0.000118256
11040,0.000144958
11050,0.000137329
11060,0.0001297
11070,6.86646e-05
11080,7.62939e-05
11090,0.000110626
11100,0.000137329
11110,0.000133514
11120,0.000110626
11130,7.62939e-05
11140,0.000133514
11150,0.00012207
11160,0.000118256
11170,0.000160217
11180,0.000175476
11190,9.15527e-05
11200,0.000102997
11210,0.000114441
11220,0.000148773
11230,0.00012207
11240,0.000110626
11250,7.62939e-05
11260,9.91821e-05
11270,0.000114441
11280,8.39233e-05
11290,8.7738e-05
11300,0.000110626
11310,7.62939e-05
11320,8.39233e-05
11330,0.000110626
11340,0.000106812
11350,9.53674e-05
11360,6.86646e-05
11370,0.000179291
11380,0.000148773
11390,0.000118256
11400,6.10352e-05
11410,8.39233e-05
11420,9.53674e-05
11430,0.000102997
11440,0.000118256
11450,8.39233e-05
11460,9.15527e-05
11470,0.00012207
11480,0.000102997
11490,8.7738e-05
11500,5.34058e-05
11510,6.48499e-05
11520,0.000148773
11530,0.000106812
11540,6.10352e-05
11550,0.000167847
11560,0.0001297
11570,0.000102997
11580,7.62939e-05
11590,7.24792e-05
11600,0.00012207
11610,0.000141144
11620,0.000152588
11630,6.86646e-05
11640,0.0001297
11650,8.01086e-05
11660,0.000110626
11670,0.000106812
11680,9.15527e-05
11690,0.000110626
11700,7.24792e-05
11710,6.86646e-05
11720,6.86646e-05
11730,8.39233e-05
11740,0.000141144
11750,0.000198364
11760,0.000102997
11770,0.000144958
11780,0.000137329
11790,0.000160217
11800,9.15527e-05
11810,0.000144958
11820,0.000102997
11830,9.15527e-05
11840,0.000118256
11850,0.000114441
11860,4.57764e-05
11870,7.24792e-05
11880,0.000102997
11890,9.91821e-05
11900,8.7738e-05
11910,0.000175476
11920,0.000137329
11930,7.62939e-05
11940,0.000141144
11950,8.01086e-05
11960,0.0001297
11970,0.000183105
11980,0.0001297
11990,0.000160217
12000,9.15527e-05
12010,0.000106812
12020,0.000144958
12030,7.24792e-05
12040,0.000148773
12050,0.000114441
12060,0.000164032
12070,9.91821e-05
12080,0.000148773
12090,0.000198364
12100,0.000164032
12110,9.15527e-05
12120,0.000141144
12130,7.62939e-05
12140,0.000183105
12150,0.000152588
12160,0.0001297
12170,9.91821e-05
12180,6.86646e-05
12190,0.000144958
12200,9.91821e-05
12210,0.000118256
12220,0.000106812
12230,9.15527e-05
12240,0.000183105
12250,9.15527e-05
12260,0.000110626
12270,0.000164032
12280,9.15527e-05
12290,8.01086e-05
12300,0.000110626
12310,0.000152588
12320,9.53674e-05
12330,0.000125885
12340,0.000114441
12350,9.53674e-05
12360,8.39233e-05
12370,9.15527e-05
12380,6.86646e-05
12390,0.000118256
12400,0.000110626
12410,0.000148773
12420,9.53674e-05
12430,8.39233e-05
12440,0.0001297
12450,6.86646e-05
12460,0.000110626
12470,0.000133514
12480,8.7738e-05
12490,0.000137329
12500,8.01086e-05
12510,7.24792e-05
12520,9.91821e-05
12530,8.39233e-05
12540,9.91821e-05
12550,6.10352e-05
12560,8.01086e-05
12570,0.000160217
12580,7.62939e-05
12590,8.39233e-05
12600,9.91821e-05
12610,8.39233e-05
12620,0.000106812
12630,9.91821e-05
12640,0.000137329
12650,8.7738e-05
12660,8.39233e-05
12670,8.39233e-05
12680,6.86646e-05
12690,0.000110626
12700,0.000110626
12710,0.000114441
12720,8.7738e-05
12730,0.00012207
12740,0.00012207
12750,0.000152588
12760,6.10352e-05
12770,0.000152588
12780,9.53674e-05
12790,0.000141144
12800,0.0001297
12810,8.39233e-05
12820,0.000106812
12830,0.000110626
12840,6.10352e-05
12850,0.000106812
12860,0.000110626
12870,0.000114441
12880,0.000152588
12890,0.000125885
12900,0.000167847
12910,0.000118256
12920,0.000110626
12930,0.000114441
12940,0.000160217
12950,8.01086e-05
12960,9.53674e-05
12970,0.000118256
12980,0.000160217
12990,0.000125885
13000,0.000137329
13010,0.000141144
13020,0.00012207
13030,4.57764e-05
13040,0.00012207
13050,0.000141144
13060,7.62939e-05
13070,0.000110626
13080,9.15527e-05
13090,0.000114441
13100,0.00012207
13110,0.000133514
13120,9.15527e-05
13130,0.000133514
13140,0.00012207
13150,0.000125885
13160,8.7738e-05
13170,9.15527e-05
13180,0.000133514
13190,0.000160217
13200,0.000102997
13210,6.86646e-05
13220,0.000118256
13230,0.000156403
13240,9.91821e-05
13250,7.24792e-05
13260,0.000106812
13270,0.000102997
13280,0.000133514
13290,9.15527e-05
13300,9.91821e-05
13310,5.34058e-05
13320,6.86646e-05
13330,7.62939e-05
13340,0.000118256
13350,9.91821e-05
13360,0.000141144
13370,9.15527e-05
13380,0.000144958
13390,0.0001297
13400,0.000125885
13410,8.7738e-05
13420,0.000137329
13430,0.000141144
13440,9.91821e-05
13450,9.53674e-05
13460,0.000110626
13470,7.24792e-05
13480,8.39233e-05
13490,8.39233e-05
13500,8.7738e-05
13510,0.000102997
13520,9.91821e-05
13530,0.000110626
13540,0.000114441
13550,7.62939e-05
13560,0.000106812
13570,0.000133514
13580,0.000114441
13590,9.15527e-05
13600,6.86646e-05
13610,7.24792e-05
13620,0.0001297
13630,0.000141144
13640,0.000102997
13650,0.000110626
13660,8.39233e-05
13670,0.000133514
13680,8.7738e-05
13690,9.53674e-05
13700,0.000125885
13710,9.15527e-05
13720,0.000118256
13730,0.000118256
13740,8.7738e-05
13750,0.000137329
13760,7.62939e-05
13770,0.000125885
13780,0.000141144
13790,0.000102997
13800,8.39233e-05
13810,0.000118256
13820,0.000156403
13830,0.000102997
13840,0.000137329
13850,0.000152588
13860,0.000110626
13870,0.000133514
13880,0.00012207
13890,9.53674e-05
13900,7.62939e-05
13910,9.91821e-05
13920,6.10352e-05
13930,0.000106812
13940,9.15527e-05
13950,0.000102997
13960,8.39233e-05
13970,0.000102997
13980,0.000106812
13990,9.91821e-05
14000,9.91821e-05
14010,8.39233e-05
14020,7.62939e-05
14030,0.000125885
14040,0.000133514
14050,0.000114441
14060,0.000144958
14070,0.000125885
14080,0.000110626
14090,8.01086e-05
14100,6.48499e-05
14110,9.91821e-05
14120,0.000164032
14130,0.000183105
14140,0.000102997
14150,9.53674e-05
14160,0.000110626
14170,9.15527e-05
14180,0.000114441
14190,0.000125885
14200,0.000114441
14210,0.000137329
14220,7.62939e-05
14230,0.000118256
14240,0.000114441
14250,0.0001297
14260,0.000114441
14270,8.7738e-05
14280,8.01086e-05
14290,0.000125885
14300,0.000167847
14310,0.000106812
14320,8.7738e-05
14330,6.48499e-05
14340,0.000106812
14350,0.000106812
14360,0.000114441
14370,0.000114441
14380,0.000125885
14390,0.00012207
14400,0.000141144
14410,9.15527e-05
14420,0.000125885
14430,0.000125885
14440,0.00012207
14450,0.000118256
14460,7.62939e-05
14470,9.91821e-05
14480,8.7738e-05
14490,0.00012207
14500,0.000106812
14510,0.000110626
14520,0.000110626
14530,6.86646e-05
14540,0.000110626
14550,0.000148773
14560,0.000110626
14570,0.000118256
14580,0.000110626
14590,9.53674e-05
14600,0.000144958
14610,0.000133514
14620,0.000137329
14630,0.000102997
14640,0.000144958
14650,0.000106812
14660,0.000148773
14670,0.000148773
14680,0.000125885
14690,0.000141144
14700,0.000148773
14710,0.00012207
14720,9.53674e-05
14730,0.000110626
14740,0.0001297
14750,0.000110626
14760,0.000160217
14770,8.39233e-05
14780,0.000110626
14790,0.000175476
14800,7.24792e-05
14810,0.0001297
14820,9.15527e-05
14830,0.000118256
14840,0.000164032
14850,0.000102997
14860,0.000167847
14870,8.7738e-05
14880,9.91821e-05
14890,0.0001297
14900,0.000114441
14910,9.15527e-05
14920,0.000110626
14930,0.000125885
14940,6.86646e-05
14950,0.000171661
14960,9.15527e-05
14970,0.000125885
14980,0.0001297
14990,6.86646e-05
15000,0.000110626
15010,0.000106812
15020,0.000118256
15030,0.000106812
15040,0.000167847
15050,0.000102997
15060,8.39233e-05
15070,0.00012207
15080,9.91821e-05
15090,0.000148773
15100,0.0001297
15110,0.000118256
15120,0.00012207
15130,0.000106812
15140,9.15527e-05
15150,9.91821e-05
15160,0.000156403
15170,6.10352e-05
15180,0.000106812
15190,0.000164032
15200,0.00019455
15210,0.0001297
15220,0.000118256
15230,0.000144958
15240,9.53674e-05
15250,0.000171661
15260,0.000102997
15270,0.000133514
15280,9.53674e-05
15290,0.000141144
15300,8.01086e-05
15310,8.39233e-05
15320,8.01086e-05
15330,0.000106812
15340,9.91821e-05
15350,9.53674e-05
15360,8.7738e-05
15370,0.000110626
15380,7.24792e-05
15390,0.000137329
15400,0.000156403
15410,0.000144958
15420,0.000110626
15430,0.000141144
15440,5.72205e-05
15450,0.000110626
15460,5.34058e-05
15470,5.34058e-05
15480,5.72205e-05
15490,0.000106812
15500,0.00012207
15510,7.62939e-05
15520,0.000125885
15530,0.000141144
15540,0.000110626
15550,0.000114441
15560,9.91821e-05
15570,7.62939e-05
15580,0.000164032
15590,6.48499e-05
15600,8.39233e-05
15610,0.00012207
15620,9.15527e-05
15630,0.000114441
15640,0.000110626
15650,0.000137329
15660,6.86646e-05
15670,9.53674e-05
15680,8.01086e-05
15690,8.39233e-05
15700,7.62939e-05
15710,7.24792e-05
15720,0.0001297
15730,9.15527e-05
15740,6.48499e-05
15750,0.000114441
15760,9.53674e-05
15770,0.000137329
15780,0.000141144
15790,9.91821e-05
15800,0.00019455
15810,9.15527e-05
15820,0.000106812
15830,0.000114441
15840,0.000118256
15850,6.10352e-05
15860,0.00012207
15870,0.000106812
15880,0.000144958
15890,0.000118256
15900,0.000118256
15910,0.000102997
15920,0.000164032
15930,0.000133514
15940,0.000125885
15950,0.000118256
15960,7.62939e-05
15970,0.00012207
15980,0.0001297
15990,0.000125885
16000,0.000137329
16010,0.00012207
16020,0.00012207
16030,0.000110626
16040,0.0001297
16050,7.24792e-05
16060,0.000137329
16070,9.15527e-05
16080,0.000114441
16090,0.000164032
16100,0.000106812
16110,0.000102997
16120,0.000137329
16130,0.000133514
16140,7.62939e-05
16150,8.7738e-05
16160,0.000133514
16170,0.000160217
16180,0.00012207
16190,6.48499e-05
16200,0.000106812
16210,0.000106812
16220,0.000137329
16230,8.01086e-05
16240,9.15527e-05
16250,0.000102997
16260,0.000152588
16270,0.00012207
16280,9.53674e-05
16290,6.86646e-05
16300,0.000114441
16310,0.000118256
16320,6.86646e-05
16330,0.000148773
16340,4.57764e-05
16350,8.01086e-05
16360,7.24792e-05
16370,8.7738e-05
16380,0.000118256
16390,0.00019455
16400,0.0001297
16410,7.62939e-05
16420,8.39233e-05
16430,0.00012207
16440,9.53674e-05
16450,9.91821e-05
16460,0.000164032
16470,0.000114441
16480,0.000114441
16490,0.0001297
16500,0.000102997
16510,9.91821e-05
16520,6.86646e-05
16530,0.000114441
16540,0.000125885
16550,5.34058e-05
16560,0.000114441
16570,5.34058e-05
16580,0.000133514
16590,0.000152588
16600,4.57764e-05
16610,0.000114441
16620,9.15527e-05
16630,9.53674e-05
16640,0.000118256
16650,9.53674e-05
16660,0.000106812
16670,0.000106812
16680,0.000167847
16690,0.000125885
16700,0.000118256
16710,0.000110626
16720,0.000114441
16730,9.15527e-05
16740,0.000175476
16750,0.000144958
16760,0.000114441
16770,9.91821e-05
16780,9.15527e-05
16790,0.000106812
16800,0.0001297
16810,0.000110626
16820,9.91821e-05
16830,0.000133514
16840,7.62939e-05
16850,7.62939e-05
16860,0.00012207
16870,8.01086e-05
16880,0.000125885
16890,9.53674e-05
16900,0.000102997
16910,5.72205e-05
16920,7.62939e-05
16930,5.34058e-05
16940,8.7738e-05
16950,0.000148773
16960,0.000110626
16970,0.000133514
16980,0.000102997
16990,9.15527e-05
17000,0.000114441
17010,0.000110626
17020,0.000106812
17030,0.000114441
17040,9.15527e-05
17050,6.10352e-05
17060,0.000106812
17070,0.000133514
17080,9.53674e-05
17090,7.62939e-05
17100,6.86646e-05
17110,8.7738e-05
17120,0.0001297
17130,8.7738e-05
17140,5.34058e-05
17150,0.000179291
17160,8.39233e-05
17170,9.15527e-05
17180,8.39233e-05
17190,9.91821e-05
17200,0.000114441
17210,0.00012207
17220,4.95911e-05
17230,0.000141144
17240,0.000125885
17250,9.91821e-05
17260,0.000141144
17270,9.53674e-05
17280,9.91821e-05
17290,8.01086e-05
17300,0.000144958
17310,0.000156403
17320,0.000171661
17330,0.000114441
17340,8.39233e-05
17350,0.000137329
17360,0.000106812
17370,0.000133514
17380,0.0001297
17390,0.000118256
17400,0.000148773
17410,0.000102997
17420,6.48499e-05
17430,6.48499e-05
17440,0.000137329
17450,7.62939e-05
17460,9.53674e-05
17470,0.000118256
17480,7.62939e-05
17490,0.000106812
17500,0.000114441
17510,8.01086e-05
17520,0.000167847
17530,6.10352e-05
17540,0.000137329
17550,0.000106812
17560,0.000148773
17570,7.62939e-05
17580,0.000114441
17590,0.000133514
17600,9.15527e-05
17610,0.000152588
17620,0.000133514
17630,0.000114441
17640,0.00012207
17650,0.000171661
17660,0.000106812
17670,9.91821e-05
17680,0.000148773
17690,0.000118256
17700,0.000137329
17710,0.000144958
17720,8.7738e-05
17730,4.19617e-05
17740,0.0001297
17750,0.000133514
17760,0.000137329
17770,0.000106812
17780,0.00012207
17790,0.000125885
17800,0.000114441
17810,0.000125885
17820,9.15527e-05
17830,9.15527e-05
17840,9.91821e-05
17850,0.0001297
17860,7.62939e-05
17870,0.000144958
17880,9.53674e-05
17890,0.000110626
17900,0.000156403
17910,0.000133514
17920,0.000125885
17930,9.91821e-05
17940,6.86646e-05
17950,0.000114441
17960,0.000167847
17970,0.000137329
17980,0.0001297
17990,0.000141144
18000,9.91821e-05
18010,8.39233e-05
18020,0.000152588
18030,6.86646e-05
18040,0.000110626
18050,9.15527e-05
18060,0.000148773
18070,7.62939e-05
18080,0.000167847
18090,0.000114441
18100,6.86646e-05
18110,6.48499e-05
18120,8.39233e-05
18130,0.0001297
18140,8.7738e-05
18150,0.000148773
18160,7.62939e-05
18170,5.34058e-05
18180,8.39233e-05
18190,9.91821e-05
18200,0.000102997
18210,0.00018692
18220,0.000110626
18230,0.000160217
18240,0.000125885
18250,8.39233e-05
18260,9.15527e-05
18270,8.01086e-05
18280,0.000106812
18290,9.15527e-05
18300,0.000137329
18310,9.15527e-05
18320,9.53674e-05
18330,9.15527e-05
18340,8.7738e-05
18350,0.000114441
18360,0.000114441
18370,0.000106812
18380,9.15527e-05
18390,0.000141144
18400,6.10352e-05
18410,0.000118256
18420,7.24792e-05
18430,0.000144958
18440,6.48499e-05
18450,0.000152588
18460,0.000114441
18470,0.000114441
18480,0.000144958
18490,0.000114441
18500,8.39233e-05
18510,6.48499e-05
18520,0.0001297
18530,0.000141144
18540,0.00012207
18550,9.15527e-05
18560,0.000152588
18570,5.34058e-05
18580,0.000156403
18590,0.000144958
18600,0.000106812
18610,0.000106812
18620,7.24792e-05
18630,0.000102997
18640,0.00012207
18650,0.0001297
18660,0.0001297
18670,0.00012207
18680,7.62939e-05
18690,0.000114441
18700,0.0001297
18710,0.000106812
18720,0.000137329
18730,6.86646e-05
18740,0.000160217
18750,0.000106812
18760,9.53674e-05
18770,0.000144958
18780,0.000137329
18790,0.000125885
18800,0.000102997
18810,0.000106812
18820,9.15527e-05
