t,cg_iters
1,14400
2,14439
3,14527
4,14466
5,14395
6,14488
7,14478
8,14288
9,14472
10,14329
11,14211
12,14261
13,14263
14,14326
15,14186
16,14260
17,14202
18,14271
19,14209
20,14133
21,6467
22,6523
23,6449
24,6437
25,6466
26,6500
27,6475
28,6470
29,6388
30,6385
31,6472
32,6435
33,6449
34,6443
35,6422
36,6404
37,6442
38,6442
39,6413
40,6554
41,6436
42,6444
43,6515
44,6469
45,6406
46,6447
47,6363
48,6361
49,6368
50,6477
51,6408
52,6403
53,6446
54,6368
55,6359
56,6403
57,6493
58,6425
59,6442
60,6458
61,6437
62,6480
63,6415
64,6435
65,6335
66,6379
67,6368
68,6430
69,6388
70,6418
71,6401
72,6396
73,6402
74,6355
75,6442
76,6368
77,6382
78,6394
79,6368
80,6386
81,6336
82,6382
83,6410
84,6443
85,6364
86,6348
87,6340
88,6377
89,6335
90,6323
91,6367
92,6329
93,6378
94,6316
95,6311
96,6432
97,6407
98,6317
99,6368
100,6303
101,6319
102,6321
103,6427
104,6330
105,6369
106,6360
107,6375
108,6414
109,6348
110,6368
111,6374
112,6439
113,6345
114,6363
115,6364
116,6403
117,6426
118,6403
119,6421
120,6435
121,6455
122,6495
123,6424
124,6450
125,6396
126,6400
127,6471
128,6482
129,6407
130,6421
131,6477
132,6515
133,6476
134,6493
135,6416
136,6417
137,6491
138,6447
139,6390
140,6442
141,6450
142,6431
143,6436
144,6514
145,6503
146,6492
147,6449
148,6437
149,6491
150,6478
151,6430
152,6377
153,6424
154,6468
155,6524
156,6394
157,6396
158,6427
159,6406
160,6432
161,6420
162,6377
163,6415
164,6443
165,6416
166,6383
167,6481
168,6387
169,6399
170,6442
171,6393
172,6387
173,6438
174,6405
175,6409
176,6383
177,6377
178,6376
179,6442
180,6420
181,6378
182,6416
183,6463
184,6390
185,6351
186,6368
187,6402
188,6358
189,6382
190,6385
191,6333
192,6312
193,6348
194,6298
195,6315
196,6298
197,6410
198,6354
199,6368
200,6427
201,6469
202,6364
203,6398
204,6419
205,6420
206,6368
207,6349
208,6388
209,6352
210,6388
211,6388
212,6373
213,6446
214,6371
215,6381
216,6411
217,6371
218,6371
219,6396
220,6276
221,6346
222,6396
223,6339
224,6313
225,6329
226,6353
227,6368
228,6375
229,6329
230,6368
231,6294
232,6403
233,6442
234,6383
235,6321
236,6349
237,6434
238,6378
239,6376
240,6350
241,6422
242,6442
243,6421
244,6350
245,6363
246,6365
247,6388
248,6381
249,6433
250,6367
251,6368
252,6449
253,6351
254,6400
255,6368
256,6404
257,6440
258,6407
259,6366
260,6380
261,6382
262,6325
263,6325
264,6366
265,6329
266,6308
267,6398
268,6413
269,6368
270,6365
271,6354
272,6438
273,6434
274,6477
275,6412
276,6376
277,6335
278,6381
279,6454
280,6417
281,6409
282,6443
283,6348
284,6384
285,6419
286,6482
287,6368
288,6368
289,6425
290,6450
291,6411
292,6399
293,6404
294,6400
295,6344
296,6361
297,6333
298,6402
299,6391
300,6479
301,6447
302,6436
303,6392
304,6337
305,6430
306,6376
307,6413
308,6380
309,6368
310,6410
311,6418
312,6383
313,6372
314,6374
315,6404
316,6399
317,6390
318,6357
319,6422
320,6397
321,6446
322,6358
323,6378
324,6421
325,6509
326,6476
327,6443
328,6436
329,6401
330,6357
331,6333
332,6401
333,6435
334,6398
335,6410
336,6340
337,6520
338,6412
339,6489
340,6505
341,6486
342,6392
343,6428
344,6425
345,6423
346,6430
347,6414
348,6446
349,6454
350,6404
351,6390
352,6400
353,6392
354,6371
355,6398
356,6396
357,6421
358,6484
359,6421
360,6368
361,6401
362,6318
363,6356
364,6355
365,6418
366,6314
367,6384
368,6451
369,6420
370,6417
371,6451
372,6444
373,6368
374,6359
375,6433
376,6375
377,6429
378,6406
379,6414
380,6319
381,6317
382,6382
383,6368
384,6377
385,6316
386,6368
387,6389
388,6389
389,6387
390,6412
391,6423
392,6491
393,6449
394,6458
395,6484
396,6478
397,6443
398,6466
399,6448
400,6442
401,6451
402,6520
403,6483
404,6470
405,6368
406,6364
407,6396
408,6424
409,6407
410,6368
411,6426
412,6397
413,6383
414,6439
415,6485
416,6496
417,6452
418,6520
419,6519
420,6414
421,6463
422,6465
423,6491
424,6413
425,6476
426,6444
427,6449
428,6448
429,6412
430,6454
431,6485
432,6475
433,6442
434,6407
435,6442
436,6529
437,6463
438,6461
439,6512
440,6503
441,6482
442,6511
443,6421
444,6488
445,6436
446,6442
447,6446
448,6454
449,6408
450,6442
451,6528
452,6552
453,6529
454,6498
455,6480
456,6494
457,6445
458,6504
459,6477
460,6398
461,6468
462,6439
463,6441
464,6530
465,6440
466,6445
467,6389
468,6388
469,6440
470,6481
471,6425
472,6473
473,6385
474,6414
475,6394
476,6402
477,6451
478,6478
479,6457
480,6459
481,6437
482,6461
483,6491
484,6444
485,6519
486,6514
487,6528
488,6464
489,6439
490,6410
491,6469
492,6503
493,6442
494,6442
495,6452
496,6455
497,6404
498,6437
499,6439
500,6464
501,6439
502,6415
503,6524
504,6418
505,6471
506,6459
507,6477
508,6463
509,6500
510,6447
511,6521
512,6431
513,6416
514,6444
515,6412
516,6416
517,6476
518,6417
519,6400
520,6385
521,6413
522,6401
523,6437
524,6419
525,6412
526,6425
527,6394
528,6393
529,6324
530,6358
531,6326
532,6368
533,6417
534,6400
535,6459
536,6452
537,6428
538,6428
539,6450
540,6443
541,6435
542,6464
543,6452
544,6429
545,6476
546,6552
547,6470
548,6362
549,6411
550,6399
551,6411
552,6392
553,6402
554,6383
555,6383
556,6352
557,6375
558,6493
559,6372
560,6467
561,6474
562,6442
563,6477
564,6430
565,6480
566,6473
567,6441
568,6478
569,6499
570,6494
571,6490
572,6455
573,6452
574,6443
575,6394
576,6437
577,6401
578,6497
579,6520
580,6415
581,6456
582,6491
583,6529
584,6618
585,6502
586,6457
587,6437
588,6406
589,6518
590,6494
591,6407
592,6466
593,6462
594,6472
595,6432
596,6399
597,6403
598,6401
599,6474
600,6452
601,6398
602,6503
603,6472
604,6442
605,6442
606,6447
607,6446
608,6433
609,6467
610,6437
611,6447
612,6442
613,6461
614,6464
615,6505
616,6521
617,6545
618,6538
619,6503
620,6462
621,6550
622,6524
623,6469
624,6478
625,6461
626,6517
627,6496
628,6466
629,6492
630,6429
631,6425
632,6499
633,6442
634,6440
635,6568
636,6617
637,6585
638,6583
639,6516
640,6555
641,6507
642,6573
643,6462
644,6534
645,6471
646,6476
647,6477
648,6442
649,6474
650,6520
651,6486
652,6502
653,6512
654,6487
655,6474
656,6526
657,6525
658,6507
659,6433
660,6429
661,6493
662,6458
663,6414
664,6462
665,6441
666,6404
667,6440
668,6539
669,6538
670,6473
671,6508
672,6458
673,6454
674,6422
675,6421
676,6449
677,6474
678,6470
679,6462
680,6436
681,6431
682,6473
683,6453
684,6499
685,6375
686,6462
687,6404
688,6397
689,6486
690,6516
691,6584
692,6518
693,6448
694,6431
695,6389
696,6459
697,6404
698,6412
699,6378
700,6411
701,6371
702,6372
703,6387
704,6409
705,6490
706,6490
707,6404
708,6460
709,6400
710,6420
711,6480
712,6498
713,6485
714,6486
715,6471
716,6508
717,6576
718,6528
719,6550
720,6516
721,6458
722,6455
723,6450
724,6445
725,6450
726,6455
727,6504
728,6509
729,6514
730,6511
731,6597
732,6540
733,6571
734,6574
735,6538
736,6534
737,6469
738,6438
739,6459
740,6484
741,6454
742,6467
743,6455
744,6473
745,6442
746,6482
747,6559
748,6585
749,6547
750,6434
751,6505
752,6449
753,6500
754,6464
755,6491
756,6466
757,6484
758,6622
759,6560
760,6599
761,6630
762,6542
763,6516
764,6500
765,6516
766,6587
767,6551
768,6535
769,6527
770,6542
771,6483
772,6553
773,6566
774,6479
775,6480
776,6488
777,6533
778,6589
779,6486
780,6508
781,6570
782,6578
783,6578
784,6563
785,6576
786,6474
787,6498
788,6492
789,6516
790,6493
791,6493
792,6584
793,6586
794,6542
795,6543
796,6521
797,6516
798,6493
799,6551
800,6536
801,6531
802,6603
803,6545
804,6592
805,6569
806,6554
807,6508
808,6600
809,6658
810,6634
811,6566
812,6503
813,6550
814,6481
815,6627
816,6492
817,6434
818,6438
819,6457
820,6502
821,6504
822,6462
823,6461
824,6461
825,6444
826,6442
827,6483
828,6471
829,6513
830,6519
831,6458
832,6528
833,6580
834,6548
835,6452
836,6459
837,6451
838,6497
839,6462
840,6473
841,6510
842,6482
843,6488
844,6425
845,6508
846,6502
847,6500
848,6499
849,6451
850,6463
851,6486
852,6479
853,6525
854,6517
855,6495
856,6499
857,6458
858,6509
859,6466
860,6488
861,6470
862,6430
863,6486
864,6466
865,6530
866,6492
867,6447
868,6474
869,6460
870,6523
871,6492
872,6504
873,6526
874,6468
875,6442
876,6460
877,6566
878,6587
879,6601
880,6510
881,6585
882,6512
883,6476
884,6461
885,6515
886,6453
887,6540
888,6489
889,6445
890,6506
891,6484
892,6559
893,6453
894,6510
895,6489
896,6406
897,6436
898,6437
899,6442
900,6507
901,6554
902,6523
903,6463
904,6442
905,6452
906,6466
907,6474
908,6455
909,6454
910,6473
911,6487
912,6442
913,6464
914,6424
915,6470
916,6411
917,6439
918,6382
919,6332
920,6380
921,6388
922,6363
923,6435
924,6398
925,6481
926,6437
927,6362
928,6368
929,6433
930,6368
931,6368
932,6438
933,6440
934,6508
935,6425
936,6385
937,6368
938,6465
939,6415
940,6429
941,6381
942,6335
943,6410
944,6413
945,6396
946,6364
947,6397
948,6383
949,6396
950,6420
951,6413
952,6390
953,6425
954,6393
955,6353
956,6345
957,6388
958,6401
959,6411
960,6444
961,6514
962,6398
963,6378
964,6466
965,6450
966,6431
967,6379
968,6441
969,6439
970,6395
971,6422
972,6371
973,6415
974,6380
975,6381
976,6326
977,6404
978,6439
979,6434
980,6391
981,6426
982,6433
983,6393
984,6364
985,6426
986,6437
987,6334
988,6337
989,6338
990,6373
991,6376
992,6457
993,6414
994,6393
995,6336
996,6354
997,6409
998,6406
999,6368
1000,6352
1001,6438
1002,6385
1003,6392
1004,6376
1005,6370
1006,6388
1007,6455
1008,6408
1009,6409
1010,6367
1011,6368
1012,6341
1013,6368
1014,6423
1015,6443
1016,6440
1017,6440
1018,6368
1019,6388
1020,6394
1021,6406
1022,6368
1023,6402
1024,6462
1025,6460
1026,6487
1027,6430
1028,6408
1029,6423
1030,6423
1031,6442
1032,6428
1033,6456
1034,6456
1035,6383
1036,6418
1037,6430
1038,6414
1039,6447
1040,6450
1041,6480
1042,6455
1043,6368
1044,6375
1045,6371
1046,6442
1047,6337
1048,6366
1049,6414
1050,6470
1051,6428
1052,6471
1053,6486
1054,6460
1055,6390
1056,6433
1057,6448
1058,6465
1059,6454
1060,6451
1061,6408
1062,6422
1063,6460
1064,6508
1065,6490
1066,6506
1067,6495
1068,6529
1069,6517
1070,6442
1071,6436
1072,6445
1073,6410
1074,6456
1075,6374
1076,6397
1077,6454
1078,6508
1079,6585
1080,6515
1081,6457
1082,6508
1083,6477
1084,6468
1085,6497
1086,6473
1087,6476
1088,6470
1089,6391
1090,6461
1091,6463
1092,6506
1093,6563
1094,6462
1095,6439
1096,6506
1097,6611
1098,6504
1099,6502
1100,6497
1101,6526
1102,6465
1103,6478
1104,6516
1105,6435
1106,6497
1107,6461
1108,6489
1109,6481
1110,6513
1111,6544
1112,6561
1113,6514
1114,6530
1115,6539
1116,6458
1117,6517
1118,6482
1119,6475
1120,6516
1121,6510
1122,6516
1123,6484
1124,6449
1125,6475
1126,6490
1127,6499
1128,6508
1129,6514
1130,6465
1131,6489
1132,6442
1133,6395
1134,6427
1135,6464
1136,6442
1137,6481
1138,6402
1139,6463
1140,6477
1141,6450
1142,6461
1143,6437
1144,6488
1145,6487
1146,6444
1147,6540
1148,6492
1149,6501
1150,6422
1151,6434
1152,6496
1153,6517
1154,6602
1155,6547
1156,6461
1157,6521
1158,6609
1159,6496
1160,6546
1161,6501
1162,6431
1163,6466
1164,6438
1165,6514
1166,6460
1167,6386
1168,6416
1169,6428
1170,6406
1171,6483
1172,6500
1173,6448
1174,6440
1175,6442
1176,6415
1177,6418
1178,6419
1179,6421
1180,6502
1181,6449
1182,6443
1183,6464
1184,6466
1185,6438
1186,6483
1187,6442
1188,6440
1189,6453
1190,6534
1191,6536
1192,6516
1193,6496
1194,6399
1195,6357
1196,6390
1197,6457
1198,6368
1199,6380
1200,6509
1201,6431
1202,6479
1203,6352
1204,6439
1205,6483
1206,6413
1207,6368
1208,6368
1209,6454
1210,6476
1211,6384
1212,6491
1213,6481
1214,6467
1215,6440
1216,6372
1217,6389
1218,6419
1219,6480
1220,6464
1221,6395
1222,6395
1223,6463
1224,6482
1225,6497
1226,6493
1227,6457
1228,6407
1229,6445
1230,6420
1231,6439
1232,6504
1233,6410
1234,6530
1235,6489
1236,6518
1237,6531
1238,6495
1239,6505
1240,6427
1241,6385
1242,6502
1243,6442
1244,6426
1245,6388
1246,6377
1247,6395
1248,6410
1249,6439
1250,6441
1251,6401
1252,6368
1253,6372
1254,6340
1255,6400
1256,6450
1257,6413
1258,6455
1259,6484
1260,6465
1261,6425
1262,6433
1263,6424
1264,6391
1265,6385
1266,6402
1267,6369
1268,6415
1269,6387
1270,6368
1271,6368
1272,6368
1273,6356
1274,6420
1275,6394
1276,6399
1277,6442
1278,6406
1279,6477
1280,6468
1281,6444
1282,6384
1283,6387
1284,6393
1285,6376
1286,6400
1287,6380
1288,6386
1289,6420
1290,6373
1291,6390
1292,6411
1293,6377
1294,6369
1295,6400
1296,6444
1297,6449
1298,6386
1299,6388
1300,6392
1301,6391
1302,6398
1303,6396
1304,6383
1305,6401
1306,6378
1307,6423
1308,6461
1309,6442
1310,6475
1311,6379
1312,6417
1313,6456
1314,6442
1315,6428
1316,6445
1317,6464
1318,6450
1319,6510
1320,6468
1321,6427
1322,6404
1323,6411
1324,6426
1325,6506
1326,6451
1327,6435
1328,6431
1329,6417
1330,6423
1331,6443
1332,6436
1333,6442
1334,6443
1335,6403
1336,6405
1337,6411
1338,6402
1339,6475
1340,6536
1341,6494
1342,6419
1343,6443
1344,6421
1345,6408
1346,6403
1347,6378
1348,6447
1349,6475
1350,6369
1351,6356
1352,6383
1353,6391
1354,6331
1355,6385
1356,6400
1357,6417
1358,6415
1359,6375
1360,6390
1361,6413
1362,6369
1363,6410
1364,6415
1365,6385
1366,6413
1367,6323
1368,6440
1369,6459
1370,6488
1371,6434
1372,6512
1373,6458
1374,6493
1375,6516
1376,6487
1377,6505
1378,6555
1379,6558
1380,6516
1381,6495
1382,6453
1383,6412
1384,6412
1385,6589
1386,6573
1387,6514
1388,6442
1389,6444
1390,6467
1391,6390
1392,6426
1393,6391
1394,6478
1395,6478
1396,6394
1397,6421
1398,6447
1399,6450
1400,6472
1401,6496
1402,6510
1403,6547
1404,6620
1405,6502
1406,6509
1407,6528
1408,6661
1409,6492
1410,6493
1411,6419
1412,6464
1413,6503
1414,6504
1415,6459
1416,6442
1417,6434
1418,6478
1419,6524
1420,6443
1421,6437
1422,6532
1423,6478
1424,6435
1425,6440
1426,6471
1427,6441
1428,6507
1429,6446
1430,6467
1431,6530
1432,6524
1433,6481
1434,6507
1435,6562
1436,6516
1437,6514
1438,6469
1439,6451
1440,6495
1441,6482
1442,6461
1443,6457
1444,6496
1445,6442
1446,6442
1447,6422
1448,6473
1449,6535
1450,6497
1451,6550
1452,6501
1453,6548
1454,6450
1455,6430
1456,6539
1457,6480
1458,6483
1459,6521
1460,6499
1461,6538
1462,6446
1463,6439
1464,6510
1465,6446
1466,6410
1467,6420
1468,6442
1469,6456
1470,6446
1471,6453
1472,6477
1473,6542
1474,6549
1475,6607
1476,6531
1477,6570
1478,6526
1479,6556
1480,6543
1481,6556
1482,6565
1483,6474
1484,6456
1485,6465
1486,6542
1487,6578
1488,6492
1489,6456
1490,6455
1491,6494
1492,6516
1493,6482
1494,6481
1495,6422
1496,6502
1497,6486
1498,6433
1499,6428
1500,6409
1501,6493
1502,6469
1503,6479
1504,6490
1505,6447
1506,6437
1507,6464
1508,6471
1509,6561
1510,6534
1511,6525
1512,6495
1513,6455
1514,6452
1515,6516
1516,6516
1517,6588
1518,6489
1519,6457
1520,6537
1521,6525
1522,6494
1523,6505
1524,6461
1525,6511
1526,6465
1527,6479
1528,6460
1529,6511
1530,6516
1531,6463
1532,6424
1533,6456
1534,6442
1535,6488
1536,6534
1537,6449
1538,6424
1539,6428
1540,6421
1541,6437
1542,6456
1543,6412
1544,6454
1545,6402
1546,6442
1547,6498
1548,6499
1549,6435
1550,6449
1551,6437
1552,6487
1553,6455
1554,6413
1555,6403
1556,6408
1557,6336
1558,6421
1559,6409
1560,6476
1561,6563
1562,6519
1563,6408
1564,6404
1565,6388
1566,6502
1567,6478
1568,6512
1569,6515
1570,6504
1571,6505
1572,6516
1573,6507
1574,6518
1575,6449
1576,6568
1577,6521
1578,6467
1579,6445
1580,6491
1581,6470
1582,6557
1583,6509
1584,6504
1585,6458
1586,6476
1587,6508
1588,6458
1589,6467
1590,6500
1591,6436
1592,6454
1593,6544
1594,6473
1595,6405
1596,6415
1597,6453
1598,6502
1599,6461
1600,6452
1601,6506
1602,6488
1603,6493
1604,6442
1605,6560
1606,6495
1607,6468
1608,6449
1609,6468
1610,6586
1611,6424
1612,6457
1613,6576
1614,6624
1615,6483
1616,6500
1617,6468
1618,6453
1619,6485
1620,6424
1621,6498
1622,6527
1623,6540
1624,6443
1625,6460
1626,6537
1627,6635
1628,6434
1629,6438
1630,6430
1631,6442
1632,6425
1633,6457
1634,6428
1635,6412
1636,6442
1637,6505
1638,6470
1639,6469
1640,6493
1641,6442
1642,6411
1643,6442
1644,6405
1645,6502
1646,6467
1647,6493
1648,6423
1649,6471
1650,6467
1651,6469
1652,6446
1653,6520
1654,6499
1655,6502
1656,6442
1657,6444
1658,6494
1659,6506
1660,6528
1661,6573
1662,6640
1663,6534
1664,6516
1665,6489
1666,6494
1667,6480
1668,6473
1669,6576
1670,6563
1671,6556
1672,6589
1673,6512
1674,6472
1675,6450
1676,6449
1677,6509
1678,6457
1679,6445
1680,6544
1681,6534
1682,6498
1683,6506
1684,6494
1685,6520
1686,6565
1687,6555
1688,6503
1689,6555
1690,6533
1691,6501
1692,6543
1693,6548
1694,6512
1695,6529
1696,6565
1697,6631
1698,6505
1699,6580
1700,6531
1701,6447
1702,6479
1703,6516
1704,6518
1705,6490
1706,6421
1707,6493
1708,6466
1709,6468
1710,6435
1711,6480
1712,6498
1713,6534
1714,6491
1715,6498
1716,6453
1717,6446
1718,6443
1719,6464
1720,6540
1721,6501
1722,6509
1723,6464
1724,6417
1725,6442
1726,6516
1727,6434
1728,6494
1729,6554
1730,6492
1731,6513
1732,6505
1733,6494
1734,6417
1735,6495
1736,6491
1737,6484
1738,6510
1739,6568
1740,6550
1741,6550
1742,6462
1743,6561
1744,6595
1745,6549
1746,6450
1747,6424
1748,6490
1749,6518
1750,6610
1751,6524
1752,6424
1753,6438
1754,6428
1755,6374
1756,6376
1757,6422
1758,6492
1759,6438
1760,6451
1761,6487
1762,6483
1763,6516
1764,6412
1765,6486
1766,6530
1767,6528
1768,6562
1769,6547
1770,6476
1771,6499
1772,6554
1773,6528
1774,6468
1775,6516
1776,6481
1777,6475
1778,6503
1779,6508
1780,6515
1781,6484
1782,6535
1783,6491
1784,6528
1785,6429
1786,6483
1787,6564
1788,6484
1789,6433
1790,6400
1791,6425
1792,6467
1793,6387
1794,6442
1795,6516
1796,6526
1797,6442
1798,6442
1799,6460
1800,6445
1801,6519
1802,6497
1803,6478
1804,6519
1805,6482
1806,6575
1807,6434
1808,6550
1809,6443
1810,6500
1811,6588
1812,6609
1813,6538
1814,6567
1815,6484
1816,6520
1817,6541
1818,6472
1819,6486
1820,6499
1821,6518
1822,6521
1823,6442
1824,6439
1825,6437
1826,6387
1827,6375
1828,6386
1829,6491
1830,6476
1831,6427
1832,6510
1833,6441
1834,6474
1835,6463
1836,6450
1837,6513
1838,6432
1839,6433
1840,6437
1841,6386
1842,6408
1843,6419
1844,6438
1845,6445
1846,6431
1847,6461
1848,6453
1849,6515
1850,6381
1851,6447
1852,6473
1853,6442
1854,6475
1855,6525
1856,6462
1857,6384
1858,6377
1859,6490
1860,6445
1861,6404
1862,6434
1863,6412
1864,6435
1865,6427
1866,6446
1867,6475
1868,6437
1869,6453
1870,6456
1871,6475
1872,6420
1873,6437
1874,6399
1875,6433
1876,6481
1877,6508
1878,6554
1879,6544
1880,6572
1881,6583
1882,6548
1883,6486
1884,6384
1885,6396
1886,6440
1887,6484
1888,6493
1889,6510
1890,6543
1891,6511
1892,6516
1893,6474
1894,6442
1895,6446
1896,6431
1897,6514
1898,6517
1899,6548
1900,6535
1901,6527
1902,6597
1903,6493
1904,6460
1905,6501
1906,6551
1907,6522
1908,6495
1909,6444
1910,6458
1911,6451
1912,6461
1913,6407
1914,6461
1915,6472
1916,6421
1917,6414
1918,6443
1919,6369
1920,6392
1921,6392
1922,6434
1923,6396
1924,6432
1925,6427
1926,6462
1927,6473
1928,6454
1929,6425
1930,6496
1931,6451
1932,6446
1933,6480
1934,6484
1935,6418
1936,6445
1937,6442
1938,6453
1939,6510
1940,6380
1941,6456
1942,6500
1943,6409
1944,6482
1945,6350
1946,6408
1947,6442
1948,6467
1949,6446
1950,6441
1951,6426
1952,6465
1953,6485
1954,6492
1955,6443
1956,6469
1957,6437
1958,6410
1959,6392
1960,6474
1961,6470
1962,6403
1963,6451
1964,6501
1965,6447
1966,6431
1967,6392
1968,6410
1969,6487
1970,6501
1971,6489
1972,6460
1973,6473
1974,6443
1975,6416
1976,6431
1977,6436
1978,6505
1979,6488
1980,6468
1981,6433
1982,6479
1983,6435
1984,6449
1985,6386
1986,6451
1987,6516
1988,6462
1989,6452
1990,6475
1991,6439
1992,6421
1993,6400
1994,6430
1995,6463
1996,6423
1997,6471
1998,6488
1999,6511
2000,6550
2001,6491
2002,6475
2003,6430
2004,6470
2005,6410
2006,6439
2007,6442
2008,6443
2009,6449
2010,6443
2011,6451
2012,6420
2013,6434
2014,6474
2015,6456
2016,6499
2017,6567
2018,6524
2019,6519
2020,6450
2021,6426
2022,6397
2023,6434
2024,6457
2025,6494
2026,6512
2027,6463
2028,6478
2029,6453
2030,6464
2031,6403
2032,6372
2033,6386
2034,6442
2035,6495
2036,6458
2037,6458
2038,6474
2039,6509
2040,6533
2041,6441
2042,6478
2043,6514
2044,6509
2045,6499
2046,6430
2047,6474
2048,6506
2049,6516
2050,6437
2051,6524
2052,6519
2053,6584
2054,6572
2055,6505
2056,6510
2057,6452
2058,6404
2059,6497
2060,6460
2061,6501
2062,6500
2063,6711
2064,6566
2065,6487
2066,6528
2067,6562
2068,6514
2069,6462
2070,6508
2071,6618
2072,6594
2073,6541
2074,6460
2075,6450
2076,6566
2077,6493
2078,6487
2079,6448
2080,6499
2081,6557
2082,6444
2083,6440
2084,6483
2085,6380
2086,6435
2087,6425
2088,6411
2089,6541
2090,6502
2091,6517
2092,6574
2093,6522
2094,6516
2095,6519
2096,6537
2097,6629
2098,6526
2099,6518
2100,6527
2101,6501
2102,6513
2103,6455
2104,6443
2105,6459
2106,6486
2107,6447
2108,6427
2109,6480
2110,6506
2111,6438
2112,6420
2113,6442
2114,6478
2115,6516
2116,6452
2117,6444
2118,6414
2119,6432
2120,6434
2121,6408
2122,6479
2123,6554
2124,6514
2125,6477
2126,6483
2127,6470
2128,6513
2129,6519
2130,6513
2131,6489
2132,6480
2133,6498
2134,6550
2135,6588
2136,6510
2137,6545
2138,6534
2139,6531
2140,6516
2141,6468
2142,6507
2143,6524
2144,6537
2145,6495
2146,6407
2147,6473
2148,6486
2149,6429
2150,6442
2151,6413
2152,6391
2153,6450
2154,6532
2155,6475
2156,6443
2157,6446
2158,6457
2159,6448
2160,6429
2161,6490
2162,6524
2163,6525
2164,6495
2165,6460
2166,6431
2167,6465
2168,6510
2169,6478
2170,6392
2171,6394
2172,6442
2173,6474
2174,6503
2175,6487
2176,6397
2177,6438
2178,6444
2179,6453
2180,6382
2181,6442
2182,6374
2183,6407
2184,6406
2185,6460
2186,6454
2187,6440
2188,6518
2189,6468
2190,6468
2191,6463
2192,6446
2193,6371
2194,6418
2195,6519
2196,6494
2197,6490
2198,6576
2199,6516
2200,6553
2201,6465
2202,6498
2203,6532
2204,6442
2205,6439
2206,6416
2207,6427
2208,6573
2209,6618
2210,6458
2211,6393
2212,6389
2213,6433
2214,6426
2215,6464
2216,6466
2217,6422
2218,6446
2219,6389
2220,6422
2221,6369
2222,6419
2223,6439
2224,6387
2225,6436
2226,6467
2227,6379
2228,6412
2229,6540
2230,6482
2231,6517
2232,6477
2233,6430
2234,6517
2235,6500
2236,6421
2237,6413
2238,6398
2239,6494
2240,6491
2241,6513
2242,6516
2243,6452
2244,6428
2245,6423
2246,6462
2247,6456
2248,6465
2249,6410
2250,6443
2251,6440
2252,6401
2253,6386
2254,6434
2255,6441
2256,6416
2257,6441
2258,6443
2259,6495
2260,6389
2261,6413
2262,6347
2263,6382
2264,6384
2265,6392
2266,6417
2267,6462
2268,6446
2269,6496
2270,6414
2271,6437
2272,6395
2273,6370
2274,6388
2275,6344
2276,6391
2277,6379
2278,6396
2279,6358
2280,6392
2281,6386
2282,6376
2283,6385
2284,6389
2285,6438
2286,6430
2287,6437
2288,6473
2289,6449
2290,6442
2291,6353
2292,6326
2293,6376
2294,6382
2295,6392
2296,6347
2297,6406
2298,6443
2299,6436
2300,6430
2301,6388
2302,6393
2303,6406
2304,6383
2305,6403
2306,6476
2307,6462
2308,6411
2309,6431
2310,6433
2311,6389
2312,6442
2313,6447
2314,6464
2315,6475
2316,6452
2317,6394
2318,6454
2319,6406
2320,6441
2321,6455
2322,6455
2323,6495
2324,6473
2325,6565
2326,6451
2327,6405
2328,6490
2329,6538
2330,6459
2331,6471
2332,6474
2333,6562
2334,6541
2335,6416
2336,6447
2337,6431
2338,6474
2339,6406
2340,6510
2341,6483
2342,6448
2343,6401
2344,6394
2345,6462
2346,6473
2347,6465
2348,6472
2349,6458
2350,6441
2351,6429
2352,6421
2353,6423
2354,6425
2355,6397
2356,6407
2357,6450
2358,6446
2359,6454
2360,6559
2361,6529
2362,6430
2363,6455
2364,6422
2365,6448
2366,6361
2367,6400
2368,6391
2369,6375
2370,6360
2371,6386
2372,6413
2373,6377
2374,6390
2375,6390
2376,6331
2377,6368
2378,6442
2379,6493
2380,6482
2381,6496
2382,6397
2383,6398
2384,6423
2385,6371
2386,6352
2387,6385
2388,6436
2389,6441
2390,6474
2391,6464
2392,6424
2393,6403
2394,6421
2395,6423
2396,6413
2397,6418
2398,6424
2399,6424
2400,6432
2401,6400
2402,6391
2403,6479
2404,6485
2405,6411
2406,6447
2407,6494
2408,6469
2409,6519
2410,6504
2411,6525
2412,6487
2413,6461
2414,6398
2415,6434
2416,6353
2417,6437
2418,6354
2419,6414
2420,6377
2421,6444
2422,6462
2423,6411
2424,6409
2425,6418
2426,6393
2427,6372
2428,6443
2429,6390
2430,6431
2431,6442
2432,6456
2433,6502
2434,6458
2435,6459
2436,6487
2437,6407
2438,6525
2439,6455
2440,6456
2441,6339
2442,6417
2443,6442
2444,6422
2445,6376
2446,6398
2447,6369
2448,6434
2449,6428
2450,6459
2451,6412
2452,6398
2453,6406
2454,6408
2455,6385
2456,6455
2457,6447
2458,6439
2459,6383
2460,6400
2461,6384
2462,6438
2463,6457
2464,6411
2465,6488
2466,6447
2467,6394
2468,6436
2469,6408
2470,6357
2471,6392
2472,6376
2473,6413
2474,6382
2475,6373
2476,6361
2477,6370
2478,6449
2479,6487
2480,6400
2481,6389
2482,6365
2483,6403
2484,6383
2485,6379
2486,6443
2487,6389
2488,6393
2489,6324
2490,6362
2491,6345
2492,6417
2493,6392
2494,6422
2495,6377
2496,6377
2497,6377
2498,6426
2499,6475
2500,6449
2501,6449
2502,6455
2503,6396
2504,6461
2505,6442
2506,6419
2507,6413
2508,6408
2509,6443
2510,6442
2511,6492
2512,6501
2513,6444
2514,6470
2515,6488
2516,6462
2517,6487
2518,6516
2519,6490
2520,6497
2521,6487
2522,6422
2523,6421
2524,6426
2525,6408
2526,6412
2527,6463
2528,6419
2529,6375
2530,6394
2531,6385
2532,6378
2533,6374
2534,6324
2535,6312
2536,6368
2537,6354
2538,6389
2539,6393
2540,6366
2541,6382
2542,6409
2543,6398
2544,6419
2545,6411
2546,6470
2547,6368
2548,6368
2549,6389
2550,6430
2551,6351
2552,6342
2553,6424
2554,6342
2555,6341
2556,6375
2557,6372
2558,6365
2559,6347
2560,6425
2561,6435
2562,6396
2563,6458
2564,6423
2565,6381
2566,6387
2567,6464
2568,6473
2569,6397
2570,6418
2571,6401
2572,6433
2573,6415
2574,6466
2575,6418
2576,6368
2577,6494
2578,6401
2579,6385
2580,6464
2581,6443
2582,6425
2583,6416
2584,6376
2585,6412
2586,6369
2587,6373
2588,6431
2589,6435
2590,6374
2591,6439
2592,6414
2593,6409
2594,6410
2595,6399
2596,6506
2597,6442
2598,6442
2599,6480
2600,6407
2601,6371
2602,6423
2603,6463
2604,6465
2605,6465
2606,6533
2607,6477
2608,6498
2609,6465
2610,6480
2611,6467
2612,6575
2613,6501
2614,6496
2615,6445
2616,6432
2617,6514
2618,6463
2619,6513
2620,6522
2621,6505
2622,6494
2623,6512
2624,6471
2625,6454
2626,6475
2627,6446
2628,6475
2629,6566
2630,6478
2631,6494
2632,6605
2633,6590
2634,6501
2635,6558
2636,6561
2637,6564
2638,6550
2639,6489
2640,6445
2641,6456
2642,6470
2643,6458
2644,6470
2645,6433
2646,6472
2647,6437
2648,6433
2649,6393
2650,6530
2651,6490
2652,6471
2653,6454
2654,6538
2655,6484
2656,6511
2657,6468
2658,6519
2659,6505
2660,6479
2661,6512
2662,6544
2663,6463
2664,6480
2665,6445
2666,6428
2667,6518
2668,6554
2669,6442
2670,6443
2671,6471
2672,6449
2673,6485
2674,6449
2675,6476
2676,6523
2677,6496
2678,6496
2679,6443
2680,6459
2681,6483
2682,6453
2683,6449
2684,6448
2685,6449
2686,6498
2687,6498
2688,6465
2689,6500
2690,6507
2691,6441
2692,6488
2693,6510
2694,6478
2695,6507
2696,6449
2697,6474
2698,6528
2699,6489
2700,6560
2701,6496
2702,6468
2703,6559
2704,6592
2705,6564
2706,6525
2707,6482
2708,6495
2709,6503
2710,6477
2711,6545
2712,6539
2713,6435
2714,6432
2715,6423
2716,6449
2717,6515
2718,6490
2719,6524
2720,6572
2721,6518
2722,6462
2723,6459
2724,6527
2725,6445
2726,6477
2727,6563
2728,6481
2729,6443
2730,6441
2731,6490
2732,6475
2733,6614
2734,6625
2735,6516
2736,6561
2737,6517
2738,6497
2739,6484
2740,6550
2741,6546
2742,6521
2743,6475
2744,6514
2745,6573
2746,6509
2747,6501
2748,6493
2749,6480
2750,6546
2751,6461
2752,6488
2753,6469
2754,6496
2755,6545
2756,6551
2757,6442
2758,6387
2759,6424
2760,6420
2761,6421
2762,6415
2763,6417
2764,6395
2765,6372
2766,6450
2767,6442
2768,6442
2769,6421
2770,6456
2771,6453
2772,6516
2773,6483
2774,6457
2775,6519
2776,6479
2777,6388
2778,6395
2779,6468
2780,6482
2781,6469
2782,6453
2783,6440
2784,6442
2785,6399
2786,6387
2787,6429
2788,6447
2789,6443
2790,6438
2791,6378
2792,6397
2793,6392
2794,6368
2795,6368
2796,6419
2797,6393
2798,6408
2799,6354
2800,6387
2801,6371
2802,6421
2803,6421
2804,6421
2805,6403
2806,6381
2807,6429
2808,6397
2809,6326
2810,6320
2811,6382
2812,6427
2813,6395
2814,6447
2815,6455
2816,6428
2817,6382
2818,6408
2819,6445
2820,6445
2821,6462
2822,6469
2823,6409
2824,6452
2825,6482
2826,6453
2827,6492
2828,6412
2829,6416
2830,6456
2831,6446
2832,6427
2833,6468
2834,6465
2835,6439
2836,6448
2837,6406
2838,6377
2839,6389
2840,6466
2841,6463
2842,6486
2843,6446
2844,6383
2845,6483
2846,6450
2847,6449
2848,6379
2849,6371
2850,6464
2851,6504
2852,6548
2853,6580
2854,6477
2855,6463
2856,6454
2857,6541
2858,6564
2859,6542
2860,6606
2861,6546
2862,6516
2863,6498
2864,6564
2865,6483
2866,6489
2867,6541
2868,6487
2869,6488
2870,6491
2871,6489
2872,6495
2873,6458
2874,6582
2875,6521
2876,6457
2877,6537
2878,6539
2879,6502
2880,6545
2881,6536
2882,6543
2883,6464
2884,6484
2885,6487
2886,6534
2887,6483
2888,6401
2889,6386
2890,6435
2891,6400
2892,6386
2893,6420
2894,6419
2895,6368
2896,6477
2897,6452
2898,6508
2899,6487
2900,6471
2901,6516
2902,6498
2903,6411
2904,6483
2905,6426
2906,6422
2907,6368
2908,6463
2909,6545
2910,6472
2911,6492
2912,6414
2913,6408
2914,6473
2915,6549
2916,6447
2917,6419
2918,6500
2919,6457
2920,6435
2921,6472
2922,6467
2923,6486
2924,6442
2925,6463
2926,6546
2927,6491
2928,6441
2929,6433
2930,6468
2931,6475
2932,6469
2933,6496
2934,6507
2935,6439
2936,6442
2937,6454
2938,6491
2939,6539
2940,6479
2941,6502
2942,6479
2943,6488
2944,6473
2945,6473
2946,6458
2947,6500
2948,6524
2949,6472
2950,6475
2951,6362
2952,6411
2953,6511
2954,6476
2955,6493
2956,6520
2957,6535
2958,6426
2959,6425
2960,6447
2961,6437
2962,6472
2963,6505
2964,6518
2965,6512
2966,6504
2967,6568
2968,6517
2969,6497
2970,6517
2971,6442
2972,6500
2973,6525
2974,6449
2975,6403
2976,6519
2977,6521
2978,6514
2979,6478
2980,6438
2981,6511
2982,6576
2983,6596
2984,6481
2985,6528
2986,6451
2987,6450
2988,6451
2989,6412
2990,6439
2991,6426
2992,6473
2993,6516
2994,6465
2995,6527
2996,6616
2997,6497
2998,6467
2999,6403
3000,6473
3001,6536
3002,6506
3003,6448
3004,6474
3005,6516
3006,6471
3007,6440
3008,6416
3009,6402
3010,6429
3011,6396
3012,6514
3013,6433
3014,6392
3015,6452
3016,6464
3017,6479
3018,6443
3019,6464
3020,6469
3021,6488
3022,6446
3023,6419
3024,6453
3025,6436
3026,6403
3027,6389
3028,6436
3029,6471
3030,6460
3031,6530
3032,6537
3033,6417
3034,6466
3035,6475
3036,6458
3037,6442
3038,6443
3039,6524
3040,6539
3041,6556
3042,6560
3043,6462
3044,6499
3045,6442
3046,6482
3047,6496
3048,6512
3049,6447
3050,6475
3051,6503
3052,6451
3053,6517
3054,6483
3055,6481
3056,6444
3057,6460
3058,6397
3059,6348
3060,6372
3061,6363
3062,6513
3063,6470
3064,6482
3065,6525
3066,6517
3067,6467
3068,6412
3069,6428
3070,6434
3071,6423
3072,6444
3073,6439
3074,6467
3075,6576
3076,6529
3077,6499
3078,6458
3079,6513
3080,6501
3081,6457
3082,6474
3083,6461
3084,6461
3085,6443
3086,6429
3087,6436
3088,6455
3089,6454
3090,6476
3091,6407
3092,6471
3093,6530
3094,6510
3095,6528
3096,6464
3097,6445
3098,6443
3099,6466
3100,6505
3101,6483
3102,6510
3103,6524
3104,6516
3105,6485
3106,6545
3107,6472
3108,6437
3109,6457
3110,6499
3111,6526
3112,6506
3113,6484
3114,6492
3115,6516
3116,6550
3117,6542
3118,6479
3119,6498
3120,6507
3121,6381
3122,6401
3123,6497
3124,6515
3125,6430
3126,6416
3127,6505
3128,6525
3129,6491
3130,6518
3131,6460
3132,6476
3133,6426
3134,6443
3135,6528
3136,6448
3137,6460
3138,6471
3139,6461
3140,6546
3141,6565
3142,6423
3143,6417
3144,6489
3145,6483
3146,6514
3147,6480
3148,6511
3149,6442
3150,6470
3151,6421
3152,6493
3153,6487
3154,6462
3155,6511
3156,6463
3157,6423
3158,6531
3159,6491
3160,6477
3161,6449
3162,6445
3163,6550
3164,6518
3165,6561
3166,6399
3167,6389
3168,6381
3169,6422
3170,6421
3171,6479
3172,6513
3173,6512
3174,6510
3175,6537
3176,6446
3177,6454
3178,6543
3179,6478
3180,6446
3181,6432
3182,6502
3183,6468
3184,6480
3185,6424
3186,6426
3187,6442
3188,6450
3189,6487
3190,6442
3191,6467
3192,6395
3193,6439
3194,6406
3195,6435
3196,6486
3197,6494
3198,6458
3199,6477
3200,6389
3201,6483
3202,6479
3203,6389
3204,6382
3205,6494
3206,6452
3207,6524
3208,6544
3209,6450
3210,6457
3211,6437
3212,6454
3213,6443
3214,6437
3215,6447
3216,6453
3217,6492
3218,6516
3219,6487
3220,6457
3221,6438
3222,6429
3223,6481
3224,6479
3225,6472
3226,6476
3227,6475
3228,6469
3229,6550
3230,6519
3231,6431
3232,6463
3233,6440
3234,6476
3235,6427
3236,6470
3237,6458
3238,6456
3239,6470
3240,6542
3241,6397
3242,6465
3243,6480
3244,6431
3245,6447
3246,6383
3247,6412
3248,6515
3249,6551
3250,6492
3251,6424
3252,6429
3253,6462
3254,6440
3255,6409
3256,6442
3257,6455
3258,6420
3259,6424
3260,6453
3261,6487
3262,6464
3263,6432
3264,6394
3265,6431
3266,6432
3267,6448
3268,6451
3269,6422
3270,6457
3271,6517
3272,6438
3273,6431
3274,6489
3275,6495
3276,6418
3277,6386
3278,6434
3279,6371
3280,6388
3281,6432
3282,6481
3283,6402
3284,6412
3285,6394
3286,6436
3287,6384
3288,6414
3289,6368
3290,6442
3291,6566
3292,6582
3293,6461
3294,6473
3295,6435
3296,6516
3297,6490
3298,6463
3299,6433
3300,6435
3301,6484
3302,6361
3303,6371
3304,6390
3305,6408
3306,6371
3307,6340
3308,6422
3309,6398
3310,6392
3311,6413
3312,6408
3313,6471
3314,6512
3315,6461
3316,6436
3317,6475
3318,6430
3319,6489
3320,6404
3321,6517
3322,6454
3323,6458
3324,6383
3325,6371
3326,6395
3327,6365
3328,6318
3329,6363
3330,6395
3331,6419
3332,6410
3333,6481
3334,6442
3335,6439
3336,6410
3337,6441
3338,6389
3339,6395
3340,6329
3341,6398
3342,6391
3343,6374
3344,6442
3345,6433
3346,6466
3347,6473
3348,6433
3349,6490
3350,6442
3351,6440
3352,6450
3353,6405
3354,6385
3355,6421
3356,6442
3357,6448
3358,6457
3359,6451
3360,6459
3361,6433
3362,6476
3363,6516
3364,6445
3365,6423
3366,6412
3367,6442
3368,6442
3369,6458
3370,6454
3371,6382
3372,6382
3373,6368
3374,6386
3375,6379
3376,6388
3377,6399
3378,6369
3379,6392
3380,6398
3381,6414
3382,6402
3383,6361
3384,6392
3385,6363
3386,6408
3387,6420
3388,6417
3389,6370
3390,6368
3391,6384
3392,6392
3393,6383
3394,6368
3395,6368
3396,6368
3397,6372
3398,6443
3399,6510
3400,6488
3401,6469
3402,6392
3403,6466
3404,6407
3405,6442
3406,6475
3407,6474
3408,6476
3409,6484
3410,6501
3411,6456
3412,6477
3413,6404
3414,6485
3415,6410
3416,6376
3417,6370
3418,6354
3419,6412
3420,6425
3421,6435
3422,6403
3423,6428
3424,6421
3425,6420
3426,6403
3427,6456
3428,6466
3429,6442
3430,6452
3431,6431
3432,6430
3433,6404
3434,6437
3435,6439
3436,6437
3437,6386
3438,6422
3439,6464
3440,6417
3441,6438
3442,6455
3443,6532
3444,6483
3445,6442
3446,6446
3447,6431
3448,6475
3449,6513
3450,6517
3451,6500
3452,6464
3453,6446
3454,6453
3455,6509
3456,6495
3457,6378
3458,6380
3459,6463
3460,6417
3461,6394
3462,6391
3463,6413
3464,6425
3465,6392
3466,6433
3467,6478
3468,6535
3469,6584
3470,6539
3471,6495
3472,6458
3473,6447
3474,6442
3475,6532
3476,6522
3477,6518
3478,6567
3479,6527
3480,6509
3481,6454
3482,6428
3483,6446
3484,6486
3485,6512
3486,6479
3487,6442
3488,6455
3489,6443
3490,6409
3491,6442
3492,6487
3493,6484
3494,6401
3495,6442
3496,6372
3497,6385
3498,6412
3499,6402
3500,6545
3501,6443
3502,6384
3503,6405
3504,6442
3505,6441
3506,6427
3507,6438
3508,6378
3509,6472
3510,6369
3511,6393
3512,6440
3513,6361
3514,6410
3515,6453
3516,6416
3517,6397
3518,6410
3519,6470
3520,6494
3521,6402
3522,6424
3523,6440
3524,6497
3525,6491
3526,6492
3527,6451
3528,6503
3529,6443
3530,6431
3531,6436
3532,6446
3533,6453
3534,6442
3535,6482
3536,6580
3537,6456
3538,6442
3539,6498
3540,6537
3541,6497
3542,6392
3543,6421
3544,6418
3545,6421
3546,6418
3547,6442
3548,6453
3549,6437
3550,6461
3551,6491
3552,6393
3553,6421
3554,6462
3555,6426
3556,6467
3557,6393
3558,6451
3559,6468
3560,6498
3561,6381
3562,6439
3563,6458
3564,6391
3565,6384
3566,6424
3567,6497
3568,6450
3569,6356
3570,6379
3571,6415
3572,6475
3573,6442
3574,6479
3575,6490
3576,6490
3577,6485
3578,6501
3579,6404
3580,6475
3581,6446
3582,6386
3583,6467
3584,6415
3585,6467
3586,6450
3587,6386
3588,6411
3589,6481
3590,6368
3591,6409
3592,6431
3593,6449
3594,6469
3595,6441
3596,6455
3597,6487
3598,6454
3599,6427
3600,6482
3601,6442
3602,6514
3603,6491
3604,6442
3605,6442
3606,6510
3607,6472
3608,6369
3609,6389
3610,6448
3611,6472
3612,6468
3613,6530
3614,6467
3615,6414
3616,6392
3617,6442
3618,6432
3619,6426
3620,6444
3621,6382
3622,6400
3623,6442
3624,6435
3625,6424
3626,6442
3627,6406
3628,6407
3629,6389
3630,6399
3631,6382
3632,6422
3633,6444
3634,6503
3635,6492
3636,6505
3637,6533
3638,6477
3639,6472
3640,6413
3641,6398
3642,6381
3643,6382
3644,6352
3645,6435
3646,6491
3647,6489
3648,6443
3649,6477
3650,6434
3651,6428
3652,6443
3653,6429
3654,6512
3655,6492
3656,6425
3657,6445
3658,6496
3659,6483
3660,6450
3661,6464
3662,6525
3663,6506
3664,6493
3665,6546
3666,6531
3667,6519
3668,6484
3669,6463
3670,6502
3671,6472
3672,6501
3673,6442
3674,6463
3675,6388
3676,6451
3677,6437
3678,6469
3679,6448
3680,6560
3681,6443
3682,6441
3683,6420
3684,6427
3685,6417
3686,6474
3687,6481
3688,6418
3689,6396
3690,6410
3691,6410
3692,6380
3693,6443
3694,6483
3695,6439
3696,6389
3697,6375
3698,6438
3699,6447
3700,6463
3701,6539
3702,6455
3703,6440
3704,6399
3705,6421
3706,6387
3707,6377
3708,6337
3709,6403
3710,6422
3711,6442
3712,6417
3713,6368
3714,6448
3715,6371
3716,6390
3717,6368
3718,6456
3719,6441
3720,6418
3721,6471
3722,6417
3723,6446
3724,6395
3725,6381
3726,6365
3727,6461
3728,6446
3729,6458
3730,6493
3731,6426
3732,6447
3733,6424
3734,6429
3735,6436
3736,6398
3737,6434
3738,6405
3739,6394
3740,6412
3741,6455
3742,6486
3743,6382
3744,6394
3745,6376
3746,6407
3747,6371
3748,6421
3749,6371
3750,6445
3751,6404
3752,6425
3753,6426
3754,6413
3755,6416
3756,6392
3757,6407
3758,6478
3759,6363
3760,6335
3761,6369
3762,6440
3763,6467
3764,6473
3765,6490
3766,6493
3767,6493
3768,6473
3769,6368
3770,6396
3771,6298
3772,6371
3773,6411
3774,6395
3775,6306
3776,6385
3777,6442
3778,6426
3779,6460
3780,6430
3781,6435
3782,6437
3783,6368
3784,6499
3785,6490
3786,6444
3787,6431
3788,6423
3789,6516
3790,6464
3791,6387
3792,6393
3793,6414
3794,6381
3795,6447
3796,6446
3797,6385
3798,6377
3799,6450
3800,6492
3801,6493
3802,6463
3803,6396
3804,6526
3805,6424
3806,6429
3807,6469
3808,6496
3809,6394
3810,6415
3811,6430
3812,6432
3813,6474
3814,6451
3815,6486
3816,6440
3817,6443
3818,6458
3819,6394
3820,6488
3821,6499
3822,6422
3823,6447
3824,6355
3825,6412
3826,6480
3827,6462
3828,6427
3829,6429
3830,6517
3831,6406
3832,6445
3833,6409
3834,6380
3835,6470
3836,6554
3837,6471
3838,6408
3839,6358
3840,6360
3841,6388
3842,6410
3843,6378
3844,6405
3845,6440
3846,6435
3847,6401
3848,6357
3849,6400
3850,6453
3851,6385
3852,6468
3853,6521
3854,6464
3855,6448
3856,6498
3857,6503
3858,6492
3859,6416
3860,6377
3861,6387
3862,6387
3863,6368
3864,6416
3865,6430
3866,6430
3867,6463
3868,6421
3869,6452
3870,6472
3871,6407
3872,6452
3873,6376
3874,6415
3875,6494
3876,6466
3877,6401
3878,6371
3879,6407
3880,6339
3881,6437
3882,6506
3883,6569
3884,6483
3885,6485
3886,6493
3887,6483
3888,6452
3889,6396
3890,6417
3891,6413
3892,6434
3893,6399
3894,6441
3895,6443
3896,6449
3897,6439
3898,6364
3899,6452
3900,6456
3901,6505
3902,6471
3903,6466
3904,6437
3905,6442
3906,6444
3907,6413
3908,6446
3909,6423
3910,6487
3911,6462
3912,6432
3913,6434
3914,6513
3915,6558
3916,6406
3917,6438
3918,6442
3919,6431
3920,6378
3921,6414
3922,6429
3923,6402
3924,6385
3925,6446
3926,6446
3927,6424
3928,6442
3929,6406
3930,6434
3931,6449
3932,6351
3933,6428
3934,6334
3935,6341
3936,6398
3937,6403
3938,6423
3939,6456
3940,6436
3941,6409
3942,6386
3943,6422
3944,6394
3945,6385
3946,6367
3947,6337
3948,6333
3949,6364
3950,6409
3951,6484
3952,6433
3953,6405
3954,6442
3955,6444
3956,6522
3957,6488
3958,6469
3959,6462
3960,6417
3961,6419
3962,6444
3963,6467
3964,6380
3965,6415
3966,6436
3967,6438
3968,6443
3969,6451
3970,6494
3971,6400
3972,6434
3973,6342
3974,6374
3975,6387
3976,6375
3977,6422
3978,6361
3979,6377
3980,6497
3981,6422
3982,6429
3983,6411
3984,6445
3985,6435
3986,6368
3987,6459
3988,6411
3989,6377
3990,6368
3991,6426
3992,6472
3993,6429
3994,6407
3995,6424
3996,6413
3997,6422
3998,6423
3999,6487
4000,6462
4001,6560
4002,6526
4003,6441
4004,6442
4005,6507
4006,6518
4007,6464
4008,6473
4009,6450
4010,6401
4011,6495
4012,6508
4013,6443
4014,6487
4015,6351
4016,6426
4017,6387
4018,6344
4019,6348
4020,6392
4021,6414
4022,6420
4023,6472
4024,6368
4025,6348
4026,6373
4027,6401
4028,6361
4029,6373
4030,6360
4031,6392
4032,6507
4033,6501
4034,6428
4035,6478
4036,6444
4037,6519
4038,6429
4039,6471
4040,6421
4041,6393
4042,6435
4043,6448
4044,6404
4045,6431
4046,6464
4047,6518
4048,6514
4049,6516
4050,6565
4051,6514
4052,6513
4053,6500
4054,6457
4055,6480
4056,6456
4057,6499
4058,6526
4059,6466
4060,6452
4061,6529
4062,6477
4063,6452
4064,6409
4065,6405
4066,6408
4067,6482
4068,6467
4069,6455
4070,6470
4071,6487
4072,6509
4073,6540
4074,6470
4075,6427
4076,6373
4077,6435
4078,6440
4079,6573
4080,6527
4081,6483
4082,6437
4083,6383
4084,6475
4085,6454
4086,6491
4087,6458
4088,6421
4089,6482
4090,6442
4091,6421
4092,6466
4093,6475
4094,6407
4095,6459
4096,6516
4097,6470
4098,6458
4099,6501
4100,6460
4101,6428
4102,6450
4103,6401
4104,6440
4105,6417
4106,6470
4107,6471
4108,6444
4109,6450
4110,6434
4111,6444
4112,6475
4113,6406
4114,6439
4115,6387
4116,6388
4117,6467
4118,6398
4119,6429
4120,6470
4121,6562
4122,6494
4123,6449
4124,6459
4125,6442
4126,6538
4127,6477
4128,6471
4129,6453
4130,6442
4131,6462
4132,6494
4133,6523
4134,6546
4135,6489
4136,6414
4137,6398
4138,6448
4139,6478
4140,6497
4141,6408
4142,6469
4143,6401
4144,6472
4145,6499
4146,6442
4147,6466
4148,6484
4149,6446
4150,6453
4151,6442
4152,6396
4153,6394
4154,6464
4155,6461
4156,6498
4157,6475
4158,6424
4159,6385
4160,6415
4161,6473
4162,6480
4163,6499
4164,6412
4165,6370
4166,6373
4167,6336
4168,6403
4169,6371
4170,6416
4171,6409
4172,6390
4173,6415
4174,6395
4175,6419
4176,6420
4177,6431
4178,6421
4179,6378
4180,6393
4181,6447
4182,6455
4183,6406
4184,6412
4185,6476
4186,6424
4187,6362
4188,6412
4189,6455
4190,6446
4191,6438
4192,6409
4193,6395
4194,6368
4195,6414
4196,6432
4197,6413
4198,6437
4199,6405
4200,6369
4201,6366
4202,6371
4203,6393
4204,6425
4205,6416
4206,6374
4207,6453
4208,6452
4209,6404
4210,6433
4211,6405
4212,6365
4213,6368
4214,6394
4215,6374
4216,6402
4217,6424
4218,6370
4219,6388
4220,6442
4221,6408
4222,6444
4223,6437
4224,6514
4225,6426
4226,6515
4227,6450
4228,6431
4229,6511
4230,6451
4231,6508
4232,6494
4233,6479
4234,6472
4235,6467
4236,6504
4237,6515
4238,6456
4239,6437
4240,6512
4241,6556
4242,6554
4243,6532
4244,6516
4245,6477
4246,6517
4247,6453
4248,6450
4249,6482
4250,6557
4251,6454
4252,6435
4253,6499
4254,6500
4255,6507
4256,6568
4257,6542
4258,6571
4259,6492
4260,6526
4261,6487
4262,6477
4263,6450
4264,6448
4265,6355
4266,6359
4267,6396
4268,6370
4269,6368
4270,6403
4271,6461
4272,6505
4273,6496
4274,6447
4275,6444
4276,6454
4277,6456
4278,6491
4279,6425
4280,6436
4281,6512
4282,6431
4283,6452
4284,6475
4285,6455
4286,6468
4287,6396
4288,6424
4289,6437
4290,6448
4291,6427
4292,6496
4293,6449
4294,6425
4295,6427
4296,6366
4297,6381
4298,6476
4299,6488
4300,6481
4301,6551
4302,6522
4303,6519
4304,6495
4305,6474
4306,6498
4307,6534
4308,6517
4309,6541
4310,6548
4311,6622
4312,6516
4313,6482
4314,6425
4315,6436
4316,6487
4317,6392
4318,6403
4319,6508
4320,6496
4321,6506
4322,6450
4323,6446
4324,6435
4325,6427
4326,6437
4327,6418
4328,6422
4329,6378
4330,6382
4331,6448
4332,6421
4333,6373
4334,6413
4335,6452
4336,6442
4337,6370
4338,6454
4339,6464
4340,6441
4341,6457
4342,6497
4343,6396
4344,6368
4345,6397
4346,6465
4347,6402
4348,6457
4349,6497
4350,6544
4351,6452
4352,6435
4353,6494
4354,6459
4355,6463
4356,6439
4357,6447
4358,6477
4359,6458
4360,6423
4361,6462
4362,6378
4363,6451
4364,6401
4365,6422
4366,6465
4367,6487
4368,6411
4369,6442
4370,6575
4371,6493
4372,6448
4373,6391
4374,6444
4375,6436
4376,6471
4377,6512
4378,6434
4379,6470
4380,6466
4381,6455
4382,6469
4383,6415
4384,6456
4385,6511
4386,6513
4387,6487
4388,6458
4389,6486
4390,6448
4391,6473
4392,6403
4393,6421
4394,6432
4395,6467
4396,6421
4397,6454
4398,6493
4399,6474
4400,6455
4401,6479
4402,6505
4403,6475
4404,6435
4405,6413
4406,6467
4407,6438
4408,6336
4409,6437
4410,6370
4411,6397
4412,6353
4413,6310
4414,6374
4415,6375
4416,6446
4417,6404
4418,6469
4419,6439
4420,6401
4421,6395
4422,6368
4423,6417
4424,6529
4425,6541
4426,6452
4427,6467
4428,6436
4429,6455
4430,6446
4431,6581
4432,6521
4433,6515
4434,6478
4435,6457
4436,6508
4437,6443
4438,6507
4439,6487
4440,6430
4441,6429
4442,6516
4443,6519
4444,6497
4445,6439
4446,6468
4447,6515
4448,6564
4449,6561
4450,6442
4451,6488
4452,6556
4453,6564
4454,6459
4455,6470
4456,6445
4457,6428
4458,6482
4459,6442
4460,6452
4461,6450
4462,6452
4463,6454
4464,6494
4465,6438
4466,6549
4467,6509
4468,6499
4469,6539
4470,6571
4471,6494
4472,6500
4473,6494
4474,6505
4475,6467
4476,6456
4477,6542
4478,6492
4479,6439
4480,6505
4481,6467
4482,6506
4483,6434
4484,6442
4485,6495
4486,6483
