ReTr(L*),ImTr(Lx),ImTr(Ly),ImTr(Lz),ImTr(L5)
0.968627,0.000876218,null,null,null
-0.140549,null,0.317431,null,null
0.0956825,null,null,-0.343206,null
0.00616514,null,null,null,-0.00400181
0.969499,0.00410558,null,null,null
-0.344826,null,0.788019,null,null
0.32268,null,null,-0.678835,null
0.00396939,null,null,null,-0.00418526
0.966164,0.00260066,null,null,null
-0.408925,null,0.776068,null,null
0.132146,null,null,-0.700159,null
0.012549,null,null,null,0.00406428
0.971847,0.0014108,null,null,null
-0.16247,null,0.730437,null,null
0.189884,null,null,-0.872372,null
0.0111809,null,null,null,0.00214622
0.967496,0.00152511,null,null,null
-0.213266,null,0.597169,null,null
0.035237,null,null,-0.886463,null
0.00498698,null,null,null,0.00135104
0.969031,-0.00265941,null,null,null
-0.12638,null,0.544168,null,null
-0.0706764,null,null,-0.908589,null
0.00984069,null,null,null,0.00815712
0.96806,-0.00434304,null,null,null
-0.035436,null,0.65793,null,null
-0.0835221,null,null,-0.748289,null
0.00651924,null,null,null,0.0117863
0.965476,-0.007996,null,null,null
-0.163183,null,0.404882,null,null
-0.124303,null,null,-0.704412,null
0.0115718,null,null,null,0.0112073
0.971554,-0.00607191,null,null,null
-0.240635,null,0.402356,null,null
0.0362873,null,null,-0.778215,null
0.00343829,null,null,null,0.0114806
0.968509,-0.00334252,null,null,null
-0.333134,null,0.632679,null,null
0.041019,null,null,-0.738194,null
0.00532366,null,null,null,0.002367
0.966884,-0.00293331,null,null,null
-0.261391,null,0.574471,null,null
0.071875,null,null,-0.703967,null
0.00321269,null,null,null,0.0175104
0.968213,-0.00306635,null,null,null
-0.32436,null,0.621642,null,null
0.0645483,null,null,-0.7556,null
0.00932231,null,null,null,0.00896794
0.967407,-0.000626564,null,null,null
-0.247574,null,0.499104,null,null
-0.0214276,null,null,-0.596589,null
-0.00290137,null,null,null,0.00853976
0.965885,0.000188179,null,null,null
-0.375055,null,0.507811,null,null
-0.0596443,null,null,-0.690596,null
0.00337646,null,null,null,0.0180657
0.966958,0.00298154,null,null,null
-0.319959,null,0.445198,null,null
-0.0548335,null,null,-0.902759,null
-0.00122736,null,null,null,-0.00534404
0.967712,0.00468774,null,null,null
-0.34723,null,0.4554,null,null
0.0273555,null,null,-0.97466,null
0.00773399,null,null,null,0.00213603
0.967654,0.00749976,null,null,null
-0.377485,null,0.364726,null,null
0.0987971,null,null,-0.84322,null
0.0122636,null,null,null,0.0103683
0.96685,0.00798599,null,null,null
-0.485281,null,0.435598,null,null
0.233975,null,null,-1.05765,null
0.0116818,null,null,null,0.00975571
0.96812,0.00436954,null,null,null
-0.385798,null,0.610502,null,null
0.0727508,null,null,-0.949786,null
0.00960078,null,null,null,0.0079205
0.965759,-0.00112007,null,null,null
-0.354074,null,0.493381,null,null
0.0195501,null,null,-0.719649,null
-0.00380804,null,null,null,0.0131088
0.967606,-0.00430114,null,null,null
-0.233774,null,0.681251,null,null
0.0315569,null,null,-0.705239,null
0.0032849,null,null,null,0.00516239
0.965634,-0.00124107,null,null,null
-0.185836,null,0.565586,null,null
0.137374,null,null,-0.586185,null
-0.00771113,null,null,null,0.00714665
0.970029,-0.000442491,null,null,null
-0.216,null,0.579207,null,null
0.00433172,null,null,-0.641579,null
0.00632074,null,null,null,-0.0019889
0.971119,-0.0039234,null,null,null
-0.261189,null,0.65442,null,null
0.0405936,null,null,-0.710034,null
-0.00078512,null,null,null,-0.00797149
0.973091,-0.00465301,null,null,null
-0.283526,null,0.680801,null,null
-0.0852719,null,null,-0.841876,null
0.00668196,null,null,null,0.000127106
0.976962,-0.00731778,null,null,null
-0.189213,null,0.692364,null,null
-0.242613,null,null,-0.751604,null
-0.00281171,null,null,null,-0.0065759
0.976366,-0.00264551,null,null,null
-0.254156,null,0.920526,null,null
-0.130684,null,null,-0.712519,null
0.00371934,null,null,null,0.00379145
0.976366,-0.00264551,null,null,null
-0.254156,null,0.920526,null,null
-0.130684,null,null,-0.712519,null
0.00371934,null,null,null,0.00379145
0.978626,-0.00196117,null,null,null
-0.0746356,null,0.888977,null,null
-0.136894,null,null,-0.756416,null
-0.00788269,null,null,null,-0.000868871
0.981114,-0.00216154,null,null,null
-0.0374206,null,0.813952,null,null
-0.115323,null,null,-0.671141,null
0.00246351,null,null,null,-0.00916162
0.981114,-0.00216154,null,null,null
-0.0374206,null,0.813952,null,null
-0.115323,null,null,-0.671141,null
0.00246351,null,null,null,-0.00916162
0.978525,0.000195442,null,null,null
-0.195637,null,0.76043,null,null
-0.0671455,null,null,-0.610515,null
0.000900696,null,null,null,-0.00672521
0.978525,0.000195442,null,null,null
-0.195637,null,0.76043,null,null
-0.0671455,null,null,-0.610515,null
0.000900696,null,null,null,-0.00672521
0.976829,0.00192497,null,null,null
-0.155464,null,0.64427,null,null
-0.0515344,null,null,-0.774021,null
5.46014e-05,null,null,null,-0.00696809
0.975692,0.00615991,null,null,null
-0.00984019,null,0.551165,null,null
-0.089305,null,null,-0.918444,null
-0.00357804,null,null,null,-0.00490337
0.978019,0.0120029,null,null,null
-0.0821805,null,0.511801,null,null
-0.0315059,null,null,-0.777845,null
0.00115301,null,null,null,-0.00638852
0.973661,0.00886561,null,null,null
-0.204366,null,0.50867,null,null
-0.0577805,null,null,-0.88301,null
-0.00181314,null,null,null,0.00122881
0.973661,0.00886561,null,null,null
-0.204366,null,0.50867,null,null
-0.0577805,null,null,-0.88301,null
-0.00181314,null,null,null,0.00122881
0.972328,0.00717986,null,null,null
-0.0883697,null,0.409325,null,null
0.110186,null,null,-1.00592,null
-0.00226274,null,null,null,-0.00357924
0.968496,0.0094601,null,null,null
-0.144579,null,0.433073,null,null
0.189901,null,null,-0.809696,null
-0.00379144,null,null,null,-0.000188524
0.967176,0.00955026,null,null,null
-0.125485,null,0.563845,null,null
-0.0590774,null,null,-0.878478,null
3.67769e-05,null,null,null,-0.0096927
0.967176,0.00955026,null,null,null
-0.125485,null,0.563845,null,null
-0.0590774,null,null,-0.878478,null
3.67769e-05,null,null,null,-0.0096927
0.970204,0.00745777,null,null,null
-0.142021,null,0.59832,null,null
0.094473,null,null,-0.957819,null
0.00252385,null,null,null,0.00200859
0.968708,0.00912161,null,null,null
-0.145331,null,0.515452,null,null
0.120503,null,null,-1.04894,null
0.00435495,null,null,null,-0.000804944
0.969069,0.00477795,null,null,null
-0.20618,null,0.480385,null,null
0.219653,null,null,-0.825711,null
-0.000440601,null,null,null,-0.00133385
0.965966,0.00913378,null,null,null
-0.131386,null,0.39522,null,null
0.0744718,null,null,-0.720696,null
0.0043251,null,null,null,-0.00221925
0.967221,0.00890176,null,null,null
-0.166664,null,0.461881,null,null
0.041387,null,null,-0.664975,null
-0.00311021,null,null,null,-0.000288011
0.964144,0.00703729,null,null,null
-0.155365,null,0.250426,null,null
-0.0773039,null,null,-0.730429,null
0.0044209,null,null,null,0.00537869
0.966881,0.012052,null,null,null
-0.206347,null,0.297351,null,null
-0.0980136,null,null,-0.593425,null
0.00925692,null,null,null,0.0036758
0.968719,0.0122896,null,null,null
-0.260041,null,0.315235,null,null
-0.0647845,null,null,-0.655961,null
-0.0010756,null,null,null,-0.00528159
0.971375,0.00812925,null,null,null
-0.230665,null,0.420762,null,null
-0.18679,null,null,-0.674574,null
0.0028287,null,null,null,-0.00491999
0.973084,0.0101928,null,null,null
-0.176221,null,0.460901,null,null
-0.258284,null,null,-0.732239,null
0.00827738,null,null,null,0.000323541
0.974521,0.00947181,null,null,null
-0.113032,null,0.485839,null,null
-0.234042,null,null,-0.738174,null
0.00254304,null,null,null,-0.00282584
0.977228,0.0071972,null,null,null
-0.230779,null,0.410369,null,null
-0.211351,null,null,-0.577225,null
-0.00870596,null,null,null,-0.00097351
0.976496,0.00628056,null,null,null
-0.243792,null,0.334374,null,null
-0.193616,null,null,-0.716329,null
-0.00496976,null,null,null,-0.0110102
0.976496,0.00628056,null,null,null
-0.243792,null,0.334374,null,null
-0.193616,null,null,-0.716329,null
-0.00496976,null,null,null,-0.0110102
0.968514,0.00728256,null,null,null
-0.271298,null,0.538966,null,null
-0.327909,null,null,-0.650986,null
-0.00376089,null,null,null,-0.00960079
0.968514,0.00728256,null,null,null
-0.271298,null,0.538966,null,null
-0.327909,null,null,-0.650986,null
-0.00376089,null,null,null,-0.00960079
0.96496,0.00529402,null,null,null
-0.291073,null,0.43031,null,null
-0.274332,null,null,-0.647365,null
0.00198631,null,null,null,0.0022226
0.963335,0.0109143,null,null,null
-0.212505,null,0.524327,null,null
-0.0876727,null,null,-0.66481,null
0.00132826,null,null,null,-0.00621436
0.96584,0.0134626,null,null,null
-0.176096,null,0.529134,null,null
-0.0772715,null,null,-0.529434,null
0.00122605,null,null,null,3.87196e-05
0.970352,0.0125319,null,null,null
-0.226686,null,0.460676,null,null
-0.0631194,null,null,-0.537199,null
0.00368472,null,null,null,-0.0066688
0.970997,0.011405,null,null,null
-0.423812,null,0.422146,null,null
-0.0939579,null,null,-0.624699,null
-0.0024423,null,null,null,-0.00558678
0.966228,0.00757636,null,null,null
-0.310981,null,0.420041,null,null
-0.044551,null,null,-0.777231,null
-0.00217769,null,null,null,0.00269204
0.965859,0.00884769,null,null,null
-0.241401,null,0.422611,null,null
-0.131691,null,null,-0.823281,null
0.0030284,null,null,null,0.00107458
0.967776,0.0118814,null,null,null
-0.134819,null,0.391919,null,null
-0.108662,null,null,-0.654925,null
0.00679075,null,null,null,-0.00157098
0.964213,0.0120853,null,null,null
-0.219268,null,0.464498,null,null
-0.18813,null,null,-0.635574,null
-0.00304411,null,null,null,0.0140178
0.960856,0.00897145,null,null,null
-0.182088,null,0.384714,null,null
-0.266261,null,null,-0.72914,null
0.00124193,null,null,null,0.0046231
0.959639,0.0109944,null,null,null
-0.121108,null,0.352464,null,null
-0.124986,null,null,-0.669381,null
-0.00318446,null,null,null,0.0120437
0.959353,0.0100781,null,null,null
-0.0861298,null,0.404745,null,null
-0.189801,null,null,-0.621859,null
0.00689749,null,null,null,0.00814321
0.959353,0.0100781,null,null,null
-0.0861298,null,0.404745,null,null
-0.189801,null,null,-0.621859,null
0.00689749,null,null,null,0.00814321
0.958302,0.0100161,null,null,null
-0.0622837,null,0.456834,null,null
-0.205389,null,null,-0.443258,null
-0.00217641,null,null,null,-0.000143765
0.962263,0.00905151,null,null,null
0.0557181,null,0.488979,null,null
-0.21338,null,null,-0.383055,null
-0.000672786,null,null,null,-0.00169609
0.964352,0.00751321,null,null,null
0.0205105,null,0.532781,null,null
-0.163479,null,null,-0.410559,null
0.00181419,null,null,null,-0.00134128
0.963985,0.00928431,null,null,null
-0.0636599,null,0.504302,null,null
-0.169845,null,null,-0.332601,null
-0.000282444,null,null,null,-0.00765604
0.963985,0.00928431,null,null,null
-0.0636599,null,0.504302,null,null
-0.169845,null,null,-0.332601,null
-0.000282444,null,null,null,-0.00765604
0.962339,0.00586106,null,null,null
-0.000199031,null,0.572801,null,null
-0.234123,null,null,-0.319314,null
-0.00783738,null,null,null,-0.00290964
0.961446,0.00324561,null,null,null
-0.00868714,null,0.523614,null,null
-0.281436,null,null,-0.369305,null
-0.000101943,null,null,null,-0.000666232
0.959547,0.00189434,null,null,null
-0.0411911,null,0.596221,null,null
-0.169272,null,null,-0.304212,null
-0.00119424,null,null,null,-0.00921864
0.961504,0.000103729,null,null,null
-0.285644,null,0.541358,null,null
-0.120552,null,null,-0.341741,null
-0.00858849,null,null,null,-0.00428471
0.961655,-0.000255234,null,null,null
-0.251576,null,0.546239,null,null
-0.151408,null,null,-0.311295,null
0.00038634,null,null,null,-0.00532207
0.960019,-0.00233553,null,null,null
-0.221653,null,0.472325,null,null
-0.157801,null,null,-0.312715,null
0.00488819,null,null,null,0.00267856
0.961671,-0.00443649,null,null,null
-0.187994,null,0.536885,null,null
-0.150855,null,null,-0.224805,null
-0.00193351,null,null,null,0.0139535
0.962155,0.000184252,null,null,null
-0.213638,null,0.420799,null,null
-0.17217,null,null,-0.314528,null
0.00345399,null,null,null,0.0128526
0.958836,-0.00249531,null,null,null
-0.269826,null,0.480446,null,null
-0.134561,null,null,-0.370796,null
-0.00129285,null,null,null,0.00805446
0.958836,-0.00249531,null,null,null
-0.269826,null,0.480446,null,null
-0.134561,null,null,-0.370796,null
-0.00129285,null,null,null,0.00805446
0.960422,-0.000277796,null,null,null
-0.243188,null,0.478185,null,null
-0.238594,null,null,-0.466214,null
0.00236311,null,null,null,0.00347331
0.95714,0.0022939,null,null,null
-0.237514,null,0.469035,null,null
-0.223543,null,null,-0.435777,null
0.00522947,null,null,null,0.00579989
0.959727,0.000385626,null,null,null
-0.248905,null,0.425721,null,null
-0.157383,null,null,-0.28699,null
0.00168854,null,null,null,0.00248624
0.959727,0.000385626,null,null,null
-0.248905,null,0.425721,null,null
-0.157383,null,null,-0.28699,null
0.00168854,null,null,null,0.00248624
0.96007,-0.00159564,null,null,null
-0.278404,null,0.532622,null,null
-0.259692,null,null,-0.310004,null
0.00219839,null,null,null,-0.00770613
0.959309,-0.00506082,null,null,null
-0.330939,null,0.521154,null,null
-0.1567,null,null,-0.422751,null
-0.00335442,null,null,null,0.00894191
0.959309,-0.00506082,null,null,null
-0.330939,null,0.521154,null,null
-0.1567,null,null,-0.422751,null
-0.00335442,null,null,null,0.00894191
0.95938,-0.00245384,null,null,null
-0.386525,null,0.493964,null,null
-0.0516588,null,null,-0.302659,null
0.00373131,null,null,null,0.00282242
0.95938,-0.00245384,null,null,null
-0.386525,null,0.493964,null,null
-0.0516588,null,null,-0.302659,null
0.00373131,null,null,null,0.00282242
0.961242,0.00367661,null,null,null
-0.444084,null,0.514501,null,null
-0.0718791,null,null,-0.212872,null
0.00180006,null,null,null,0.00897349
0.961242,0.00367661,null,null,null
-0.444084,null,0.514501,null,null
-0.0718791,null,null,-0.212872,null
0.00180006,null,null,null,0.00897349
0.958823,0.00362755,null,null,null
-0.537889,null,0.340479,null,null
-0.0499751,null,null,-0.223479,null
0.00805604,null,null,null,0.00430536
0.958823,0.00362755,null,null,null
-0.537889,null,0.340479,null,null
-0.0499751,null,null,-0.223479,null
0.00805604,null,null,null,0.00430536
0.964878,0.00838407,null,null,null
-0.434694,null,0.394425,null,null
0.0162819,null,null,-0.195137,null
-0.000921302,null,null,null,-0.00610181
0.964878,0.00838407,null,null,null
-0.434694,null,0.394425,null,null
0.0162819,null,null,-0.195137,null
-0.000921302,null,null,null,-0.00610181
0.963427,0.00991394,null,null,null
-0.425106,null,0.407981,null,null
0.0766886,null,null,-0.21906,null
0.00176869,null,null,null,0.00326547
0.969603,0.0156831,null,null,null
-0.28287,null,0.39114,null,null
-0.0446016,null,null,-0.207639,null
-0.00643865,null,null,null,-0.00223487
0.969206,0.0127471,null,null,null
-0.357722,null,0.393831,null,null
-0.0509259,null,null,-0.264678,null
0.000582306,null,null,null,-0.00729893
0.966856,0.00997897,null,null,null
-0.424796,null,0.39401,null,null
-0.131827,null,null,-0.216884,null
-0.0152853,null,null,null,-0.0031811
0.963723,0.00835076,null,null,null
-0.351075,null,0.458545,null,null
-0.0900994,null,null,-0.355049,null
0.00231229,null,null,null,-0.00249045
0.967272,0.00582898,null,null,null
-0.365115,null,0.344806,null,null
-0.13428,null,null,-0.284711,null
-0.00168104,null,null,null,0.00127922
0.967342,0.00228197,null,null,null
-0.35859,null,0.354432,null,null
-0.134816,null,null,-0.371539,null
-0.00341689,null,null,null,0.00160939
0.970732,0.00579675,null,null,null
-0.273332,null,0.204754,null,null
-0.148121,null,null,-0.350436,null
-0.00473505,null,null,null,0.00371012
0.972645,0.0115149,null,null,null
-0.374419,null,0.368594,null,null
-0.136194,null,null,-0.444424,null
-0.00376718,null,null,null,0.0047632
0.967199,0.0105872,null,null,null
-0.409121,null,0.27073,null,null
-0.202549,null,null,-0.619625,null
0.00290451,null,null,null,-0.000867129
0.964854,0.0102486,null,null,null
-0.316651,null,0.232192,null,null
-0.181049,null,null,-0.484361,null
0.00319274,null,null,null,-0.00817527
0.964121,0.0115898,null,null,null
-0.487961,null,0.274979,null,null
-0.170399,null,null,-0.510286,null
0.00843601,null,null,null,-0.000438744
0.964121,0.0115898,null,null,null
-0.487961,null,0.274979,null,null
-0.170399,null,null,-0.510286,null
0.00843601,null,null,null,-0.000438744
0.966662,0.0125846,null,null,null
-0.466224,null,0.256032,null,null
-0.21469,null,null,-0.484659,null
0.00978304,null,null,null,0.00414779
0.963909,0.0144434,null,null,null
-0.514406,null,0.312701,null,null
-0.255411,null,null,-0.512604,null
0.00125009,null,null,null,-0.00759219
0.964435,0.0143611,null,null,null
-0.489691,null,0.276263,null,null
-0.16838,null,null,-0.475637,null
0.00508769,null,null,null,-0.00461045
0.964435,0.0143611,null,null,null
-0.489691,null,0.276263,null,null
-0.16838,null,null,-0.475637,null
0.00508769,null,null,null,-0.00461045
0.962952,0.0146489,null,null,null
-0.634021,null,0.2918,null,null
-0.267948,null,null,-0.441292,null
-0.00807831,null,null,null,0.00148045
0.959794,0.0164804,null,null,null
-0.480835,null,0.304571,null,null
-0.254711,null,null,-0.398817,null
-0.000791229,null,null,null,-0.00655315
0.959794,0.0164804,null,null,null
-0.480835,null,0.304571,null,null
-0.254711,null,null,-0.398817,null
-0.000791227,null,null,null,-0.00655315
0.961304,0.015372,null,null,null
-0.572078,null,0.334162,null,null
-0.276128,null,null,-0.367195,null
-0.00146623,null,null,null,-0.0145954
0.961304,0.015372,null,null,null
-0.572078,null,0.334162,null,null
-0.276128,null,null,-0.367195,null
-0.00146623,null,null,null,-0.0145954
0.966209,0.0190969,null,null,null
-0.511034,null,0.339009,null,null
-0.158366,null,null,-0.384994,null
-0.00532182,null,null,null,-0.0137244
0.969043,0.0160696,null,null,null
-0.468891,null,0.344261,null,null
-0.146484,null,null,-0.497939,null
-0.00311182,null,null,null,-0.0108483
0.96857,0.0131094,null,null,null
-0.463329,null,0.314296,null,null
-0.167527,null,null,-0.386537,null
-0.000781975,null,null,null,0.00197747
0.968735,0.0119658,null,null,null
-0.443351,null,0.406845,null,null
-0.201294,null,null,-0.363566,null
-0.0002354,null,null,null,0.00311348
0.968278,0.0123367,null,null,null
-0.556595,null,0.344291,null,null
-0.374875,null,null,-0.364895,null
-0.00519001,null,null,null,-0.00720008
0.970909,0.00975101,null,null,null
-0.426972,null,0.399374,null,null
-0.237111,null,null,-0.414486,null
0.00250779,null,null,null,0.00790081
0.965885,0.0123686,null,null,null
-0.458921,null,0.459576,null,null
-0.33993,null,null,-0.393858,null
0.0041414,null,null,null,0.00454311
0.959911,0.0152473,null,null,null
-0.441541,null,0.500247,null,null
-0.420629,null,null,-0.361134,null
0.00351265,null,null,null,-5.88207e-06
0.963337,0.0142743,null,null,null
-0.268498,null,0.627114,null,null
-0.416756,null,null,-0.415705,null
0.0148024,null,null,null,0.0113721
0.963017,0.0167302,null,null,null
-0.282627,null,0.689944,null,null
-0.347822,null,null,-0.44086,null
0.0127835,null,null,null,-0.00179366
0.963051,0.0181042,null,null,null
-0.287174,null,0.618749,null,null
-0.517447,null,null,-0.433107,null
-0.00424886,null,null,null,0.00334036
0.967252,0.0190545,null,null,null
-0.463678,null,0.512679,null,null
-0.399855,null,null,-0.50702,null
0.00559517,null,null,null,0.00115154
0.967252,0.0190545,null,null,null
-0.463678,null,0.512679,null,null
-0.399855,null,null,-0.50702,null
0.00559517,null,null,null,0.00115154
0.964775,0.0177841,null,null,null
-0.325046,null,0.49547,null,null
-0.417502,null,null,-0.420073,null
-0.00568596,null,null,null,0.000540744
0.964775,0.0177841,null,null,null
-0.325046,null,0.49547,null,null
-0.417502,null,null,-0.420073,null
-0.00568596,null,null,null,0.000540744
0.964721,0.0222881,null,null,null
-0.355896,null,0.513996,null,null
-0.219188,null,null,-0.440735,null
-0.00698544,null,null,null,-0.00365307
0.967422,0.0143488,null,null,null
-0.420914,null,0.45557,null,null
-0.323219,null,null,-0.402892,null
-0.0106197,null,null,null,-0.00205475
0.967422,0.0143488,null,null,null
-0.420914,null,0.45557,null,null
-0.323219,null,null,-0.402892,null
-0.0106197,null,null,null,-0.00205475
0.968372,0.0138032,null,null,null
-0.481084,null,0.48891,null,null
-0.414187,null,null,-0.427766,null
0.00385181,null,null,null,-0.00215865
0.968372,0.0138032,null,null,null
-0.481084,null,0.48891,null,null
-0.414187,null,null,-0.427766,null
0.00385181,null,null,null,-0.00215865
0.96208,0.00933741,null,null,null
-0.373615,null,0.503549,null,null
-0.297266,null,null,-0.364191,null
0.00730182,null,null,null,0.00891466
0.96208,0.00933741,null,null,null
-0.373615,null,0.503549,null,null
-0.297266,null,null,-0.364191,null
0.00730182,null,null,null,0.00891466
0.964209,0.0104118,null,null,null
-0.246608,null,0.533769,null,null
-0.392474,null,null,-0.385655,null
0.00322636,null,null,null,0.00415629
0.964319,0.0135699,null,null,null
-0.248324,null,0.536215,null,null
-0.390916,null,null,-0.317962,null
-0.0018356,null,null,null,0.00359344
0.964319,0.0135699,null,null,null
-0.248324,null,0.536215,null,null
-0.390916,null,null,-0.317962,null
-0.0018356,null,null,null,0.00359344
0.962356,0.0129195,null,null,null
-0.155858,null,0.482069,null,null
-0.297727,null,null,-0.309632,null
0.000712016,null,null,null,-0.00552243
0.965708,0.0133979,null,null,null
-0.195965,null,0.421121,null,null
-0.334744,null,null,-0.303331,null
-0.00989596,null,null,null,-0.00459614
0.968159,0.0164957,null,null,null
-0.139284,null,0.464719,null,null
-0.319146,null,null,-0.30497,null
0.00115663,null,null,null,0.00549085
0.968159,0.0164957,null,null,null
-0.139284,null,0.464719,null,null
-0.319146,null,null,-0.30497,null
0.00115663,null,null,null,0.00549085
0.968159,0.0164957,null,null,null
-0.139284,null,0.464719,null,null
-0.319146,null,null,-0.30497,null
0.00115663,null,null,null,0.00549085
0.968159,0.0164957,null,null,null
-0.139284,null,0.464719,null,null
-0.319146,null,null,-0.30497,null
0.00115663,null,null,null,0.00549085
0.966712,0.015688,null,null,null
-0.00377234,null,0.492639,null,null
-0.36449,null,null,-0.332469,null
0.011715,null,null,null,0.00179645
0.968063,0.0162305,null,null,null
0.108205,null,0.489801,null,null
-0.400504,null,null,-0.317096,null
0.00168778,null,null,null,-0.00420345
0.964391,0.0147329,null,null,null
0.0228121,null,0.463728,null,null
-0.432399,null,null,-0.173662,null
0.00282751,null,null,null,-0.00104293
0.968395,0.0125975,null,null,null
0.0289679,null,0.422265,null,null
-0.363428,null,null,-0.212911,null
0.00723749,null,null,null,-0.00224266
0.97244,0.0107758,null,null,null
-0.0736621,null,0.534331,null,null
-0.413538,null,null,-0.172143,null
-0.00862159,null,null,null,0.00122233
0.968346,0.00775017,null,null,null
-0.100712,null,0.521827,null,null
-0.508674,null,null,-0.18761,null
0.000871294,null,null,null,0.00186734
0.970245,0.00742956,null,null,null
0.0253321,null,0.539495,null,null
-0.494695,null,null,-0.164856,null
-0.000908377,null,null,null,0.00696186
0.968326,0.00821851,null,null,null
0.06837,null,0.636018,null,null
-0.491566,null,null,-0.240406,null
-0.00216886,null,null,null,0.00433033
0.964264,0.00795923,null,null,null
-0.0545991,null,0.478123,null,null
-0.440387,null,null,-0.146116,null
0.00182159,null,null,null,0.00359214
0.961703,0.00291224,null,null,null
-0.054512,null,0.411473,null,null
-0.393945,null,null,-0.188677,null
0.00634003,null,null,null,0.00760275
0.961703,0.00291224,null,null,null
-0.054512,null,0.411473,null,null
-0.393945,null,null,-0.188677,null
0.00634003,null,null,null,0.00760275
0.963653,0.00569243,null,null,null
-0.0842221,null,0.379241,null,null
-0.442412,null,null,-0.147067,null
0.0163974,null,null,null,0.0126321
0.962862,0.0085049,null,null,null
-0.0516788,null,0.487891,null,null
-0.451479,null,null,-0.276985,null
-0.00276026,null,null,null,-0.00264423
0.96426,0.00851436,null,null,null
0.0473688,null,0.326316,null,null
-0.428056,null,null,-0.337695,null
0.000173355,null,null,null,-0.00524698
0.964421,0.00911278,null,null,null
-0.0191904,null,0.42147,null,null
-0.476551,null,null,-0.42806,null
-2.61819e-05,null,null,null,-0.00715417
0.964421,0.00911278,null,null,null
-0.0191904,null,0.42147,null,null
-0.476551,null,null,-0.42806,null
-2.61819e-05,null,null,null,-0.00715417
0.967287,0.0112656,null,null,null
-0.0938745,null,0.356513,null,null
-0.448351,null,null,-0.403029,null
-0.00262663,null,null,null,-0.00790864
0.964274,0.0166712,null,null,null
-0.00758085,null,0.339417,null,null
-0.337439,null,null,-0.457257,null
0.000182679,null,null,null,-0.00935089
0.962577,0.0189531,null,null,null
-0.0906214,null,0.387816,null,null
-0.362438,null,null,-0.463962,null
-0.00826789,null,null,null,-0.00435247
0.962561,0.0203945,null,null,null
-0.0958696,null,0.48262,null,null
-0.415869,null,null,-0.422783,null
0.00565155,null,null,null,-0.000267706
0.964932,0.0203251,null,null,null
-0.0841507,null,0.490399,null,null
-0.436509,null,null,-0.354112,null
0.00782305,null,null,null,0.00864539
0.965845,0.0214872,null,null,null
-0.069882,null,0.559215,null,null
-0.38946,null,null,-0.260506,null
-0.000240325,null,null,null,-0.00126675
0.965845,0.0214872,null,null,null
-0.069882,null,0.559215,null,null
-0.38946,null,null,-0.260506,null
-0.000240325,null,null,null,-0.00126675
0.965845,0.0214872,null,null,null
-0.069882,null,0.559215,null,null
-0.38946,null,null,-0.260506,null
-0.000240325,null,null,null,-0.00126675
0.96238,0.0192906,null,null,null
-0.109855,null,0.47613,null,null
-0.521056,null,null,-0.343485,null
-0.00327889,null,null,null,-0.00290449
0.963592,0.0194455,null,null,null
-0.0555097,null,0.37687,null,null
-0.567104,null,null,-0.359709,null
0.00253112,null,null,null,-0.00216788
0.963928,0.0226951,null,null,null
-0.0167102,null,0.367215,null,null
-0.449257,null,null,-0.306679,null
-0.00327946,null,null,null,-0.000815468
0.967043,0.0189786,null,null,null
0.0704694,null,0.33081,null,null
-0.457844,null,null,-0.341389,null
-0.0063993,null,null,null,-0.002378
0.972316,0.0186914,null,null,null
0.0630589,null,0.406027,null,null
-0.543924,null,null,-0.292499,null
-0.000993147,null,null,null,-0.00146169
0.972446,0.0198502,null,null,null
0.0766192,null,0.515794,null,null
-0.526059,null,null,-0.303005,null
0.000994583,null,null,null,-0.00566624
0.97757,0.0163979,null,null,null
-0.00336047,null,0.459626,null,null
-0.506302,null,null,-0.348164,null
0.00777629,null,null,null,0.00372366
0.974889,0.0117789,null,null,null
0.00174159,null,0.449196,null,null
-0.562209,null,null,-0.34173,null
0.00360322,null,null,null,-0.00181135
0.974448,0.00762144,null,null,null
0.0147556,null,0.365896,null,null
-0.644559,null,null,-0.426031,null
0.00378316,null,null,null,0.0026505
0.973591,0.00742036,null,null,null
0.037511,null,0.39431,null,null
-0.643785,null,null,-0.374511,null
-0.00124578,null,null,null,0.00388034
0.973591,0.00742036,null,null,null
0.037511,null,0.39431,null,null
-0.643785,null,null,-0.374511,null
-0.00124578,null,null,null,0.00388034
0.968827,0.013382,null,null,null
0.000464945,null,0.450625,null,null
-0.607187,null,null,-0.346754,null
-0.00423226,null,null,null,0.000628272
0.968565,0.0125811,null,null,null
0.00536658,null,0.383141,null,null
-0.615689,null,null,-0.26747,null
0.00745162,null,null,null,-0.00755244
0.965108,0.0127533,null,null,null
0.0303315,null,0.465338,null,null
-0.627694,null,null,-0.294966,null
-0.00109862,null,null,null,-0.00684869
0.966784,0.0193605,null,null,null
0.0378736,null,0.407465,null,null
-0.74355,null,null,-0.345973,null
0.0112077,null,null,null,-0.00315609
0.968734,0.0197504,null,null,null
0.0220462,null,0.33262,null,null
-0.528434,null,null,-0.351265,null
-0.00159395,null,null,null,-0.00240027
0.97034,0.0200738,null,null,null
0.0898743,null,0.261686,null,null
-0.49118,null,null,-0.356185,null
-0.000494547,null,null,null,0.00812554
0.972973,0.0185592,null,null,null
0.06766,null,0.30299,null,null
-0.468363,null,null,-0.269101,null
-0.000217267,null,null,null,0.00874216
0.972973,0.0185592,null,null,null
0.06766,null,0.30299,null,null
-0.468363,null,null,-0.269101,null
-0.000217267,null,null,null,0.00874216
0.970909,0.0188901,null,null,null
0.000539664,null,0.314188,null,null
-0.510695,null,null,-0.2664,null
0.00161835,null,null,null,0.0109637
0.973266,0.0180767,null,null,null
-0.0666346,null,0.320079,null,null
-0.605337,null,null,-0.338524,null
0.00186979,null,null,null,0.00991752
0.973266,0.0180767,null,null,null
-0.0666346,null,0.320079,null,null
-0.605337,null,null,-0.338524,null
0.00186979,null,null,null,0.00991752
0.973266,0.0180767,null,null,null
-0.0666346,null,0.320079,null,null
-0.605337,null,null,-0.338524,null
0.00186979,null,null,null,0.00991752
0.971985,0.0172603,null,null,null
0.000988255,null,0.240381,null,null
-0.644443,null,null,-0.243367,null
0.00326964,null,null,null,0.00720382
0.970971,0.017095,null,null,null
0.104765,null,0.373526,null,null
-0.694079,null,null,-0.0705499,null
0.00403081,null,null,null,-0.00663844
0.969315,0.01779,null,null,null
0.158415,null,0.3385,null,null
-0.560322,null,null,-0.202865,null
0.00851485,null,null,null,-0.00462466
0.969315,0.01779,null,null,null
0.158415,null,0.3385,null,null
-0.560322,null,null,-0.202865,null
0.00851485,null,null,null,-0.00462466
0.969315,0.01779,null,null,null
0.158415,null,0.3385,null,null
-0.560322,null,null,-0.202865,null
0.00851485,null,null,null,-0.00462466
0.963329,0.0150011,null,null,null
0.0757204,null,0.365277,null,null
-0.516946,null,null,-0.116745,null
0.00648095,null,null,null,0.00117068
0.964627,0.0114194,null,null,null
0.219555,null,0.343971,null,null
-0.548059,null,null,-0.148856,null
0.0032331,null,null,null,0.000291734
0.964588,0.00825206,null,null,null
0.151757,null,0.267125,null,null
-0.457883,null,null,-0.306404,null
0.00788564,null,null,null,-0.0059864
0.964588,0.00825206,null,null,null
0.151757,null,0.267125,null,null
-0.457883,null,null,-0.306404,null
0.00788564,null,null,null,-0.0059864
0.969483,0.00858486,null,null,null
0.0944221,null,0.360862,null,null
-0.46099,null,null,-0.235004,null
-0.00057231,null,null,null,-0.000822725
0.969483,0.00858486,null,null,null
0.0944221,null,0.360862,null,null
-0.46099,null,null,-0.235004,null
-0.00057231,null,null,null,-0.000822725
0.969483,0.00858486,null,null,null
0.0944221,null,0.360862,null,null
-0.46099,null,null,-0.235004,null
-0.00057231,null,null,null,-0.000822725
0.969387,0.00674821,null,null,null
0.160916,null,0.34033,null,null
-0.483351,null,null,-0.233808,null
0.00894719,null,null,null,-0.0030641
0.96778,0.00816737,null,null,null
0.140751,null,0.255846,null,null
-0.464178,null,null,-0.232551,null
0.00332659,null,null,null,0.00568979
0.966384,0.0092445,null,null,null
0.181105,null,0.23247,null,null
-0.410515,null,null,-0.303903,null
0.00575896,null,null,null,0.00438867
0.966468,0.00693607,null,null,null
0.22339,null,0.328586,null,null
-0.437069,null,null,-0.324449,null
-0.0011109,null,null,null,0.00872475
0.96921,0.00966738,null,null,null
0.173564,null,0.282335,null,null
-0.427042,null,null,-0.196959,null
0.00160871,null,null,null,-0.00709014
0.973416,0.00511516,null,null,null
0.16053,null,0.174401,null,null
-0.396441,null,null,-0.310057,null
0.00695194,null,null,null,0.0019472
0.97348,0.00497042,null,null,null
0.269468,null,0.152879,null,null
-0.496262,null,null,-0.322275,null
0.00018707,null,null,null,0.00696028
0.974796,0.00679819,null,null,null
0.21555,null,0.1237,null,null
-0.479125,null,null,-0.160179,null
0.00792577,null,null,null,-0.00364469
0.972158,0.00929565,null,null,null
0.215231,null,0.247211,null,null
-0.418136,null,null,-0.285601,null
0.00360051,null,null,null,-0.000738443
0.968775,0.00840396,null,null,null
0.276757,null,0.234907,null,null
-0.509874,null,null,-0.154452,null
0.000748039,null,null,null,-0.00315301
0.96974,0.00907764,null,null,null
0.249395,null,0.273691,null,null
-0.491756,null,null,-0.191071,null
0.000255705,null,null,null,-0.0021398
0.968433,0.0133759,null,null,null
0.274166,null,0.173935,null,null
-0.389044,null,null,-0.244572,null
0.00232855,null,null,null,-0.00109255
0.974251,0.0145219,null,null,null
0.347612,null,0.262409,null,null
-0.434454,null,null,-0.303581,null
-0.00426671,null,null,null,-0.00198551
0.969485,0.0141154,null,null,null
0.238615,null,0.237622,null,null
-0.398736,null,null,-0.291605,null
0.000149065,null,null,null,-0.000148471
0.969485,0.0141154,null,null,null
0.238615,null,0.237622,null,null
-0.398736,null,null,-0.291605,null
0.000149065,null,null,null,-0.000148471
0.969485,0.0141154,null,null,null
0.238615,null,0.237622,null,null
-0.398736,null,null,-0.291605,null
0.000149065,null,null,null,-0.000148471
0.969823,0.0116981,null,null,null
0.211124,null,0.303336,null,null
-0.358564,null,null,-0.172712,null
0.00268814,null,null,null,-0.004604
0.970495,0.00396753,null,null,null
0.225862,null,0.317968,null,null
-0.275018,null,null,-0.264376,null
-0.00259129,null,null,null,0.000319039
0.969906,0.00171022,null,null,null
0.12326,null,0.356895,null,null
-0.401466,null,null,-0.281609,null
0.00313678,null,null,null,-0.00819272
0.971445,-0.00250157,null,null,null
0.104702,null,0.292996,null,null
-0.412755,null,null,-0.34684,null
0.00625845,null,null,null,-0.00386468
0.970084,-0.00251462,null,null,null
0.0714964,null,0.274483,null,null
-0.482922,null,null,-0.402455,null
0.00946346,null,null,null,0.00438341
0.967642,-0.000291746,null,null,null
0.0330851,null,0.295779,null,null
-0.52589,null,null,-0.399923,null
0.000557418,null,null,null,0.00320776
0.967642,-0.000291746,null,null,null
0.0330851,null,0.295779,null,null
-0.52589,null,null,-0.399923,null
0.000557418,null,null,null,0.00320776
0.966488,-0.000300779,null,null,null
0.0695591,null,0.241501,null,null
-0.484198,null,null,-0.308717,null
-0.00683295,null,null,null,-0.00660935
0.963864,-0.0066396,null,null,null
0.0299665,null,0.319865,null,null
-0.54404,null,null,-0.359488,null
0.0028712,null,null,null,-0.00525165
0.960929,-0.00586066,null,null,null
0.100993,null,0.395146,null,null
-0.545156,null,null,-0.358471,null
-0.00749625,null,null,null,-0.00166431
0.960929,-0.00586066,null,null,null
0.100993,null,0.395146,null,null
-0.545156,null,null,-0.358471,null
-0.00749625,null,null,null,-0.00166431
0.965151,-0.00388593,null,null,null
0.0121312,null,0.323638,null,null
-0.502284,null,null,-0.376153,null
0.0063969,null,null,null,-0.00471318
0.961193,-0.00700323,null,null,null
0.0188539,null,0.38024,null,null
-0.547511,null,null,-0.388125,null
0.00279082,null,null,null,-0.00544945
0.960705,-0.01085,null,null,null
-0.0464254,null,0.446625,null,null
-0.617284,null,null,-0.428319,null
0.0024544,null,null,null,-0.0050828
0.962427,-0.0109255,null,null,null
0.0225428,null,0.367126,null,null
-0.568215,null,null,-0.437074,null
0.00418686,null,null,null,0.00240756
0.959656,-0.014219,null,null,null
-0.0114746,null,0.420856,null,null
-0.500771,null,null,-0.511309,null
-0.00407866,null,null,null,-0.0083481
0.959656,-0.014219,null,null,null
-0.0114746,null,0.420856,null,null
-0.500771,null,null,-0.511309,null
-0.00407866,null,null,null,-0.0083481
0.959656,-0.014219,null,null,null
-0.0114746,null,0.420856,null,null
-0.500771,null,null,-0.511309,null
-0.00407866,null,null,null,-0.0083481
0.958095,-0.0160302,null,null,null
0.0264841,null,0.448242,null,null
-0.490966,null,null,-0.519946,null
-0.00629841,null,null,null,-0.0121386
0.961926,-0.0195315,null,null,null
-0.0350115,null,0.422054,null,null
-0.542589,null,null,-0.586252,null
-0.00140904,null,null,null,0.00283823
0.963176,-0.0183016,null,null,null
0.0133719,null,0.403089,null,null
-0.500255,null,null,-0.425109,null
-0.00422279,null,null,null,0.00429735
0.961159,-0.0209909,null,null,null
0.0262245,null,0.458019,null,null
-0.512246,null,null,-0.4946,null
0.000545321,null,null,null,0.00718629
0.963342,-0.0224665,null,null,null
-0.0797335,null,0.430598,null,null
-0.472054,null,null,-0.494589,null
-0.0101169,null,null,null,0.000579312
0.960781,-0.0227912,null,null,null
-0.0272285,null,0.371611,null,null
-0.382511,null,null,-0.493741,null
0.00315071,null,null,null,0.00471749
0.960464,-0.0193817,null,null,null
-0.0315939,null,0.355083,null,null
-0.46391,null,null,-0.347888,null
0.0120775,null,null,null,0.0123439
0.962727,-0.0156349,null,null,null
0.162486,null,0.318299,null,null
-0.384126,null,null,-0.564057,null
0.00211964,null,null,null,-0.0118001
0.962727,-0.0156349,null,null,null
0.162486,null,0.318299,null,null
-0.384126,null,null,-0.564057,null
0.00211964,null,null,null,-0.0118001
0.962727,-0.0156349,null,null,null
0.162486,null,0.318299,null,null
-0.384126,null,null,-0.564057,null
0.00211964,null,null,null,-0.0118001
0.961686,-0.0144758,null,null,null
0.173876,null,0.372956,null,null
-0.3245,null,null,-0.548491,null
-0.00108622,null,null,null,0.00354324
0.955093,-0.01003,null,null,null
0.241735,null,0.352691,null,null
-0.345105,null,null,-0.335084,null
-0.00738852,null,null,null,-0.00919937
0.955093,-0.01003,null,null,null
0.241735,null,0.352691,null,null
-0.345105,null,null,-0.335084,null
-0.00738852,null,null,null,-0.00919937
0.956642,-0.00285896,null,null,null
0.168793,null,0.316214,null,null
-0.312985,null,null,-0.407263,null
0.00826601,null,null,null,-0.000274214
0.958455,-0.00544254,null,null,null
0.102174,null,0.3018,null,null
-0.271763,null,null,-0.418283,null
-0.00481364,null,null,null,0.00218491
0.957455,0.00126669,null,null,null
0.0762621,null,0.25462,null,null
-0.412115,null,null,-0.446116,null
-0.000334666,null,null,null,0.00082415
0.954406,0.00115635,null,null,null
0.090897,null,0.150105,null,null
-0.298296,null,null,-0.462394,null
0.00018923,null,null,null,0.00301886
0.954406,0.00115635,null,null,null
0.090897,null,0.150105,null,null
-0.298296,null,null,-0.462394,null
0.00018923,null,null,null,0.00301886
0.954911,0.00104314,null,null,null
-0.0210769,null,0.156711,null,null
-0.17351,null,null,-0.45503,null
-0.00536455,null,null,null,0.00962266
0.954911,0.00104314,null,null,null
-0.0210769,null,0.156711,null,null
-0.17351,null,null,-0.45503,null
-0.00536455,null,null,null,0.00962266
0.951754,0.0002111,null,null,null
0.12365,null,0.159354,null,null
-0.16301,null,null,-0.436775,null
0.00115258,null,null,null,0.00454986
0.95374,-0.00461804,null,null,null
0.0409611,null,0.212237,null,null
-0.109977,null,null,-0.408621,null
-0.00352549,null,null,null,0.000923255
0.95668,-0.00715366,null,null,null
0.00415909,null,0.210844,null,null
-0.150296,null,null,-0.442795,null
-0.00347824,null,null,null,0.00362819
0.95668,-0.00715366,null,null,null
0.00415909,null,0.210844,null,null
-0.150296,null,null,-0.442795,null
-0.00347824,null,null,null,0.00362819
0.959923,-0.0053615,null,null,null
0.0579802,null,0.205912,null,null
-0.221216,null,null,-0.494802,null
0.00200524,null,null,null,-2.78747e-05
0.960716,-0.00629746,null,null,null
0.0809575,null,0.318449,null,null
-0.220019,null,null,-0.594775,null
-0.00530751,null,null,null,0.00351711
0.962909,-0.00939574,null,null,null
0.0815758,null,0.424509,null,null
-0.278832,null,null,-0.534733,null
-0.00809871,null,null,null,1.69702e-05
0.964155,-0.00676281,null,null,null
0.212776,null,0.393071,null,null
-0.1811,null,null,-0.4602,null
-0.0101334,null,null,null,-0.00201829
0.969762,-0.00637661,null,null,null
0.137395,null,0.370451,null,null
-0.247139,null,null,-0.464674,null
-0.00150386,null,null,null,-0.00988286
0.969762,-0.00637661,null,null,null
0.137395,null,0.370451,null,null
-0.247139,null,null,-0.464674,null
-0.00150386,null,null,null,-0.00988286
0.97334,-0.00956641,null,null,null
0.108973,null,0.443256,null,null
-0.181525,null,null,-0.426084,null
-0.00247972,null,null,null,-0.0047015
0.97334,-0.00956641,null,null,null
0.108973,null,0.443256,null,null
-0.181525,null,null,-0.426084,null
-0.00247972,null,null,null,-0.0047015
0.976184,-0.0106795,null,null,null
0.140969,null,0.466969,null,null
-0.149267,null,null,-0.496825,null
-0.00555105,null,null,null,0.00438044
0.976184,-0.0106795,null,null,null
0.140969,null,0.466969,null,null
-0.149267,null,null,-0.496825,null
-0.00555105,null,null,null,0.00438044
0.975982,-0.0100043,null,null,null
-0.0309243,null,0.30669,null,null
-0.104341,null,null,-0.435031,null
-0.0079907,null,null,null,-0.00569989
0.969731,-0.00745851,null,null,null
-0.0789442,null,0.383499,null,null
-0.189752,null,null,-0.399298,null
0.00331153,null,null,null,0.0067706
0.97105,-0.00557305,null,null,null
0.15106,null,0.293225,null,null
-0.176945,null,null,-0.384876,null
-0.00216679,null,null,null,0.001195
0.97105,-0.00557305,null,null,null
0.15106,null,0.293225,null,null
-0.176945,null,null,-0.384876,null
-0.00216679,null,null,null,0.001195
0.97105,-0.00557305,null,null,null
0.15106,null,0.293225,null,null
-0.176945,null,null,-0.384876,null
-0.00216679,null,null,null,0.001195
0.971791,-0.00804295,null,null,null
0.0737825,null,0.141536,null,null
-0.264858,null,null,-0.474762,null
-0.00283928,null,null,null,0.00470532
0.971791,-0.00804295,null,null,null
0.0737825,null,0.141536,null,null
-0.264858,null,null,-0.474762,null
-0.00283928,null,null,null,0.00470532
0.971791,-0.00804295,null,null,null
0.0737825,null,0.141536,null,null
-0.264858,null,null,-0.474762,null
-0.00283928,null,null,null,0.00470532
0.966275,-0.0160175,null,null,null
0.0547411,null,0.219139,null,null
-0.189934,null,null,-0.47219,null
-0.00869957,null,null,null,0.00446622
0.967231,-0.0197959,null,null,null
0.0136293,null,0.149649,null,null
-0.194356,null,null,-0.418818,null
0.00272755,null,null,null,0.00110847
0.966819,-0.018135,null,null,null
0.137368,null,0.183801,null,null
-0.290995,null,null,-0.451929,null
-0.0027667,null,null,null,0.00102873
0.967132,-0.0199112,null,null,null
0.136496,null,0.0516093,null,null
-0.192557,null,null,-0.400863,null
0.00818571,null,null,null,0.00915759
0.966926,-0.0155416,null,null,null
0.129571,null,0.0557746,null,null
-0.233065,null,null,-0.482684,null
0.00377918,null,null,null,0.00518769
0.965283,-0.0106033,null,null,null
0.100113,null,0.0364257,null,null
-0.250679,null,null,-0.47131,null
0.00513601,null,null,null,0.00470984
0.967718,-0.00733296,null,null,null
0.0866804,null,0.0678071,null,null
-0.330359,null,null,-0.437474,null
0.000443889,null,null,null,-0.00287723
0.966355,-0.0024723,null,null,null
0.165116,null,0.00104693,null,null
-0.264059,null,null,-0.440798,null
0.00368345,null,null,null,0.000472564
0.966355,-0.0024723,null,null,null
0.165116,null,0.00104693,null,null
-0.264059,null,null,-0.440798,null
0.00368345,null,null,null,0.000472564
0.966355,-0.0024723,null,null,null
0.165116,null,0.00104693,null,null
-0.264059,null,null,-0.440798,null
0.00368345,null,null,null,0.000472564
0.965294,0.00268979,null,null,null
0.150516,null,-0.0126112,null,null
-0.274324,null,null,-0.502639,null
0.00212408,null,null,null,-0.00713571
0.965294,0.00268979,null,null,null
0.150516,null,-0.0126112,null,null
-0.274324,null,null,-0.502639,null
0.00212408,null,null,null,-0.00713571
0.96206,0.00768009,null,null,null
0.233876,null,0.150278,null,null
-0.203085,null,null,-0.404031,null
-0.00288323,null,null,null,-0.0120935
0.963731,0.00619189,null,null,null
0.297956,null,0.15691,null,null
-0.158546,null,null,-0.337491,null
-0.008801,null,null,null,0.00228568
0.95981,0.00528557,null,null,null
0.263213,null,0.188011,null,null
-0.166864,null,null,-0.270714,null
-0.00326718,null,null,null,-0.00361458
0.95981,0.00528557,null,null,null
0.263213,null,0.188011,null,null
-0.166864,null,null,-0.270714,null
-0.00326718,null,null,null,-0.00361458
0.952969,0.00531229,null,null,null
0.176184,null,0.234893,null,null
-0.22581,null,null,-0.291347,null
0.00545617,null,null,null,-0.00168879
0.954591,0.00202105,null,null,null
0.164234,null,0.158332,null,null
-0.191752,null,null,-0.345315,null
0.00984655,null,null,null,0.0040487
0.957547,0.00099076,null,null,null
0.196655,null,0.225595,null,null
-0.143684,null,null,-0.232631,null
0.00593129,null,null,null,0.0130289
0.960129,0.00529776,null,null,null
0.17458,null,0.13686,null,null
-0.169917,null,null,-0.199995,null
0.00659174,null,null,null,-0.00129109
0.960829,0.0055349,null,null,null
0.212589,null,0.155479,null,null
-0.162759,null,null,-0.253515,null
-0.000626953,null,null,null,-0.0037039
0.963782,0.0048086,null,null,null
0.157971,null,0.149528,null,null
-0.233072,null,null,-0.225745,null
-0.00237548,null,null,null,-0.00702036
0.963782,0.0048086,null,null,null
0.157971,null,0.149528,null,null
-0.233072,null,null,-0.225745,null
-0.00237548,null,null,null,-0.00702036
0.963718,0.00655205,null,null,null
0.18746,null,-0.0397733,null,null
-0.315359,null,null,-0.258504,null
-0.00632285,null,null,null,-0.00142803
0.964086,0.00941076,null,null,null
0.179254,null,0.12193,null,null
-0.343141,null,null,-0.281382,null
-0.00159066,null,null,null,-0.00550361
0.970605,0.0142964,null,null,null
0.203786,null,0.138105,null,null
-0.403589,null,null,-0.235155,null
0.00128967,null,null,null,0.00178751
0.967729,0.0156258,null,null,null
0.209334,null,0.200989,null,null
-0.329317,null,null,-0.219205,null
0.00531516,null,null,null,-0.00151489
0.967729,0.0156258,null,null,null
0.209334,null,0.200989,null,null
-0.329317,null,null,-0.219205,null
0.00531516,null,null,null,-0.00151489
0.96962,0.015142,null,null,null
0.267827,null,0.164014,null,null
-0.243584,null,null,-0.265917,null
0.0017627,null,null,null,0.0077932
0.96962,0.015142,null,null,null
0.267827,null,0.164014,null,null
-0.243584,null,null,-0.265917,null
0.0017627,null,null,null,0.0077932
0.96962,0.015142,null,null,null
0.267827,null,0.164014,null,null
-0.243584,null,null,-0.265917,null
0.0017627,null,null,null,0.0077932
0.968394,0.0162185,null,null,null
0.102799,null,0.100411,null,null
-0.214171,null,null,-0.304569,null
0.00572282,null,null,null,0.00137584
0.964329,0.0135362,null,null,null
0.181523,null,0.241159,null,null
-0.24375,null,null,-0.272695,null
0.0102246,null,null,null,0.00716917
0.966365,0.0131503,null,null,null
0.226346,null,0.115845,null,null
-0.31298,null,null,-0.243257,null
0.00344028,null,null,null,0.0031885
0.965816,0.016448,null,null,null
0.212299,null,0.242005,null,null
-0.344799,null,null,-0.25918,null
0.00639023,null,null,null,0.00363032
0.965816,0.016448,null,null,null
0.212299,null,0.242005,null,null
-0.344799,null,null,-0.25918,null
0.00639023,null,null,null,0.00363032
0.958943,0.0146073,null,null,null
0.29352,null,0.267742,null,null
-0.33353,null,null,-0.27921,null
0.00839895,null,null,null,0.000443337
0.958943,0.0146073,null,null,null
0.29352,null,0.267742,null,null
-0.33353,null,null,-0.27921,null
0.00839895,null,null,null,0.000443337
0.958943,0.0146073,null,null,null
0.29352,null,0.267742,null,null
-0.33353,null,null,-0.27921,null
0.00839895,null,null,null,0.000443337
0.96085,0.0144334,null,null,null
0.290005,null,0.0880744,null,null
-0.255617,null,null,-0.153949,null
0.00266764,null,null,null,-0.0103953
0.959612,0.0109578,null,null,null
0.167201,null,0.194534,null,null
-0.240989,null,null,-0.205937,null
-0.0105294,null,null,null,-0.00656781
0.959612,0.0109578,null,null,null
0.167201,null,0.194534,null,null
-0.240989,null,null,-0.205937,null
-0.0105294,null,null,null,-0.00656781
0.959612,0.0109578,null,null,null
0.167201,null,0.194534,null,null
-0.240989,null,null,-0.205937,null
-0.0105294,null,null,null,-0.00656781
0.959612,0.0109578,null,null,null
0.167201,null,0.194534,null,null
-0.240989,null,null,-0.205937,null
-0.0105294,null,null,null,-0.00656781
0.959716,0.00613914,null,null,null
0.136506,null,0.214634,null,null
-0.290809,null,null,-0.191007,null
0.00306054,null,null,null,0.0033318
0.954618,0.0116075,null,null,null
0.167065,null,0.196997,null,null
-0.20965,null,null,-0.259639,null
0.00432319,null,null,null,-0.00227116
0.954618,0.0116075,null,null,null
0.167065,null,0.196997,null,null
-0.20965,null,null,-0.259639,null
0.00432319,null,null,null,-0.00227116
0.954618,0.0116075,null,null,null
0.167065,null,0.196997,null,null
-0.20965,null,null,-0.259639,null
0.00432319,null,null,null,-0.00227116
0.954618,0.0116075,null,null,null
0.167065,null,0.196997,null,null
-0.20965,null,null,-0.259639,null
0.00432319,null,null,null,-0.00227116
0.962618,0.0119303,null,null,null
0.14998,null,0.235723,null,null
-0.268236,null,null,-0.331195,null
-0.00647777,null,null,null,-0.000508126
0.964479,0.00747374,null,null,null
0.0128387,null,0.119496,null,null
-0.369194,null,null,-0.252911,null
-0.00497041,null,null,null,0.0038821
0.966539,0.0031327,null,null,null
0.19524,null,0.259097,null,null
-0.30248,null,null,-0.358469,null
0.00253073,null,null,null,0.00915715
0.97032,0.00592606,null,null,null
0.183375,null,0.164454,null,null
-0.340863,null,null,-0.20363,null
0.00198652,null,null,null,-0.000549425
0.966191,0.00860609,null,null,null
0.173479,null,0.177181,null,null
-0.420354,null,null,-0.350615,null
-0.00937727,null,null,null,0.000584275
0.964087,0.0108208,null,null,null
0.149365,null,0.161869,null,null
-0.354736,null,null,-0.269201,null
-0.00203658,null,null,null,0.00486221
0.965025,0.00771395,null,null,null
0.118418,null,0.238896,null,null
-0.35597,null,null,-0.282616,null
-0.0113796,null,null,null,0.004517
0.961512,0.00850134,null,null,null
0.176033,null,0.225504,null,null
-0.377546,null,null,-0.366912,null
-0.00323354,null,null,null,0.0106514
0.961512,0.00850134,null,null,null
0.176033,null,0.225504,null,null
-0.377546,null,null,-0.366912,null
-0.00323354,null,null,null,0.0106514
0.961644,0.00675949,null,null,null
0.22404,null,0.268778,null,null
-0.371521,null,null,-0.270656,null
-0.0107169,null,null,null,0.014307
0.958166,0.00831041,null,null,null
0.142437,null,0.250745,null,null
-0.350349,null,null,-0.306262,null
-0.00032878,null,null,null,-0.00128428
0.958166,0.00831041,null,null,null
0.142437,null,0.250745,null,null
-0.350349,null,null,-0.306262,null
-0.00032878,null,null,null,-0.00128428
0.958355,0.00748746,null,null,null
0.206729,null,0.330011,null,null
-0.35472,null,null,-0.170474,null
-0.00744081,null,null,null,-0.000474892
0.962372,0.00878733,null,null,null
0.191355,null,0.337191,null,null
-0.299075,null,null,-0.213066,null
0.00692569,null,null,null,0.0044899
0.962372,0.00878733,null,null,null
0.191355,null,0.337191,null,null
-0.299075,null,null,-0.213066,null
0.00692569,null,null,null,0.0044899
0.960619,0.0132461,null,null,null
0.203918,null,0.395729,null,null
-0.373306,null,null,-0.28689,null
0.00121576,null,null,null,-5.28135e-05
0.963226,0.0135545,null,null,null
0.161821,null,0.387024,null,null
-0.288521,null,null,-0.228094,null
-0.0043193,null,null,null,0.00207547
0.965431,0.0139688,null,null,null
0.158812,null,0.26143,null,null
-0.368242,null,null,-0.252555,null
-0.000735547,null,null,null,-0.00346058
0.970504,0.013071,null,null,null
0.0854269,null,0.210249,null,null
-0.452448,null,null,-0.263018,null
0.00276243,null,null,null,-0.0076012
0.970504,0.013071,null,null,null
0.0854269,null,0.210249,null,null
-0.452448,null,null,-0.263018,null
0.00276243,null,null,null,-0.0076012
0.969257,0.0118525,null,null,null
0.0465788,null,0.232011,null,null
-0.46656,null,null,-0.216991,null
0.00106567,null,null,null,0.00261134
0.969912,0.0101013,null,null,null
0.0344971,null,0.215754,null,null
-0.439749,null,null,-0.14444,null
3.52319e-05,null,null,null,-0.00100651
0.973861,0.00374314,null,null,null
-0.0523976,null,0.295376,null,null
-0.5073,null,null,-0.0658596,null
-0.00402784,null,null,null,-0.000195528
0.973861,0.00374314,null,null,null
-0.0523976,null,0.295376,null,null
-0.5073,null,null,-0.0658596,null
-0.00402784,null,null,null,-0.000195528
0.973861,0.00374314,null,null,null
-0.0523976,null,0.295376,null,null
-0.5073,null,null,-0.0658596,null
-0.00402784,null,null,null,-0.000195528
0.97174,-0.000991256,null,null,null
-0.0311866,null,0.447591,null,null
-0.496096,null,null,-0.16997,null
0.00846578,null,null,null,-0.000490795
0.963222,-0.00397579,null,null,null
0.131637,null,0.372496,null,null
-0.476002,null,null,-0.22176,null
0.00133252,null,null,null,-0.00166904
0.958958,-0.00503635,null,null,null
0.091792,null,0.374114,null,null
-0.612074,null,null,-0.259842,null
0.00432259,null,null,null,-0.00322581
0.958958,-0.00503635,null,null,null
0.091792,null,0.374114,null,null
-0.612074,null,null,-0.259842,null
0.00432259,null,null,null,-0.00322581
0.958958,-0.00503635,null,null,null
0.091792,null,0.374114,null,null
-0.612074,null,null,-0.259842,null
0.00432259,null,null,null,-0.00322581
0.958066,-0.00699384,null,null,null
0.0434776,null,0.264385,null,null
-0.52803,null,null,-0.309724,null
0.00460274,null,null,null,-0.0036289
0.953711,-0.00561956,null,null,null
0.15211,null,0.297463,null,null
-0.4359,null,null,-0.366061,null
-0.00175769,null,null,null,0.000944464
0.953711,-0.00561956,null,null,null
0.15211,null,0.297463,null,null
-0.4359,null,null,-0.366061,null
-0.00175769,null,null,null,0.000944463
0.95655,-0.00857794,null,null,null
0.213567,null,0.32914,null,null
-0.362932,null,null,-0.23264,null
-0.0108544,null,null,null,0.000696866
0.95377,-0.00999108,null,null,null
0.178406,null,0.342465,null,null
-0.435855,null,null,-0.24292,null
-0.00187673,null,null,null,0.00490959
0.953381,-0.00818192,null,null,null
0.186169,null,0.386079,null,null
-0.392706,null,null,-0.236524,null
-0.00440706,null,null,null,0.00888316
0.95496,-0.00176907,null,null,null
0.271139,null,0.304191,null,null
-0.381242,null,null,-0.266521,null
0.00622709,null,null,null,0.00535687
0.95496,-0.00176907,null,null,null
0.271139,null,0.304191,null,null
-0.381242,null,null,-0.266521,null
0.00622709,null,null,null,0.00535687
0.95496,-0.00176907,null,null,null
0.271139,null,0.304191,null,null
-0.381242,null,null,-0.266521,null
0.00622709,null,null,null,0.00535687
0.959001,-0.00471114,null,null,null
0.185416,null,0.378525,null,null
-0.380964,null,null,-0.204994,null
-0.00411366,null,null,null,-0.00261583
0.955011,-0.00495195,null,null,null
0.153542,null,0.35183,null,null
-0.347589,null,null,-0.289855,null
-0.00569555,null,null,null,-0.00303485
0.955902,-0.00743249,null,null,null
0.136711,null,0.376433,null,null
-0.392549,null,null,-0.231074,null
-0.0119924,null,null,null,-0.00766679
0.96038,-0.007671,null,null,null
0.130064,null,0.325475,null,null
-0.275077,null,null,-0.207851,null
0.0038689,null,null,null,0.00574176
0.962427,-0.00481154,null,null,null
0.0861659,null,0.35715,null,null
-0.334798,null,null,-0.269952,null
0.00537146,null,null,null,-0.000545733
0.962427,-0.00481154,null,null,null
0.0861659,null,0.35715,null,null
-0.334798,null,null,-0.269952,null
0.00537146,null,null,null,-0.000545733
0.962427,-0.00481154,null,null,null
0.0861659,null,0.35715,null,null
-0.334798,null,null,-0.269952,null
0.00537146,null,null,null,-0.000545733
0.96316,-0.00573631,null,null,null
0.0373224,null,0.315084,null,null
-0.294712,null,null,-0.273399,null
-0.00286837,null,null,null,0.000327966
0.963454,-0.00372159,null,null,null
-0.000451964,null,0.28554,null,null
-0.28484,null,null,-0.264049,null
-0.000499154,null,null,null,-0.00604827
0.962744,-0.00461914,null,null,null
0.137247,null,0.357436,null,null
-0.225456,null,null,-0.260021,null
-0.00773382,null,null,null,0.00374437
0.966873,-0.00497347,null,null,null
0.176267,null,0.350454,null,null
-0.336429,null,null,-0.253021,null
-0.00756141,null,null,null,-0.0120855
0.966174,-0.00371365,null,null,null
0.101416,null,0.272824,null,null
-0.271526,null,null,-0.233079,null
-0.00387196,null,null,null,-0.00605261
0.970574,-0.00379981,null,null,null
0.076172,null,0.257021,null,null
-0.304148,null,null,-0.2651,null
0.0122228,null,null,null,-0.00318191
0.971189,-0.0061624,null,null,null
0.161594,null,0.279566,null,null
-0.321959,null,null,-0.232684,null
0.00173556,null,null,null,0.00234491
0.972235,-0.00609455,null,null,null
0.12557,null,0.217929,null,null
-0.275091,null,null,-0.220124,null
0.00348361,null,null,null,0.00125601
0.972235,-0.00609455,null,null,null
0.12557,null,0.217929,null,null
-0.275091,null,null,-0.220124,null
0.00348361,null,null,null,0.00125601
0.972565,-0.0125393,null,null,null
0.0774135,null,0.345546,null,null
-0.275344,null,null,-0.278548,null
-0.00268062,null,null,null,-0.00470103
0.971354,-0.0171479,null,null,null
0.106233,null,0.316664,null,null
-0.165357,null,null,-0.202497,null
0.00272869,null,null,null,0.00557662
0.96747,-0.0204885,null,null,null
0.0460148,null,0.269195,null,null
-0.197711,null,null,-0.28195,null
0.000595799,null,null,null,0.00297711
0.96248,-0.0199215,null,null,null
0.0752829,null,0.289349,null,null
-0.220226,null,null,-0.280025,null
-0.00534224,null,null,null,0.00432162
0.966484,-0.0173281,null,null,null
0.142504,null,0.269915,null,null
-0.247079,null,null,-0.409519,null
0.00868306,null,null,null,0.00438867
0.966484,-0.0173281,null,null,null
0.142504,null,0.269915,null,null
-0.247079,null,null,-0.409519,null
0.00868306,null,null,null,0.00438867
0.967596,-0.0199841,null,null,null
0.0843147,null,0.287946,null,null
-0.164224,null,null,-0.364399,null
0.00739766,null,null,null,0.00610504
0.96714,-0.0175206,null,null,null
0.128855,null,0.306777,null,null
-0.156163,null,null,-0.42943,null
-0.000339349,null,null,null,-0.000885548
0.96714,-0.0175206,null,null,null
0.128855,null,0.306777,null,null
-0.156163,null,null,-0.42943,null
-0.000339349,null,null,null,-0.000885548
0.967481,-0.0171721,null,null,null
0.194763,null,0.275359,null,null
-0.101017,null,null,-0.480325,null
0.00748719,null,null,null,0.00375929
0.967481,-0.0171721,null,null,null
0.194763,null,0.275359,null,null
-0.101017,null,null,-0.480325,null
0.00748719,null,null,null,0.00375929
0.966165,-0.0155842,null,null,null
0.215649,null,0.262773,null,null
-0.00120157,null,null,-0.43388,null
0.00175497,null,null,null,-2.65033e-05
0.966165,-0.0155842,null,null,null
0.215649,null,0.262773,null,null
-0.00120157,null,null,-0.43388,null
0.00175497,null,null,null,-2.65033e-05
0.964943,-0.0160069,null,null,null
0.243844,null,0.158021,null,null
-0.136024,null,null,-0.442206,null
0.00799872,null,null,null,-0.00450786
0.964943,-0.0160069,null,null,null
0.243844,null,0.158021,null,null
-0.136024,null,null,-0.442206,null
0.00799872,null,null,null,-0.00450786
0.964943,-0.0160069,null,null,null
0.243844,null,0.158021,null,null
-0.136024,null,null,-0.442206,null
0.00799872,null,null,null,-0.00450786
0.964943,-0.0160069,null,null,null
0.243844,null,0.158021,null,null
-0.136024,null,null,-0.442206,null
0.00799872,null,null,null,-0.00450786
0.964943,-0.0160069,null,null,null
0.243844,null,0.158021,null,null
-0.136024,null,null,-0.442206,null
0.00799872,null,null,null,-0.00450786
0.967812,-0.0147135,null,null,null
0.215732,null,0.197449,null,null
-0.125837,null,null,-0.427246,null
0.00864486,null,null,null,-0.000158449
0.96423,-0.015882,null,null,null
0.368666,null,0.0993756,null,null
-0.133628,null,null,-0.421065,null
0.00610219,null,null,null,-0.000803877
0.96447,-0.0114241,null,null,null
0.344949,null,0.093349,null,null
-0.104231,null,null,-0.4912,null
8.71315e-05,null,null,null,-0.00242574
0.960274,-0.00970209,null,null,null
0.31182,null,0.142655,null,null
-0.198911,null,null,-0.530809,null
0.000461615,null,null,null,-0.000689205
0.959419,-0.00717581,null,null,null
0.327644,null,0.229132,null,null
-0.0810834,null,null,-0.485815,null
0.00367671,null,null,null,-0.00157714
0.956909,-0.0132663,null,null,null
0.20957,null,0.161362,null,null
-0.0476102,null,null,-0.42658,null
0.00355465,null,null,null,-0.00286009
0.959492,-0.0189365,null,null,null
0.166556,null,0.165832,null,null
0.0241094,null,null,-0.498109,null
0.00600929,null,null,null,-0.000534422
0.959492,-0.0189365,null,null,null
0.166556,null,0.165832,null,null
0.0241094,null,null,-0.498109,null
0.00600929,null,null,null,-0.000534422
0.958421,-0.0154737,null,null,null
0.159369,null,0.270296,null,null
-0.0114556,null,null,-0.593089,null
0.00861426,null,null,null,-0.00411161
0.958421,-0.0154737,null,null,null
0.159369,null,0.270296,null,null
-0.0114556,null,null,-0.593089,null
0.00861426,null,null,null,-0.00411161
0.958421,-0.0154737,null,null,null
0.159369,null,0.270296,null,null
-0.0114556,null,null,-0.593089,null
0.00861426,null,null,null,-0.00411161
0.963324,-0.0132769,null,null,null
0.0907611,null,0.218355,null,null
0.047713,null,null,-0.590885,null
0.00658714,null,null,null,0.00409766
0.966633,-0.0140769,null,null,null
0.107411,null,0.227709,null,null
0.081326,null,null,-0.658839,null
0.00530844,null,null,null,0.00143297
0.966633,-0.0140769,null,null,null
0.107411,null,0.227709,null,null
0.081326,null,null,-0.658839,null
0.00530844,null,null,null,0.00143297
0.966134,-0.01181,null,null,null
0.185532,null,0.278765,null,null
0.0895574,null,null,-0.543772,null
-0.00336941,null,null,null,-0.00322714
0.966134,-0.01181,null,null,null
0.185532,null,0.278765,null,null
0.0895574,null,null,-0.543772,null
-0.00336941,null,null,null,-0.00322714
0.966134,-0.01181,null,null,null
0.185532,null,0.278765,null,null
0.0895574,null,null,-0.543772,null
-0.00336941,null,null,null,-0.00322714
0.958912,-0.0100878,null,null,null
0.254645,null,0.241118,null,null
0.0046574,null,null,-0.427551,null
-0.00472329,null,null,null,0.00270905
0.958912,-0.0100878,null,null,null
0.254645,null,0.241118,null,null
0.0046574,null,null,-0.427551,null
-0.00472329,null,null,null,0.00270905
0.958912,-0.0100878,null,null,null
0.254645,null,0.241118,null,null
0.0046574,null,null,-0.427551,null
-0.00472329,null,null,null,0.00270905
0.958912,-0.0100878,null,null,null
0.254645,null,0.241118,null,null
0.0046574,null,null,-0.427551,null
-0.00472329,null,null,null,0.00270905
0.960893,-0.00814473,null,null,null
0.231671,null,0.257151,null,null
-0.00909925,null,null,-0.489864,null
-0.00715878,null,null,null,-0.00676407
0.960901,-0.01013,null,null,null
0.270949,null,0.220952,null,null
0.0419831,null,null,-0.581396,null
0.000274351,null,null,null,-0.00821105
0.961815,-0.0136685,null,null,null
0.200196,null,0.267889,null,null
-0.112473,null,null,-0.4825,null
-0.00807485,null,null,null,0.00518124
0.963529,-0.00911311,null,null,null
0.214314,null,0.261531,null,null
-0.1526,null,null,-0.584566,null
0.000354056,null,null,null,0.0012552
0.963838,-0.0097592,null,null,null
0.238075,null,0.212541,null,null
-0.0745364,null,null,-0.57743,null
-0.00459509,null,null,null,0.00307659
0.963838,-0.0097592,null,null,null
0.238075,null,0.212541,null,null
-0.0745364,null,null,-0.57743,null
-0.00459509,null,null,null,0.00307659
0.963701,-0.0073219,null,null,null
0.137685,null,0.148979,null,null
-0.0742931,null,null,-0.631607,null
-0.00454911,null,null,null,0.000854949
0.967594,-0.0104236,null,null,null
0.129761,null,0.118893,null,null
-0.158206,null,null,-0.474665,null
-0.00533979,null,null,null,-0.00362866
0.967594,-0.0104236,null,null,null
0.129761,null,0.118893,null,null
-0.158206,null,null,-0.474665,null
-0.00533979,null,null,null,-0.00362866
0.966981,-0.00970034,null,null,null
0.150356,null,0.111135,null,null
-0.128429,null,null,-0.443935,null
0.000922747,null,null,null,-0.00189845
0.967234,-0.0082949,null,null,null
0.048537,null,0.117736,null,null
-0.0492114,null,null,-0.388172,null
0.0058293,null,null,null,0.00265043
0.967234,-0.0082949,null,null,null
0.048537,null,0.117736,null,null
-0.0492114,null,null,-0.388172,null
0.0058293,null,null,null,0.00265043
0.96769,-0.0086731,null,null,null
0.123482,null,0.178791,null,null
-0.0536766,null,null,-0.445485,null
-0.000940589,null,null,null,0.00505166
0.96769,-0.0086731,null,null,null
0.123482,null,0.178791,null,null
-0.0536766,null,null,-0.445485,null
-0.000940589,null,null,null,0.00505166
0.969954,-0.00686631,null,null,null
0.142221,null,0.0998665,null,null
-0.00534966,null,null,-0.428337,null
0.00832506,null,null,null,-0.0022556
0.97089,-0.00550705,null,null,null
0.235495,null,0.124957,null,null
-0.0241285,null,null,-0.483044,null
-0.0046934,null,null,null,-0.00599705
0.970854,-0.00725039,null,null,null
0.275566,null,0.0845367,null,null
-0.0263431,null,null,-0.518301,null
0.00120326,null,null,null,-0.00157489
0.967835,-0.00829405,null,null,null
0.290055,null,0.111606,null,null
-0.0237168,null,null,-0.469685,null
-0.00321478,null,null,null,-0.00019442
0.968276,-0.00825821,null,null,null
0.204618,null,0.158331,null,null
-0.0316702,null,null,-0.410774,null
-0.00079042,null,null,null,0.00452296
0.968276,-0.00825821,null,null,null
0.204618,null,0.158331,null,null
-0.0316702,null,null,-0.410774,null
-0.00079042,null,null,null,0.00452296
0.968276,-0.00825821,null,null,null
0.204618,null,0.158331,null,null
-0.0316702,null,null,-0.410774,null
-0.00079042,null,null,null,0.00452296
0.965831,-0.0050363,null,null,null
0.20898,null,0.0515687,null,null
-0.0276676,null,null,-0.408984,null
0.00281516,null,null,null,-0.00396314
0.966122,-0.0116632,null,null,null
0.342311,null,0.0879777,null,null
0.0202543,null,null,-0.308606,null
0.00282304,null,null,null,-0.0051519
0.963565,-0.0087363,null,null,null
0.291221,null,0.0655755,null,null
0.0678086,null,null,-0.301067,null
-0.00506682,null,null,null,-0.00340997
0.96726,-0.0069263,null,null,null
0.281234,null,0.147163,null,null
0.0328956,null,null,-0.342061,null
0.00116814,null,null,null,-0.00681115
0.961641,-0.0154406,null,null,null
0.356006,null,0.0916798,null,null
0.0740384,null,null,-0.390199,null
-0.00409265,null,null,null,-0.00543472
0.957374,-0.015821,null,null,null
0.395531,null,0.0690885,null,null
0.0456047,null,null,-0.335097,null
-0.00687871,null,null,null,-0.00621815
0.957374,-0.015821,null,null,null
0.395531,null,0.0690885,null,null
0.0456047,null,null,-0.335097,null
-0.00687871,null,null,null,-0.00621815
0.957374,-0.015821,null,null,null
0.395531,null,0.0690885,null,null
0.0456047,null,null,-0.335097,null
-0.00687871,null,null,null,-0.00621815
0.959059,-0.0130404,null,null,null
0.401838,null,0.0457949,null,null
0.0406824,null,null,-0.397954,null
-0.0045973,null,null,null,0.000437196
0.958706,-0.0122874,null,null,null
0.388883,null,0.182795,null,null
0.0481678,null,null,-0.408475,null
-0.000446546,null,null,null,-0.0059789
0.958706,-0.0122874,null,null,null
0.388883,null,0.182795,null,null
0.0481678,null,null,-0.408475,null
-0.000446546,null,null,null,-0.0059789
0.958706,-0.0122874,null,null,null
0.388883,null,0.182795,null,null
0.0481678,null,null,-0.408475,null
-0.000446546,null,null,null,-0.0059789
0.96083,-0.010429,null,null,null
0.457738,null,0.258004,null,null
0.0125524,null,null,-0.355079,null
-0.00321643,null,null,null,-0.00413106
0.958499,-0.00441173,null,null,null
0.410426,null,0.225274,null,null
0.056948,null,null,-0.367048,null
-0.00432683,null,null,null,0.000803189
0.963117,-0.00403626,null,null,null
0.501065,null,0.244371,null,null
0.0677259,null,null,-0.391661,null
-0.00171021,null,null,null,-0.00377691
0.963117,-0.00403626,null,null,null
0.501065,null,0.244371,null,null
0.0677259,null,null,-0.391661,null
-0.00171021,null,null,null,-0.00377691
0.960569,-0.00708181,null,null,null
0.471562,null,0.122804,null,null
0.124701,null,null,-0.373341,null
0.0104444,null,null,null,-0.00547825
0.963429,-0.00237754,null,null,null
0.474455,null,0.188471,null,null
0.128596,null,null,-0.392446,null
-0.00163317,null,null,null,0.000130766
0.965826,-0.00752956,null,null,null
0.534606,null,0.322156,null,null
0.116169,null,null,-0.40037,null
0.0093948,null,null,null,0.0012029
0.967119,-0.00811316,null,null,null
0.500335,null,0.195395,null,null
0.0845204,null,null,-0.372951,null
0.000279579,null,null,null,0.00737234
0.963796,-0.00283805,null,null,null
0.557401,null,0.25827,null,null
0.0839618,null,null,-0.43313,null
0.00378786,null,null,null,0.00418534
0.96432,0.00119614,null,null,null
0.483146,null,0.266295,null,null
0.137885,null,null,-0.454757,null
0.000406394,null,null,null,0.00060918
0.964045,0.00152612,null,null,null
0.401772,null,0.302014,null,null
0.280002,null,null,-0.44304,null
0.00238617,null,null,null,-0.00722802
0.964045,0.00152612,null,null,null
0.401772,null,0.302014,null,null
0.280002,null,null,-0.44304,null
0.00238617,null,null,null,-0.00722802
0.964045,0.00152612,null,null,null
0.401772,null,0.302014,null,null
0.280002,null,null,-0.44304,null
0.00238617,null,null,null,-0.00722802
0.96731,0.00140396,null,null,null
0.314244,null,0.253826,null,null
0.223664,null,null,-0.41306,null
-0.00326802,null,null,null,0.000748335
0.967692,-0.0026143,null,null,null
0.34457,null,0.204824,null,null
0.212889,null,null,-0.335442,null
0.00407315,null,null,null,0.0025174
0.965962,-0.000131169,null,null,null
0.319716,null,0.124949,null,null
0.200233,null,null,-0.371733,null
-0.00307053,null,null,null,-0.00116489
0.967389,0.00433703,null,null,null
0.342754,null,0.138321,null,null
0.201041,null,null,-0.340439,null
-0.0040666,null,null,null,0.00490747
0.967389,0.00433703,null,null,null
0.342754,null,0.138321,null,null
0.201041,null,null,-0.340439,null
-0.0040666,null,null,null,0.00490747
0.967389,0.00433703,null,null,null
0.342754,null,0.138321,null,null
0.201041,null,null,-0.340439,null
-0.0040666,null,null,null,0.00490747
0.967389,0.00433703,null,null,null
0.342754,null,0.138321,null,null
0.201041,null,null,-0.340439,null
-0.0040666,null,null,null,0.00490747
0.968742,0.00421566,null,null,null
0.473363,null,0.0953739,null,null
0.23071,null,null,-0.306181,null
-0.0103845,null,null,null,0.00368196
0.971036,-0.00120731,null,null,null
0.491074,null,0.0325006,null,null
0.310379,null,null,-0.40925,null
-0.00153302,null,null,null,-0.0060337
0.971036,-0.00120731,null,null,null
0.491074,null,0.0325006,null,null
0.310379,null,null,-0.40925,null
-0.00153302,null,null,null,-0.0060337
0.965044,0.004343,null,null,null
0.552268,null,0.0065384,null,null
0.23855,null,null,-0.455354,null
-0.00420202,null,null,null,0.00201855
0.962808,0.00561088,null,null,null
0.67687,null,0.021273,null,null
0.206991,null,null,-0.498298,null
-0.00466165,null,null,null,-0.00281227
0.960181,0.00637534,null,null,null
0.647733,null,0.13603,null,null
0.324805,null,null,-0.548571,null
-0.0120901,null,null,null,-0.00282417
0.962653,0.00723535,null,null,null
0.608934,null,0.212646,null,null
0.173865,null,null,-0.529813,null
4.72026e-05,null,null,null,0.00361101
0.964134,0.00944136,null,null,null
0.621461,null,0.0855935,null,null
0.23115,null,null,-0.531276,null
-0.00178276,null,null,null,-0.00976985
0.963533,0.00984615,null,null,null
0.631302,null,-0.0162361,null,null
0.199109,null,null,-0.523959,null
0.00921646,null,null,null,0.000297511
0.958357,0.0115984,null,null,null
0.597979,null,0.0985435,null,null
0.198013,null,null,-0.613985,null
0.000996303,null,null,null,-0.0045814
0.958379,0.0149656,null,null,null
0.464874,null,0.0199159,null,null
0.192581,null,null,-0.551365,null
0.00274479,null,null,null,0.00124905
0.956376,0.0116947,null,null,null
0.50771,null,0.0519694,null,null
0.119948,null,null,-0.471373,null
0.00408354,null,null,null,0.0031505
0.957936,0.0130175,null,null,null
0.543775,null,0.141528,null,null
0.149342,null,null,-0.495824,null
0.00388779,null,null,null,-0.00105009
0.957941,0.0139907,null,null,null
0.581793,null,0.159911,null,null
0.169549,null,null,-0.473324,null
0.000715775,null,null,null,0.00390589
0.959958,0.011824,null,null,null
0.563891,null,0.120761,null,null
0.114357,null,null,-0.45698,null
-0.00415623,null,null,null,0.00265435
0.965437,0.00704018,null,null,null
0.581519,null,0.135518,null,null
0.118071,null,null,-0.491989,null
-0.00253649,null,null,null,-0.000153251
0.966106,0.00506534,null,null,null
0.683538,null,0.227219,null,null
-0.00313071,null,null,-0.431695,null
-0.00461085,null,null,null,-0.00483619
0.961885,0.00348146,null,null,null
0.571784,null,0.125795,null,null
0.00954459,null,null,-0.400305,null
-0.00457991,null,null,null,-0.00438391
0.962404,0.00426051,null,null,null
0.728501,null,0.045797,null,null
-0.0280611,null,null,-0.44418,null
-0.00124498,null,null,null,0.000551034
0.962404,0.00426051,null,null,null
0.728501,null,0.045797,null,null
-0.0280611,null,null,-0.44418,null
-0.00124498,null,null,null,0.000551034
0.957211,-0.00385783,null,null,null
0.673719,null,0.131938,null,null
-0.117484,null,null,-0.453377,null
-0.00440104,null,null,null,-0.00911079
0.958944,-0.00277235,null,null,null
0.700017,null,0.214358,null,null
-0.129889,null,null,-0.577646,null
-0.000857176,null,null,null,0.00297456
0.958944,-0.00277235,null,null,null
0.700017,null,0.214358,null,null
-0.129889,null,null,-0.577646,null
-0.000857176,null,null,null,0.00297456
0.958944,-0.00277235,null,null,null
0.700017,null,0.214358,null,null
-0.129889,null,null,-0.577646,null
-0.000857176,null,null,null,0.00297456
0.961879,-0.00219696,null,null,null
0.741389,null,0.164302,null,null
-0.134297,null,null,-0.517582,null
-0.00690065,null,null,null,-0.00228463
0.961879,-0.00219696,null,null,null
0.741389,null,0.164302,null,null
-0.134297,null,null,-0.517582,null
-0.00690065,null,null,null,-0.00228463
0.961879,-0.00219696,null,null,null
0.741389,null,0.164302,null,null
-0.134297,null,null,-0.517582,null
-0.00690065,null,null,null,-0.00228463
0.961879,-0.00219696,null,null,null
0.741389,null,0.164302,null,null
-0.134297,null,null,-0.517582,null
-0.00690065,null,null,null,-0.00228463
0.961879,-0.00219696,null,null,null
0.741389,null,0.164302,null,null
-0.134297,null,null,-0.517582,null
-0.00690065,null,null,null,-0.00228463
0.961884,0.00135391,null,null,null
0.527209,null,0.196864,null,null
-0.0528557,null,null,-0.49705,null
-0.00623444,null,null,null,0.00390421
0.96109,0.000725859,null,null,null
0.625166,null,0.15647,null,null
-0.142166,null,null,-0.483866,null
0.00295729,null,null,null,0.00045617
0.962151,-0.0046595,null,null,null
0.571161,null,0.21368,null,null
-0.157999,null,null,-0.543246,null
-0.00786089,null,null,null,-0.00320267
0.963843,0.0026755,null,null,null
0.480926,null,0.267049,null,null
-0.128401,null,null,-0.502219,null
-0.00413001,null,null,null,0.002741
0.960511,0.00500342,null,null,null
0.477083,null,0.113771,null,null
-0.0336196,null,null,-0.483181,null
-0.00298401,null,null,null,0.00019283
0.959122,0.00186396,null,null,null
0.49934,null,0.0536097,null,null
-0.110754,null,null,-0.46802,null
-0.0041416,null,null,null,0.00914771
0.959122,0.00186396,null,null,null
0.49934,null,0.0536097,null,null
-0.110754,null,null,-0.46802,null
-0.0041416,null,null,null,0.00914771
0.962306,0.00549587,null,null,null
0.384571,null,0.182109,null,null
-0.0105709,null,null,-0.484675,null
-0.000583613,null,null,null,0.00277171
0.957211,0.0058628,null,null,null
0.501276,null,0.206217,null,null
-0.0770938,null,null,-0.546924,null
0.00241344,null,null,null,0.00349975
0.957211,0.0058628,null,null,null
0.501276,null,0.206217,null,null
-0.0770938,null,null,-0.546924,null
0.00241344,null,null,null,0.00349975
0.962431,0.00336859,null,null,null
0.420592,null,0.200525,null,null
-0.0492375,null,null,-0.485839,null
0.00224906,null,null,null,0.0102247
0.962431,0.00336859,null,null,null
0.420592,null,0.200525,null,null
-0.0492375,null,null,-0.485839,null
0.00224906,null,null,null,0.0102247
0.962431,0.00336859,null,null,null
0.420592,null,0.200525,null,null
-0.0492375,null,null,-0.485839,null
0.00224906,null,null,null,0.0102247
0.962897,-0.000702029,null,null,null
0.534315,null,0.132966,null,null
-0.00164423,null,null,-0.540564,null
-0.00105025,null,null,null,0.0130629
0.964019,0.000893478,null,null,null
0.458099,null,0.14444,null,null
0.0274327,null,null,-0.407577,null
-0.00181289,null,null,null,0.0106336
0.964019,0.000893478,null,null,null
0.458099,null,0.14444,null,null
0.0274327,null,null,-0.407577,null
-0.00181289,null,null,null,0.0106336
0.960429,0.00397738,null,null,null
0.38829,null,0.145927,null,null
-0.0547096,null,null,-0.543544,null
-0.00459677,null,null,null,0.00183132
0.960727,0.00824288,null,null,null
0.461332,null,0.239379,null,null
-0.0852771,null,null,-0.5244,null
-0.000639707,null,null,null,0.00150334
0.96306,0.011433,null,null,null
0.342024,null,0.232653,null,null
-0.0438497,null,null,-0.56376,null
0.00432912,null,null,null,-0.00453558
0.96218,0.0122414,null,null,null
0.310905,null,0.179886,null,null
-0.0202643,null,null,-0.515722,null
-0.00762807,null,null,null,-0.00198046
0.959627,0.00670327,null,null,null
0.347319,null,0.177815,null,null
-0.0926364,null,null,-0.624351,null
-0.0081454,null,null,null,-0.00195954
0.95912,0.00869379,null,null,null
0.297761,null,0.161743,null,null
-0.175843,null,null,-0.593472,null
-0.011853,null,null,null,-0.000640139
0.957669,0.0107844,null,null,null
0.296316,null,0.105918,null,null
-0.0857379,null,null,-0.613844,null
-0.00912644,null,null,null,-0.00236751
0.957708,0.0123855,null,null,null
0.359994,null,0.204724,null,null
-0.080086,null,null,-0.521057,null
-0.00148419,null,null,null,-0.00514804
0.956521,0.0135783,null,null,null
0.428258,null,0.318605,null,null
-0.108257,null,null,-0.570222,null
0.0009022,null,null,null,-0.00099057
0.956521,0.0135783,null,null,null
0.428258,null,0.318605,null,null
-0.108257,null,null,-0.570222,null
0.0009022,null,null,null,-0.00099057
0.952527,0.00788219,null,null,null
0.526151,null,0.189799,null,null
-0.00528521,null,null,-0.556655,null
0.0045214,null,null,null,-0.00137218
0.952908,0.00939937,null,null,null
0.44027,null,0.0829618,null,null
-0.0302736,null,null,-0.629785,null
0.00592177,null,null,null,-0.00220122
0.954315,0.00966087,null,null,null
0.458975,null,0.12162,null,null
-0.0260678,null,null,-0.580835,null
0.00458355,null,null,null,-0.0101055
0.954464,0.0122343,null,null,null
0.424516,null,0.122548,null,null
-0.0401451,null,null,-0.56313,null
-0.000339195,null,null,null,-0.000418261
0.954464,0.0122343,null,null,null
0.424516,null,0.122548,null,null
-0.0401451,null,null,-0.56313,null
-0.000339195,null,null,null,-0.000418261
0.954464,0.0122343,null,null,null
0.424516,null,0.122548,null,null
-0.0401451,null,null,-0.56313,null
-0.000339195,null,null,null,-0.000418261
0.954125,0.0082067,null,null,null
0.452093,null,0.121474,null,null
0.0190371,null,null,-0.540965,null
0.0123947,null,null,null,-0.00128894
0.956207,0.00986073,null,null,null
0.47768,null,0.0573696,null,null
-0.0231823,null,null,-0.413175,null
-0.00353818,null,null,null,0.00116591
0.956207,0.00986073,null,null,null
0.47768,null,0.0573696,null,null
-0.0231823,null,null,-0.413175,null
-0.00353818,null,null,null,0.00116591
0.962281,0.00535485,null,null,null
0.42292,null,0.174796,null,null
0.172508,null,null,-0.434331,null
-0.00191579,null,null,null,0.00380952
0.961241,0.00574765,null,null,null
0.515635,null,0.152585,null,null
0.0239769,null,null,-0.529115,null
0.0036909,null,null,null,0.00579515
0.96005,0.00387001,null,null,null
0.538092,null,0.109631,null,null
0.00376718,null,null,-0.540346,null
0.00272066,null,null,null,-0.00397435
0.962067,0.00111621,null,null,null
0.513664,null,0.145898,null,null
0.0352929,null,null,-0.5063,null
0.00430914,null,null,null,-0.00359698
0.965195,-8.59244e-05,null,null,null
0.445613,null,0.0705159,null,null
0.108514,null,null,-0.549906,null
-0.00336213,null,null,null,0.00132644
0.971847,0.000888435,null,null,null
0.342456,null,0.106303,null,null
0.0745762,null,null,-0.575353,null
-0.00435274,null,null,null,0.000422271
0.971847,0.000888435,null,null,null
0.342456,null,0.106303,null,null
0.0745762,null,null,-0.575353,null
-0.00435274,null,null,null,0.000422271
0.969351,-0.000372278,null,null,null
0.502692,null,0.0852424,null,null
0.0307086,null,null,-0.685134,null
0.000964494,null,null,null,-0.0010671
0.962841,0.00286189,null,null,null
0.495834,null,-0.008407,null,null
-0.0290314,null,null,-0.548614,null
-0.00236229,null,null,null,-0.000308722
0.962465,0.00169082,null,null,null
0.571589,null,0.0988098,null,null
-0.0420724,null,null,-0.520707,null
0.0055276,null,null,null,-0.00146619
0.964075,0.0034462,null,null,null
0.525992,null,0.164132,null,null
0.0213525,null,null,-0.58545,null
0.00280366,null,null,null,-0.00741175
0.967355,0.000534065,null,null,null
0.562784,null,0.154278,null,null
0.0421576,null,null,-0.622665,null
0.00578579,null,null,null,0.000428589
0.967562,0.00478078,null,null,null
0.496615,null,0.195506,null,null
0.0942169,null,null,-0.588376,null
0.00676589,null,null,null,-4.32835e-05
0.970518,0.00654035,null,null,null
0.388445,null,0.118635,null,null
0.172129,null,null,-0.518497,null
0.0021919,null,null,null,-0.0015844
0.968032,0.00220699,null,null,null
0.368085,null,0.0296308,null,null
0.106409,null,null,-0.489269,null
0.00718002,null,null,null,0.0103563
0.966534,-0.000472595,null,null,null
0.303322,null,0.0605905,null,null
0.162015,null,null,-0.532968,null
-0.0064403,null,null,null,0.00477936
0.966534,-0.000472595,null,null,null
0.303322,null,0.0605905,null,null
0.162015,null,null,-0.532968,null
-0.0064403,null,null,null,0.00477936
0.966466,-0.00175784,null,null,null
0.29099,null,0.107981,null,null
0.116487,null,null,-0.468747,null
-0.00511401,null,null,null,0.002083
0.966466,-0.00175784,null,null,null
0.29099,null,0.107981,null,null
0.116487,null,null,-0.468747,null
-0.00511401,null,null,null,0.002083
0.960645,-0.00160374,null,null,null
0.343911,null,0.13551,null,null
0.156596,null,null,-0.47403,null
0.00231451,null,null,null,0.00416979
0.96007,-1.96299e-05,null,null,null
0.299966,null,0.206943,null,null
0.09712,null,null,-0.516868,null
-0.00604079,null,null,null,0.006008
0.962356,-0.004321,null,null,null
0.259455,null,0.24213,null,null
0.193859,null,null,-0.568306,null
0.000751999,null,null,null,-0.0053351
0.960166,-0.00267759,null,null,null
0.269191,null,0.214261,null,null
0.0851844,null,null,-0.603478,null
0.0139015,null,null,null,-0.0056128
0.960834,-0.00396855,null,null,null
0.241709,null,0.187276,null,null
0.0218466,null,null,-0.565209,null
0.00833986,null,null,null,-0.00510257
0.960834,-0.00396855,null,null,null
0.241709,null,0.187276,null,null
0.0218466,null,null,-0.565209,null
0.00833986,null,null,null,-0.00510257
0.956605,-0.00315554,null,null,null
0.249705,null,0.207522,null,null
0.0137709,null,null,-0.592708,null
0.0030197,null,null,null,-0.00029852
0.959804,-0.00612444,null,null,null
0.358624,null,0.21654,null,null
0.0319297,null,null,-0.591418,null
0.00186139,null,null,null,0.00201982
0.962009,-0.00599141,null,null,null
0.320104,null,0.183199,null,null
0.153245,null,null,-0.558654,null
0.00586168,null,null,null,-0.0027295
0.961015,-0.00709106,null,null,null
0.297404,null,0.244976,null,null
0.269813,null,null,-0.396006,null
0.00439388,null,null,null,-0.00505504
0.959974,-0.00362004,null,null,null
0.285052,null,0.21442,null,null
0.346567,null,null,-0.428837,null
-0.000603346,null,null,null,0.00492647
0.959677,-0.00201599,null,null,null
0.273848,null,0.229125,null,null
0.269074,null,null,-0.38827,null
-0.0053708,null,null,null,-0.0016537
0.960404,0.00200633,null,null,null
0.300514,null,0.136807,null,null
0.261254,null,null,-0.287757,null
0.0115785,null,null,null,-0.00421122
0.960404,0.00200633,null,null,null
0.300514,null,0.136807,null,null
0.261254,null,null,-0.287757,null
0.0115785,null,null,null,-0.00421122
0.960404,0.00200633,null,null,null
0.300514,null,0.136807,null,null
0.261254,null,null,-0.287757,null
0.0115785,null,null,null,-0.00421122
0.960762,0.0013967,null,null,null
0.263121,null,0.180171,null,null
0.209849,null,null,-0.309904,null
-0.000400981,null,null,null,-0.00258285
0.960762,0.0013967,null,null,null
0.263121,null,0.180171,null,null
0.209849,null,null,-0.309904,null
-0.000400981,null,null,null,-0.00258285
0.960762,0.0013967,null,null,null
0.263121,null,0.180171,null,null
0.209849,null,null,-0.309904,null
-0.000400981,null,null,null,-0.00258285
0.960061,0.00313011,null,null,null
0.314491,null,0.191518,null,null
0.340384,null,null,-0.395894,null
-0.00227789,null,null,null,0.00759718
0.960395,0.000250295,null,null,null
0.309293,null,0.0643061,null,null
0.251852,null,null,-0.411982,null
-0.000952812,null,null,null,0.004767
0.960395,0.000250295,null,null,null
0.309293,null,0.0643061,null,null
0.251852,null,null,-0.411982,null
-0.000952812,null,null,null,0.004767
0.960269,-0.00148116,null,null,null
0.276933,null,-0.0127551,null,null
0.192678,null,null,-0.455321,null
0.00379624,null,null,null,-0.000715991
0.964485,0.00881566,null,null,null
0.27246,null,0.0372893,null,null
0.210528,null,null,-0.363592,null
0.00601789,null,null,null,0.0075967
0.965675,0.0125646,null,null,null
0.243965,null,0.041994,null,null
0.152161,null,null,-0.369127,null
0.00243003,null,null,null,0.000828135
0.965675,0.0125646,null,null,null
0.243965,null,0.041994,null,null
0.152161,null,null,-0.369127,null
0.00243003,null,null,null,0.000828135
0.965675,0.0125646,null,null,null
0.243965,null,0.041994,null,null
0.152161,null,null,-0.369127,null
0.00243003,null,null,null,0.000828135
0.968759,0.0124084,null,null,null
0.30912,null,0.111363,null,null
0.120946,null,null,-0.323384,null
0.00186439,null,null,null,0.00308394
0.966286,0.011906,null,null,null
0.27756,null,0.0920014,null,null
0.136217,null,null,-0.306689,null
0.00951023,null,null,null,0.00144329
0.966286,0.011906,null,null,null
0.27756,null,0.0920014,null,null
0.136217,null,null,-0.306689,null
0.00951023,null,null,null,0.00144329
0.971811,0.00968862,null,null,null
0.259046,null,0.089265,null,null
0.0981169,null,null,-0.313235,null
0.00573057,null,null,null,-0.00154311
0.96718,0.00884671,null,null,null
0.254014,null,0.104275,null,null
0.150689,null,null,-0.378921,null
-0.0100546,null,null,null,-0.00119635
0.970788,0.00567426,null,null,null
0.195568,null,0.0528514,null,null
0.209927,null,null,-0.332796,null
0.00632662,null,null,null,0.0082932
0.970496,0.0107125,null,null,null
0.292403,null,-0.0375262,null,null
0.136531,null,null,-0.417579,null
-0.00188745,null,null,null,0.0018385
0.972004,0.00721728,null,null,null
0.241008,null,-0.0380681,null,null
0.155688,null,null,-0.329294,null
0.00764716,null,null,null,0.00134574
0.970256,0.00720503,null,null,null
0.228802,null,0.0835272,null,null
0.10342,null,null,-0.369142,null
0.0086597,null,null,null,0.00306124
0.970256,0.00720503,null,null,null
0.228802,null,0.0835272,null,null
0.10342,null,null,-0.369142,null
0.0086597,null,null,null,0.00306124
0.970256,0.00720503,null,null,null
0.228802,null,0.0835272,null,null
0.10342,null,null,-0.369142,null
0.0086597,null,null,null,0.00306124
0.970256,0.00720503,null,null,null
0.228802,null,0.0835272,null,null
0.10342,null,null,-0.369142,null
0.0086597,null,null,null,0.00306124
0.96956,0.00869075,null,null,null
0.22616,null,0.0249636,null,null
0.0733299,null,null,-0.396892,null
0.00179701,null,null,null,-0.00159006
0.9671,0.0023783,null,null,null
0.21424,null,0.0245479,null,null
-0.0117473,null,null,-0.459555,null
0.0016877,null,null,null,-0.00196903
0.969521,0.00844077,null,null,null
0.157194,null,0.00940533,null,null
-0.00444808,null,null,-0.498219,null
0.00492659,null,null,null,0.00475696
0.968284,0.00616489,null,null,null
0.272545,null,0.0916516,null,null
-0.070436,null,null,-0.452912,null
0.0036717,null,null,null,-0.0054963
0.968109,0.00540707,null,null,null
0.221359,null,0.138967,null,null
-0.0035083,null,null,-0.44746,null
-0.000580141,null,null,null,0.000636652
