t,e^(-dS)
1,0.519858
2,1.03501
3,0.993717
4,1.0083
5,1.02948
6,0.99784
7,0.969291
8,1.03854
9,1.09503
10,1.0668
11,0.979111
12,1.0642
13,1.02448
14,0.997052
15,1.02377
16,0.969165
17,1.04112
18,0.99447
19,1.04114
20,0.998279
21,0.662656
22,0.607745
23,1.12558
24,2.01073
25,2.17124
26,0.318224
27,0.487239
28,0.397286
29,1.28814
30,0.658494
31,1.4515
32,0.997617
33,1.12547
34,2.82639
35,1.59201
36,1.03378
37,1.13406
38,0.442197
39,0.812938
40,0.790334
41,0.803161
42,1.09238
43,0.860708
44,1.07138
45,0.676448
46,4.2802
47,0.910711
48,1.28326
49,1.11751
50,2.35279
51,1.99731
52,1.15039
53,0.658099
54,2.6117
55,1.26998
56,2.37002
57,0.390159
58,0.539237
59,1.6913
60,0.324004
61,1.22238
62,0.303613
63,2.40873
64,0.71677
65,1.22986
66,0.657178
67,0.145148
68,1.50005
69,0.751037
70,0.512067
71,0.39562
72,0.402846
73,0.82638
74,3.00717
75,0.168807
76,1.48528
77,2.93292
78,1.14362
79,5.81244
80,0.923587
81,1.24471
82,0.408894
83,0.267403
84,1.21787
85,1.80597
86,1.06092
87,0.902488
88,2.16864
89,2.02709
90,0.682563
91,1.15235
92,0.457994
93,0.50753
94,2.66046
95,0.861483
96,0.675907
97,2.89504
98,1.60304
99,1.36111
100,0.976735
101,2.09992
102,0.965046
103,0.642685
104,0.956906
105,0.24099
106,0.618227
107,1.81448
108,0.402162
109,2.08444
110,1.24048
111,3.42123
112,0.0961352
113,0.124681
114,0.36799
115,0.725931
116,0.633307
117,1.63788
118,0.618722
119,0.544221
120,0.373738
121,0.711628
122,3.68032
123,0.902217
124,0.534139
125,0.623379
126,1.51725
127,0.698025
128,1.32764
129,0.283938
130,0.826959
131,2.17842
132,1.31877
133,0.814892
134,1.10065
135,0.837696
136,1.32247
137,1.1386
138,0.33088
139,0.258981
140,0.324652
141,0.271444
142,0.210346
143,0.295821
144,0.515612
145,0.249325
146,2.06081
147,0.67882
148,0.588075
149,1.35635
150,0.913721
151,3.51135
152,1.10467
153,1.21884
154,0.594996
155,1.5524
156,0.849336
157,3.22199
158,0.433354
159,0.197109
160,1.1623
161,0.423077
162,0.437797
163,0.950269
164,0.515355
165,2.9624
166,0.408036
167,0.123193
168,1.00684
169,0.777867
170,0.736681
171,0.671998
172,1.09115
173,2.28051
174,1.09726
175,0.734915
176,0.578452
177,0.908855
178,2.19372
179,0.737713
180,0.776157
181,1.00673
182,0.422021
183,5.7431
184,1.33123
185,1.16242
186,4.9234
187,0.518871
188,1.04652
189,1.35067
190,0.889407
191,0.678684
192,0.748413
193,1.82339
194,1.08858
195,3.56442
196,0.569954
197,2.18169
198,0.532752
199,1.95248
200,1.08603
201,1.21482
202,0.183232
203,1.64609
204,2.93292
205,0.530254
206,1.66596
207,0.645778
208,1.56878
209,0.968381
210,1.08713
211,3.12677
212,0.232469
213,0.14573
214,2.08319
215,0.692048
216,3.32344
217,0.564396
218,1.01252
219,0.59061
220,0.838534
221,0.35134
222,1.05498
223,0.160735
224,0.534994
225,0.321744
226,0.305135
227,1.40523
228,2.15674
229,0.406692
230,1.49377
231,1.14625
232,1.02308
233,0.881615
234,2.20141
235,0.283087
236,0.532698
237,0.598817
238,1.26579
239,1.23887
240,0.66731
241,0.635464
242,0.710632
243,0.227638
244,0.513195
245,0.51856
246,1.25095
247,1.19387
248,1.72047
249,0.972408
250,1.355
251,0.933411
252,0.898166
253,0.507327
254,0.478117
255,0.165299
256,1.49556
257,1.25583
258,2.78988
259,0.444858
260,0.949956
261,0.953172
262,2.14663
263,0.551011
264,1.42333
265,0.729132
266,1.14316
267,0.508139
268,0.477448
269,0.584032
270,1.10628
271,1.402
272,0.257175
273,1.89459
274,0.190901
275,4.07145
276,1.23035
277,0.787257
278,0.207215
279,0.965895
280,4.51317
281,0.258464
282,0.536923
283,1.06443
284,1.06825
285,0.999072
286,3.14559
287,0.763074
288,3.3838
289,0.634638
290,0.51484
291,0.245613
292,0.230386
293,0.283371
294,0.510686
295,1.11382
296,1.37589
297,0.675029
298,0.383314
299,0.745202
300,1.0174
301,0.518352
302,0.294052
303,0.245122
304,1.04861
305,0.532006
306,0.768434
307,1.04445
308,0.666843
309,0.372246
310,1.70353
311,1.49975
312,1.37809
313,0.999937
314,0.521994
315,1.21337
316,0.886743
317,0.850781
318,0.486704
319,0.506364
320,0.426433
321,1.09072
322,0.850016
323,3.33342
324,1.58075
325,3.8038
326,3.84972
327,0.876955
328,0.389691
329,0.317588
330,0.429772
331,1.8718
332,0.456759
333,0.613669
334,0.41499
335,0.483309
336,0.508902
337,0.744159
338,1.38833
339,0.231078
340,0.588782
341,1.08771
342,0.861569
343,1.09443
344,0.382855
345,1.33669
346,0.811314
347,0.270631
348,0.676177
349,0.374224
350,1.30122
351,0.646359
352,1.19985
353,0.366411
354,0.742524
355,0.726948
356,0.666977
357,2.6164
358,1.2043
359,0.312235
360,1.44875
361,2.39002
362,0.662324
363,0.704688
364,0.62594
365,1.92938
366,1.31785
367,1.88081
368,0.47678
369,2.04623
370,0.355938
371,0.121359
372,3.65831
373,1.83217
374,0.487142
375,1.22116
376,0.663717
377,0.139736
378,0.225147
379,0.778489
380,1.3189
381,0.385467
382,1.28056
383,1.77766
384,0.61619
385,0.62444
386,0.36204
387,1.1284
388,0.39836
389,2.68183
390,0.377532
391,1.74787
392,0.560515
393,0.585728
394,0.756767
395,0.567735
396,1.81884
397,0.194758
398,0.842232
399,4.45934
400,1.283
401,0.917172
402,1.65699
403,0.860106
404,0.554438
405,0.309437
406,0.836859
407,0.440256
408,2.22799
409,0.814566
410,1.16498
411,0.268474
412,0.972145
413,1.97823
414,0.168807
415,1.85058
416,0.508393
417,2.40512
418,0.335545
419,0.66671
420,1.11605
421,1.88062
422,0.431322
423,0.783566
424,2.68505
425,0.852485
426,1.01264
427,0.321744
428,0.599536
429,0.579958
430,0.699842
431,1.50531
432,2.90084
433,0.942575
434,0.391997
435,0.601217
436,1.604
437,2.55027
438,0.711343
439,0.493862
440,1.10505
441,0.632421
442,2.60335
443,0.367512
444,0.867188
445,2.19416
446,0.651681
447,0.631221
448,3.91572
449,1.96109
450,1.06144
451,0.627507
452,0.0528657
453,0.250825
454,0.910237
455,0.393726
456,2.86624
457,1.51649
458,0.525082
459,0.807995
460,0.475067
461,1.16428
462,0.396769
463,0.236218
464,0.834185
465,0.30483
466,0.479937
467,0.424136
468,1.26947
469,3.61828
470,0.665644
471,0.646294
472,1.57649
473,0.660274
474,1.68573
475,0.7226
476,0.143704
477,1.49242
478,0.681404
479,2.13614
480,0.835187
481,0.864071
482,2.10328
483,0.291126
484,0.439508
485,1.33096
486,0.196715
487,0.398678
488,1.8443
489,2.05526
490,1.35608
491,0.405311
492,1.00792
493,0.445259
494,3.68032
495,1.34716
496,0.15259
497,0.885768
498,1.15604
499,0.41156
500,0.470293
501,0.139178
502,0.543786
503,0.430503
504,0.986315
505,0.427372
506,0.287366
507,0.71234
508,0.574934
509,0.393293
510,1.31653
511,0.474118
512,0.694266
513,0.61502
514,10.3709
515,0.241956
516,0.0548036
517,0.640056
518,0.402967
519,1.14042
520,0.672469
521,1.98437
522,0.243412
523,0.763914
524,0.394199
525,0.523771
526,0.460289
527,0.212248
528,1.52608
529,1.03528
530,0.687908
531,0.732567
532,0.248826
533,0.378212
534,2.19372
535,0.35134
536,0.319819
537,0.163982
538,3.58228
539,0.364219
540,0.448476
541,0.690734
542,0.792629
543,0.54777
544,1.34622
545,1.0234
546,0.401238
547,0.461303
548,0.550681
549,0.30331
550,0.263421
551,0.534085
552,1.90656
553,0.19909
554,1.07435
555,0.769665
556,0.466545
557,0.550956
558,0.405473
559,1.56925
560,1.41708
561,0.315373
562,0.939056
563,2.04378
564,1.43649
565,0.338578
566,0.689079
567,0.649209
568,0.991623
569,2.18125
570,1.54064
571,0.797399
572,3.37704
573,0.299992
574,0.747516
575,0.704618
576,0.292
577,1.16918
578,0.341639
579,0.435918
580,1.29992
581,0.232701
582,0.568076
583,0.503486
584,0.172907
585,1.63068
586,0.311611
587,1.16649
588,0.47578
589,0.558947
590,1.20394
591,1.52166
592,0.327915
593,0.293464
594,0.32923
595,4.93326
596,0.254616
597,3.63279
598,1.12131
599,0.589665
600,3.07099
601,0.226729
602,0.279152
603,1.41241
604,1.99192
605,0.605561
606,0.648755
607,1.52348
608,2.39312
609,3.16768
610,0.856843
611,0.108827
612,1.44499
613,0.175872
614,0.182319
615,0.820288
616,1.1827
617,1.80597
618,0.405636
619,0.212248
620,0.253853
621,0.63916
622,1.30748
623,0.472981
624,0.662656
625,0.96719
626,0.400076
627,1.05254
628,2.08569
629,1.53265
630,0.32078
631,0.415447
632,0.929805
633,0.482439
634,0.926418
635,0.336553
636,0.298794
637,1.08444
638,1.21337
639,1.03137
640,0.369095
641,0.792154
642,6.7396
643,1.13451
644,4.13712
645,0.866061
646,1.39264
647,0.0790243
648,0.589606
649,1.30617
650,1.55628
651,0.706947
652,0.264477
653,1.18803
654,1.39013
655,1.41779
656,0.59061
657,0.463013
658,0.924428
659,0.394988
660,0.458223
661,5.7259
662,2.81511
663,1.02048
664,1.22654
665,1.50411
666,1.11807
667,0.638138
668,0.270901
669,0.366045
670,0.872581
671,0.298794
672,0.99115
673,1.85614
674,0.578047
675,0.870315
676,0.258722
677,0.811558
678,0.626629
679,0.317271
680,0.491398
681,1.70523
682,0.606895
683,0.330219
684,0.419203
685,0.329559
686,0.620767
687,1.10179
688,0.20089
689,0.752616
690,1.16021
691,0.809936
692,0.141706
693,0.188813
694,0.553496
695,0.513503
696,1.19256
697,0.285647
698,1.38127
699,0.933299
700,0.834435
701,0.306972
702,1.3391
703,0.734548
704,0.828532
705,0.661398
706,0.66731
707,1.91439
708,0.924105
709,0.496585
710,2.29699
711,0.377645
712,1.25282
713,2.57822
714,2.36363
715,2.0493
716,0.540749
717,1.3504
718,0.527398
719,0.412755
720,1.94799
721,1.53941
722,0.706452
723,1.48009
724,0.183049
725,0.545092
726,1.90275
727,0.345418
728,1.5026
729,1.17117
730,0.631852
731,0.436049
732,0.280832
733,0.751037
734,0.417905
735,0.564113
736,0.414783
737,2.18759
738,0.372656
739,0.342666
740,0.365679
741,0.512836
742,0.895655
743,2.70202
744,1.3139
745,1.12964
746,0.401881
747,1.19089
748,0.677192
749,0.981493
750,0.742227
751,0.0971985
752,0.209926
753,0.793581
754,1.24682
755,0.290544
756,0.436791
757,3.78861
758,0.50987
759,0.301797
760,0.528507
761,0.628575
762,2.76212
763,0.640248
764,1.31811
765,0.537299
766,0.142844
767,0.937292
768,1.53066
769,0.598338
770,1.32551
771,0.535583
772,4.39295
773,0.559339
774,0.536172
775,0.673343
776,1.45281
777,0.784978
778,1.73169
779,1.48989
780,1.28557
781,0.67368
782,0.22313
783,2.78153
784,0.346456
785,0.355938
786,0.307586
787,1.04839
788,0.379235
789,0.569783
790,0.347149
791,0.412673
792,1.23097
793,1.47329
794,0.368505
795,0.104978
796,0.653966
797,0.996775
798,0.613853
799,0.168638
800,0.45749
801,0.272259
802,0.988596
803,0.359874
804,0.93176
805,2.31984
806,0.999341
807,2.24813
808,2.07031
809,0.934223
810,2.87198
811,0.638777
812,0.288229
813,0.33824
814,0.210557
815,0.1764
816,0.721228
817,0.744755
818,2.37572
819,0.623816
820,1.44875
821,0.980052
822,3.09875
823,0.440784
824,0.575855
825,1.00194
826,0.815952
827,1.08539
828,0.341298
829,0.485343
830,0.479505
831,0.470246
832,2.30113
833,0.249574
834,0.772518
835,0.966678
836,1.39934
837,0.667444
838,0.482246
839,0.566544
840,0.977614
841,0.278594
842,1.45893
843,1.24135
844,0.663252
845,0.302099
846,0.611402
847,3.26089
848,4.02289
849,0.3138
850,0.623566
851,0.941972
852,2.22621
853,1.64115
854,0.370093
855,0.836106
856,0.617609
857,0.299093
858,1.3893
859,0.41156
860,0.737492
861,0.578741
862,0.53644
863,0.593392
864,0.951163
865,1.74683
866,0.779268
867,0.248826
868,0.684614
869,0.476494
870,0.416529
871,0.624315
872,1.77128
873,0.447356
874,0.785606
875,0.393411
876,2.05238
877,0.753369
878,0.773523
879,0.511044
880,1.06387
881,0.222462
882,1.06981
883,0.729132
884,0.685025
885,0.470293
886,0.215456
887,0.800675
888,0.703491
889,1.1193
890,1.34514
891,1.79733
892,0.274446
893,1.38528
894,1.45965
895,2.32031
896,1.80507
897,0.530731
898,1.67548
899,0.273624
900,0.289674
901,0.849761
902,2.01375
903,0.285361
904,0.763151
905,1.56847
906,0.762998
907,1.01951
908,0.80945
909,0.689975
910,1.90847
911,1.40074
912,0.402967
913,1.23121
914,0.242198
915,0.138346
916,0.588723
917,0.499974
918,1.19459
919,0.962482
920,0.977644
921,3.49733
922,0.621139
923,0.335209
924,0.45321
925,0.17552
926,0.396888
927,2.71665
928,0.613055
929,1.01987
930,0.223801
931,0.715839
932,0.574819
933,0.299992
934,0.45113
935,4.49515
936,0.0622872
937,0.283938
938,0.262108
939,0.396611
940,0.391723
941,1.85744
942,0.287078
943,1.13508
944,0.603807
945,1.83272
946,0.904566
947,3.06792
948,0.396571
949,0.504393
950,0.618474
951,1.10515
952,1.08295
953,0.398081
954,0.608171
955,0.268206
956,1.13383
957,1.14821
958,0.514685
959,1.40368
960,1.06852
961,0.633877
962,0.668379
963,0.429128
964,1.00308
965,0.819058
966,0.402564
967,0.279431
968,1.0497
969,0.320139
970,0.954593
971,0.515149
972,2.79827
973,0.292585
974,2.5123
975,0.272804
976,1.62223
977,0.942254
978,1.22385
979,0.203112
980,0.461119
981,0.168301
982,0.71878
983,1.12862
984,0.641722
985,0.570866
986,0.213312
987,0.151526
988,0.477305
989,0.668847
990,1.88891
991,0.790966
992,0.913118
993,0.683246
994,0.105399
995,1.34797
996,1.4987
997,2.62374
998,0.283371
999,0.724191
1000,0.511453
1001,0.561524
1002,0.116601
1003,0.231309
1004,1.3832
1005,0.810341
1006,0.528507
1007,0.299392
1008,0.218493
1009,0.288517
1010,1.84522
1011,0.344728
1012,0.540641
1013,0.32628
1014,0.576488
1015,1.35432
1016,0.552612
1017,1.21228
1018,2.56357
1019,1.08409
1020,0.17853
1021,1.82631
1022,1.37988
1023,1.55131
1024,0.50606
1025,1.35094
1026,0.731396
1027,0.311299
1028,0.65292
1029,1.27685
1030,0.722455
1031,0.597262
1032,0.564339
1033,2.7511
1034,2.09028
1035,0.945709
1036,0.557162
1037,0.417196
1038,0.513246
1039,1.94877
1040,1.58915
1041,3.09256
1042,0.843749
1043,0.442639
1044,0.856929
1045,0.748039
1046,0.620705
1047,0.327588
1048,0.518715
1049,0.614221
1050,0.744606
1051,1.35839
1052,0.872319
1053,1.54481
1054,0.625815
1055,0.954469
1056,0.352396
1057,1.9804
1058,0.425666
1059,1.1019
1060,0.550956
1061,2.32077
1062,5.50689
1063,0.607077
1064,0.257689
1065,1.9165
1066,0.961683
1067,1.97072
1068,0.767897
1069,0.50253
1070,0.972204
1071,1.44412
1072,6.4624
1073,0.863553
1074,0.788203
1075,0.52819
1076,2.51482
1077,1.42134
1078,1.57822
1079,0.673613
1080,2.05937
1081,0.49027
1082,3.11429
1083,0.371763
1084,0.613239
1085,0.617547
1086,1.02959
1087,0.331542
1088,0.291126
1089,0.530784
1090,1.96875
1091,1.17046
1092,0.686122
1093,1.31864
1094,1.82668
1095,0.448117
1096,1.93576
1097,0.394593
1098,0.203722
1099,0.450048
1100,1.13655
1101,1.1616
1102,1.0064
1103,0.56001
1104,0.188435
1105,0.465753
1106,1.48038
1107,0.167294
1108,0.944887
1109,0.441622
1110,1.2532
1111,0.533765
1112,0.537568
1113,0.521576
1114,2.49827
1115,1.75295
1116,0.304221
1117,0.181228
1118,4.33187
1119,0.599596
1120,0.700333
1121,0.745202
1122,0.156766
1123,0.256918
1124,0.530519
1125,0.926464
1126,1.70813
1127,0.188813
1128,0.470575
1129,1.36274
1130,0.504393
1131,0.825307
1132,1.35948
1133,0.46052
1134,1.47432
1135,0.737418
1136,0.240268
1137,1.82906
1138,0.549416
1139,0.7598
1140,1.35921
1141,2.42517
1142,0.957002
1143,1.7665
1144,0.184335
1145,0.301496
1146,0.886123
1147,0.810341
1148,0.569043
1149,2.12676
1150,0.678277
1151,0.890386
1152,0.206387
1153,0.791758
1154,1.38127
1155,0.739042
1156,1.89515
1157,0.632484
1158,1.8567
1159,0.644616
1160,1.77092
1161,1.45922
1162,0.758585
1163,0.679771
1164,0.983045
1165,0.843327
1166,0.911576
1167,0.272259
1168,0.546457
1169,1.08738
1170,2.23424
1171,0.253599
1172,1.06966
1173,0.364583
1174,0.288229
1175,0.556382
1176,0.984767
1177,0.903843
1178,0.426817
1179,0.164804
1180,3.66197
1181,0.768588
1182,3.26089
1183,0.602661
1184,0.575279
1185,0.159614
1186,1.44875
1187,0.284222
1188,0.335209
1189,0.66034
1190,1.13963
1191,0.680859
1192,1.65533
1193,0.966021
1194,0.980042
1195,0.786707
1196,0.229925
1197,0.595532
1198,1.4072
1199,2.03033
1200,1.69978
1201,0.452485
1202,0.952438
1203,1.54111
1204,2.61745
1205,0.885945
1206,1.30578
1207,0.66711
1208,0.919155
1209,0.788518
1210,0.681063
1211,1.25458
1212,0.560571
1213,0.907329
1214,2.24364
1215,1.31877
1216,0.27999
1217,0.965345
1218,0.95661
1219,0.534406
1220,0.355582
1221,0.718062
1222,0.718636
1223,1.60818
1224,0.647524
1225,0.546785
1226,0.465194
1227,1.61107
1228,1.66479
1229,0.419748
1230,1.39724
1231,1.60512
1232,0.452621
1233,5.03292
1234,0.22741
1235,0.27999
1236,0.127837
1237,0.626817
1238,0.224249
1239,1.7766
1240,0.48085
1241,3.3168
1242,1.43764
1243,0.942622
1244,0.532166
1245,0.369908
1246,0.614836
1247,0.730227
1248,2.42711
1249,0.387089
1250,0.338917
1251,1.60576
1252,1.18875
1253,0.145148
1254,0.557329
1255,0.306052
1256,2.15244
1257,0.614467
1258,0.385968
1259,1.1768
1260,0.768204
1261,0.737123
1262,0.421641
1263,1.5428
1264,0.984314
1265,0.384658
1266,1.66696
1267,0.616067
1268,0.736534
1269,1.0727
1270,1.66063
1271,1.17563
1272,0.819058
1273,0.704336
1274,0.675569
1275,1.11071
1276,0.306665
1277,0.721661
1278,1.09934
1279,0.51038
1280,1.96011
1281,0.728476
1282,1.81049
1283,1.33362
1284,0.879414
1285,2.33778
1286,0.346456
1287,0.42367
1288,1.19842
1289,1.48899
1290,3.24463
1291,0.844087
1292,0.183599
1293,0.952238
1294,0.362402
1295,4.62742
1296,0.367144
1297,1.15523
1298,0.669181
1299,1.03061
1300,0.633054
1301,0.979944
1302,0.688941
1303,0.786864
1304,0.566035
1305,0.832269
1306,0.430245
1307,0.614098
1308,1.01545
1309,2.23178
1310,0.725278
1311,0.430417
1312,0.982495
1313,1.07406
1314,0.197701
1315,0.696422
1316,0.4403
1317,0.3681
1318,0.38593
1319,1.46815
1320,0.724626
1321,0.157867
1322,0.501727
1323,1.53557
1324,1.86694
1325,2.10307
1326,0.799075
1327,0.560459
1328,0.547551
1329,0.544874
1330,2.02344
1331,0.42312
1332,2.34738
1333,1.87724
1334,0.22313
1335,1.32485
1336,1.62482
1337,0.500774
1338,0.317588
1339,0.608171
1340,0.458681
1341,0.819796
1342,0.30851
1343,0.879853
1344,1.04654
1345,0.569099
1346,0.403774
1347,1.20298
1348,0.485828
1349,1.37232
1350,0.719643
1351,0.296413
1352,1.22104
1353,0.576373
1354,1.92495
1355,1.03006
1356,1.03326
1357,0.310677
1358,3.14244
1359,0.733447
1360,2.45592
1361,0.231309
1362,0.729205
1363,0.195538
1364,0.263421
1365,0.618289
1366,0.4949
1367,0.682495
1368,0.731762
1369,0.532592
1370,1.34784
1371,1.60593
1372,0.684751
1373,1.56878
1374,0.863553
1375,0.612688
1376,0.615759
1377,0.217621
1378,0.906984
1379,0.148525
1380,0.61582
1381,0.797957
1382,0.909055
1383,0.67848
1384,1.08858
1385,0.971154
1386,0.766516
1387,0.315373
1388,1.1394
1389,0.269281
1390,0.73956
1391,1.8085
1392,0.341298
1393,0.441667
1394,0.999942
1395,1.04476
1396,0.261323
1397,0.901766
1398,0.628135
1399,2.81511
1400,0.392233
1401,0.338578
1402,0.731908
1403,0.601156
1404,0.345418
1405,0.917447
1406,2.59529
1407,0.47407
1408,3.58945
1409,0.380184
1410,0.467106
1411,0.706523
1412,0.983262
1413,1.21337
1414,0.443925
1415,0.713338
1416,0.482536
1417,0.732201
1418,0.823082
1419,2.58442
1420,0.412508
1421,0.221131
1422,0.267938
1423,0.600075
1424,0.480994
1425,1.59696
1426,0.125682
1427,2.65993
1428,0.73125
1429,1.69418
1430,2.6813
1431,1.76668
1432,0.929108
1433,0.744085
1434,0.804769
1435,0.355226
1436,0.703773
1437,1.80489
1438,0.763838
1439,1.47757
1440,0.44682
1441,0.737418
1442,0.967036
1443,0.799155
1444,1.82285
1445,0.761169
1446,0.979611
1447,0.332871
1448,1.02868
1449,0.822999
1450,0.969127
1451,0.995877
1452,2.55461
1453,1.13145
1454,0.662391
1455,0.400757
1456,0.699213
1457,2.17798
1458,1.44889
1459,0.40661
1460,0.464311
1461,0.263949
1462,2.2358
1463,0.554327
1464,0.389769
1465,1.62547
1466,1.0248
1467,1.42248
1468,1.26909
1469,0.344728
1470,0.68963
1471,0.26237
1472,0.245613
1473,1.92418
1474,0.461349
1475,2.28462
1476,0.468088
1477,0.860622
1478,0.727385
1479,0.787966
1480,0.989684
1481,2.24185
1482,0.558277
1483,0.234805
1484,0.291126
1485,1.47167
1486,2.11573
1487,0.503989
1488,2.05238
1489,1.70523
1490,0.440256
1491,1.39264
1492,0.159614
1493,0.248329
1494,0.874153
1495,1.33924
1496,1.22802
1497,1.36356
1498,2.34996
1499,0.0933873
1500,0.161379
1501,0.426817
1502,0.913438
1503,0.76254
1504,0.321422
1505,1.28904
1506,0.485197
1507,0.918209
1508,0.605561
1509,1.40649
1510,1.11049
1511,2.62794
1512,0.130289
1513,0.208879
1514,0.57241
1515,0.466359
1516,0.340616
1517,1.11997
1518,1.69147
1519,0.219588
1520,1.22949
1521,1.17751
1522,0.703069
1523,1.47802
1524,1.29784
1525,0.667511
1526,0.563043
1527,1.73638
1528,0.899065
1529,0.556048
1530,0.896461
1531,0.862345
1532,0.555326
1533,3.46946
1534,0.804849
1535,0.565073
1536,0.802679
1537,6.75309
1538,2.30274
1539,1.35757
1540,1.69995
1541,0.204334
1542,5.20178
1543,0.613362
1544,1.47669
1545,1.72599
1546,0.369059
1547,0.466919
1548,0.66731
1549,2.94174
1550,0.497928
1551,1.23875
1552,0.32271
1553,0.618289
1554,0.215671
1555,0.374674
1556,0.401238
1557,0.866321
1558,1.03078
1559,0.375687
1560,0.157552
1561,0.7172
1562,0.471847
1563,0.236928
1564,0.53644
1565,0.479122
1566,1.57665
1567,0.41657
1568,1.66729
1569,0.471989
1570,2.12825
1571,0.579031
1572,0.229008
1573,0.732934
1574,0.657375
1575,0.484276
1576,1.26858
1577,0.235746
1578,0.614344
1579,4.17035
1580,1.62645
1581,1.08113
1582,0.439068
1583,0.263158
1584,0.664115
1585,4.73035
1586,0.283654
1587,0.813833
1588,0.793422
1589,0.523196
1590,1.15004
1591,0.361678
1592,0.849336
1593,0.226729
1594,0.704688
1595,0.49594
1596,0.880381
1597,0.868229
1598,0.949804
1599,5.12946
1600,0.796682
1601,0.890386
1602,0.479458
1603,2.14813
1604,1.35513
1605,2.62321
1606,0.912561
1607,0.540263
1608,0.479122
1609,0.126818
1610,0.885768
1611,0.360235
1612,3.99483
1613,0.483792
1614,0.925251
1615,1.00958
1616,1.24707
1617,1.53957
1618,0.825637
1619,0.707654
1620,1.05562
1621,1.21203
1622,0.846454
1623,2.25196
1624,1.2457
1625,0.13239
1626,1.50396
1627,0.432705
1628,0.519286
1629,1.6364
1630,2.18431
1631,1.11327
1632,1.08847
1633,1.00358
1634,0.26982
1635,0.31632
1636,0.335545
1637,0.469682
1638,0.302704
1639,0.104769
1640,0.283654
1641,0.940748
1642,0.985851
1643,0.512682
1644,0.383123
1645,0.875553
1646,0.472886
1647,0.202706
1648,1.03352
1649,0.133989
1650,6.03756
1651,0.388252
1652,0.512067
1653,0.952343
1654,0.601217
1655,0.285361
1656,1.80038
1657,1.17023
1658,0.62419
1659,0.636227
1660,1.90866
1661,0.687221
1662,1.68978
1663,0.511453
1664,0.774684
1665,0.740374
1666,0.293464
1667,0.110803
1668,1.29693
1669,1.1155
1670,0.916897
1671,0.19282
1672,0.626316
1673,1.84559
1674,0.306052
1675,0.261323
1676,0.573613
1677,0.677125
1678,0.794613
1679,1.63313
1680,0.761093
1681,0.247585
1682,7.94863
1683,0.277204
1684,2.62321
1685,1.63575
1686,0.730227
1687,0.308819
1688,0.846877
1689,1.85466
1690,2.90665
1691,3.20272
1692,0.364583
1693,0.825307
1694,0.349938
1695,0.574015
1696,0.539885
1697,2.60127
1698,1.46756
1699,0.662192
1700,0.324652
1701,1.19901
1702,0.136832
1703,0.302401
1704,1.45383
1705,0.451536
1706,0.935813
1707,1.60609
1708,1.12581
1709,0.848403
1710,0.110251
1711,0.901315
1712,1.15212
1713,0.708291
1714,0.140718
1715,2.4878
1716,0.61183
1717,1.91133
1718,0.46098
1719,0.38007
1720,0.930894
1721,11.6464
1722,0.680859
1723,0.756162
1724,0.24635
1725,0.250324
1726,0.428785
1727,0.606713
1728,0.864763
1729,3.14244
1730,1.61818
1731,0.726149
1732,1.28005
1733,0.314114
1734,11.4501
1735,0.755104
1736,0.712055
1737,0.394712
1738,0.562199
1739,1.24633
1740,0.226729
1741,0.804528
1742,3.34678
1743,1.6428
1744,0.613914
1745,0.108718
1746,1.3637
1747,0.254361
1748,0.353808
1749,3.98684
1750,1.50802
1751,1.99691
1752,0.318861
1753,1.11974
1754,2.24274
1755,0.441578
1756,0.216319
1757,0.345073
1758,0.399437
1759,0.0890106
1760,0.196518
1761,1.37975
1762,0.492038
1763,0.474972
1764,1.32644
1765,0.650769
1766,0.874153
1767,1.10446
1768,0.888074
1769,0.958755
1770,1.14042
1771,0.195343
1772,0.945066
1773,0.237877
1774,1.06248
1775,0.852229
1776,0.488117
1777,0.590551
1778,0.270631
1779,0.81172
1780,0.178708
1781,0.457856
1782,0.827869
1783,0.535101
1784,0.601758
1785,1.53327
1786,2.13464
1787,1.54883
1788,0.917934
1789,0.582049
1790,0.581468
1791,1.61349
1792,2.63557
1793,0.316004
1794,0.195734
1795,1.18187
1796,0.598637
1797,0.907003
1798,1.41143
1799,0.673276
1800,0.142559
1801,2.53096
1802,0.344728
1803,0.801556
1804,0.604351
1805,0.859848
1806,2.59659
1807,2.64164
1808,0.788203
1809,1.17257
1810,1.38279
1811,0.914224
1812,1.39013
1813,0.694474
1814,0.663385
1815,0.203722
1816,0.803723
1817,0.334874
1818,0.210557
1819,2.56665
1820,0.21481
1821,0.305441
1822,0.750212
1823,0.418533
1824,0.786864
1825,2.35302
1826,0.636609
1827,1.04169
1828,0.974462
1829,0.55466
1830,1.00977
1831,0.884529
1832,0.439596
1833,0.336553
1834,0.34889
1835,0.205153
1836,0.53859
1837,1.01548
1838,0.722961
1839,0.332871
1840,2.05669
1841,0.556883
1842,0.870315
1843,1.55411
1844,0.468743
1845,0.126565
1846,0.558165
1847,1.33256
1848,0.858473
1849,0.618412
1850,1.39696
1851,0.869706
1852,0.225373
1853,0.874153
1854,0.361678
1855,0.902759
1856,2.21533
1857,0.784585
1858,1.72789
1859,0.331211
1860,0.560515
1861,0.917227
1862,0.710846
1863,0.572467
1864,0.497978
1865,0.236218
1866,1.16894
1867,0.375048
1868,1.21555
1869,0.873192
1870,0.262632
1871,0.618412
1872,1.2893
1873,0.421052
1874,0.756237
1875,0.380298
1876,2.94468
1877,0.215456
1878,0.539777
1879,0.261061
1880,1.17058
1881,0.919201
1882,0.650119
1883,1.62791
1884,0.668312
1885,0.740744
1886,0.830523
1887,0.517265
1888,0.565865
1889,1.61527
1890,1.56596
1891,0.845016
1892,0.455709
1893,1.13974
1894,1.97013
1895,1.1266
1896,0.558836
1897,3.39736
1898,0.507073
1899,1.17975
1900,0.379728
1901,1.54496
1902,0.17853
1903,0.295526
1904,0.574359
1905,0.498725
1906,0.421094
1907,0.820452
1908,0.863639
1909,0.167462
1910,0.459645
1911,0.260279
1912,0.812126
1913,0.612565
1914,2.15308
1915,1.61494
1916,0.36204
1917,0.83619
1918,0.677599
1919,0.539129
1920,2.05999
1921,0.78537
1922,0.406041
1923,0.462088
1924,0.353101
1925,1.11216
1926,1.42305
1927,0.525345
1928,0.583681
1929,2.09531
1930,0.335209
1931,2.27596
1932,0.427287
1933,0.444591
1934,0.940325
1935,0.51038
1936,2.45739
1937,0.487142
1938,0.371057
1939,1.02052
1940,4.84041
1941,1.56377
1942,2.82639
1943,1.44846
1944,0.654031
1945,0.449419
1946,1.43276
1947,3.29037
1948,0.483744
1949,0.51711
1950,0.854875
1951,1.62857
1952,0.379728
1953,1.2214
1954,2.12251
1955,0.463801
1956,1.41241
1957,1.43994
1958,0.448117
1959,0.788518
1960,1.46038
1961,0.243412
1962,0.593986
1963,1.99811
1964,0.167462
1965,1.90218
1966,1.06663
1967,0.536762
1968,0.278594
1969,0.333204
1970,0.202503
1971,1.02744
1972,0.424943
1973,2.43927
1974,0.32726
1975,0.210978
1976,0.492924
1977,0.825885
1978,1.28505
1979,0.514222
1980,1.31154
1981,0.49396
1982,1.07403
1983,8.6885
1984,0.438586
1985,1.97605
1986,0.425836
1987,1.14202
1988,0.467479
1989,0.567338
1990,0.333871
1991,2.01295
1992,0.529671
1993,1.98238
1994,1.91324
1995,0.862517
1996,0.110361
1997,0.528084
1998,0.210978
1999,2.1151
2000,0.830689
2001,1.70933
2002,1.53864
2003,0.577008
2004,0.916778
2005,0.511197
2006,0.556605
2007,0.894402
2008,1.24359
2009,1.42461
2010,0.548647
2011,0.454935
2012,0.599296
2013,0.557217
2014,1.57004
2015,0.705182
2016,0.886654
2017,1.12053
2018,0.839121
2019,0.711984
2020,0.662921
2021,0.303613
2022,0.634385
2023,0.823164
2024,0.876078
2025,0.626943
2026,1.47167
2027,0.374711
2028,0.154741
2029,1.71241
2030,0.514274
2031,0.340957
2032,0.142132
2033,0.404785
2034,1.65268
2035,2.30597
2036,0.888518
2037,1.02793
2038,1.04634
2039,2.15761
2040,0.330549
2041,0.279711
2042,0.635909
2043,0.314114
2044,0.86269
2045,1.68287
2046,1.35921
2047,0.252334
2048,0.54346
2049,0.58339
2050,1.19292
2051,0.468275
2052,0.686122
2053,0.472414
2054,0.935682
2055,1.18199
2056,1.08594
2057,1.1458
2058,1.06464
2059,4.27592
2060,0.437709
2061,0.353808
2062,0.261061
2063,3.12364
2064,0.751263
2065,0.693919
2066,0.48061
2067,2.66259
2068,0.902127
2069,0.423543
2070,1.79194
2071,0.432748
2072,1.08485
2073,1.56925
2074,0.350989
2075,0.762769
2076,0.289964
2077,0.0998586
2078,1.19125
2079,0.26955
2080,0.527556
2081,1.17046
2082,0.862776
2083,0.152133
2084,0.581526
2085,1.24807
2086,1.54326
2087,1.48201
2088,0.805574
2089,1.23392
2090,0.842737
2091,0.488166
2092,0.879414
2093,1.00492
2094,1.44023
2095,0.162838
2096,0.561075
2097,0.37674
2098,0.421094
2099,0.766133
2100,1.72616
2101,0.343009
2102,0.770512
2103,2.46206
2104,1.35283
2105,0.978592
2106,4.98284
2107,5.36556
2108,0.918567
2109,0.173774
2110,1.53357
2111,1.78604
2112,1.63804
2113,1.66679
2114,1.35297
2115,0.382434
2116,1.86097
2117,0.302099
2118,0.787415
2119,0.905082
2120,1.04491
2121,0.322066
2122,0.903301
2123,1.29175
2124,1.16591
2125,1.64889
2126,0.404704
2127,1.00379
2128,0.431797
2129,0.335209
2130,0.492038
2131,1.11338
2132,1.60384
2133,1.74438
2134,0.558891
2135,0.369206
2136,0.615513
2137,1.72168
2138,0.841054
2139,0.328572
2140,2.80387
2141,2.00471
2142,0.384389
2143,2.01214
2144,1.22888
2145,0.949272
2146,0.278315
2147,1.33817
2148,2.13742
2149,0.358796
2150,1.97743
2151,0.656718
2152,0.483212
2153,0.480562
2154,0.335545
2155,0.229696
2156,1.22703
2157,0.520951
2158,0.751789
2159,1.91324
2160,2.92122
2161,0.532539
2162,0.487093
2163,1.01844
2164,1.18982
2165,0.684067
2166,1.04539
2167,0.0385423
2168,2.17559
2169,0.474402
2170,1.03685
2171,0.240508
2172,0.583857
2173,0.288229
2174,0.553109
2175,0.512989
2176,0.350288
2177,2.62216
2178,0.240508
2179,0.412013
2180,1.4127
2181,1.43792
2182,1.38639
2183,0.732421
2184,0.998189
2185,2.01657
2186,0.403491
2187,2.23513
2188,0.666977
2189,0.564847
2190,0.435222
2191,1.4881
2192,0.389925
2193,0.998672
2194,0.328572
2195,0.421515
2196,3.70247
2197,1.36561
2198,3.50433
2199,0.151374
2200,1.57129
2201,1.34125
2202,0.393569
2203,0.392193
2204,0.538483
2205,1.26858
2206,0.325628
2207,0.960223
2208,0.362402
2209,0.105399
2210,0.488948
2211,0.728258
2212,0.336553
2213,0.65731
2214,0.212673
2215,0.493763
2216,3.32344
2217,1.10444
2218,0.126312
2219,0.125055
2220,0.615759
2221,0.852314
2222,0.384812
2223,0.542211
2224,0.221574
2225,0.800275
2226,0.785056
2227,0.708008
2228,1.15027
2229,0.129899
2230,1.06371
2231,0.548647
2232,2.42686
2233,0.22313
2234,1.50848
2235,0.653378
2236,1.55644
2237,0.291126
2238,0.655996
2239,0.461672
2240,1.24234
2241,0.879326
2242,1.02499
2243,0.854448
2244,0.706735
2245,0.507987
2246,0.471423
2247,0.727967
2248,1.48127
2249,0.387012
2250,0.905842
2251,2.11425
2252,1.26301
2253,3.6693
2254,0.187308
2255,0.435875
2256,0.82605
2257,0.236691
2258,0.434526
2259,0.31632
2260,2.33311
2261,0.949804
2262,0.308819
2263,2.24005
2264,0.202099
2265,0.184704
2266,1.51573
2267,0.709425
2268,0.634638
2269,1.20925
2270,0.355226
2271,3.81523
2272,5.19658
2273,0.466779
2274,0.60884
2275,0.684888
2276,0.294346
2277,0.611158
2278,4.13299
2279,0.360595
2280,2.12782
2281,0.788045
2282,0.198295
2283,1.42975
2284,0.281394
2285,0.58339
2286,0.271444
2287,0.823164
2288,0.645778
2289,2.04296
2290,0.1736
2291,0.165299
2292,0.304221
2293,1.35988
2294,0.16563
2295,0.44888
2296,0.355226
2297,2.39097
2298,1.04689
2299,1.0944
2300,0.688941
2301,1.06327
2302,1.47536
2303,0.983478
2304,1.59903
2305,0.681472
2306,0.44879
2307,0.108067
2308,0.965239
2309,1.42861
2310,0.65129
2311,0.494801
2312,1.70677
2313,0.578973
2314,0.286791
2315,0.283654
2316,0.815789
2317,0.810584
2318,3.91181
2319,0.699073
2320,2.10497
2321,0.159295
2322,0.305441
2323,0.266069
2324,0.860192
2325,1.55987
2326,0.439156
2327,3.93535
2328,0.280271
2329,0.759952
2330,1.63362
2331,0.999074
2332,0.243412
2333,0.306972
2334,1.63722
2335,0.490907
2336,1.27239
2337,0.37988
2338,2.86337
2339,1.41708
2340,0.64539
2341,0.850186
2342,1.20262
2343,0.983517
2344,0.994224
2345,0.735062
2346,0.473691
2347,1.65549
2348,0.706381
2349,6.62599
2350,0.953077
2351,0.501676
2352,1.88551
2353,0.561019
2354,0.234805
2355,0.699423
2356,1.77128
2357,1.09143
2358,0.217186
2359,0.179964
2360,1.00577
2361,0.948759
2362,1.11795
2363,0.466639
2364,1.58107
2365,0.553164
2366,0.757979
2367,1.30839
2368,1.66913
2369,0.60732
2370,1.4421
2371,1.87648
2372,0.228093
2373,0.638266
2374,0.910383
2375,0.373141
2376,0.431667
2377,1.59042
2378,3.02527
2379,2.76212
2380,0.402202
2381,0.971679
2382,0.0999585
2383,1.1378
2384,0.229696
2385,1.26238
2386,0.699563
2387,0.637947
2388,0.552998
2389,1.00011
2390,0.901856
2391,0.378704
2392,0.417196
2393,1.03453
2394,1.0032
2395,0.904023
2396,1.52257
2397,0.184889
2398,0.25487
2399,2.48085
2400,0.294346
2401,1.18708
2402,0.718133
2403,1.26782
2404,0.307894
2405,1.29758
2406,0.876429
2407,0.851888
2408,0.651616
2409,0.530466
2410,6.14108
2411,0.427928
2412,0.0813495
2413,0.780126
2414,0.319499
2415,0.603928
2416,0.542482
2417,1.7711
2418,1.93189
2419,0.878886
2420,1.36903
2421,0.585669
2422,0.399756
2423,0.582515
2424,6.08605
2425,1.50321
2426,0.384658
2427,0.614651
2428,0.654686
2429,1.09039
2430,0.927948
2431,0.913493
2432,0.512836
2433,0.84434
2434,0.879941
2435,0.577585
2436,2.32124
2437,3.61828
2438,0.32726
2439,0.653574
2440,0.756162
2441,4.01485
2442,2.92414
2443,2.88637
2444,0.752089
2445,0.784507
2446,2.55129
2447,0.895028
2448,1.18294
2449,4.22492
2450,1.21058
2451,1.43462
2452,0.318224
2453,0.63916
2454,0.239788
2455,0.534245
2456,0.631726
2457,0.604835
2458,0.437534
2459,0.530678
2460,0.576661
2461,0.438586
2462,0.368542
2463,0.249075
2464,0.383429
2465,1.97013
2466,0.417112
2467,0.324004
2468,1.76526
2469,0.412508
2470,1.3918
2471,1.74212
2472,0.267938
2473,0.0947987
2474,1.62288
2475,6.29654
2476,0.285647
2477,1.54465
2478,0.414244
2479,0.403855
2480,2.24005
2481,1.03978
2482,0.860966
2483,0.326606
2484,0.585435
2485,0.879677
2486,0.846962
2487,2.24836
2488,0.561581
2489,1.9375
2490,0.627005
2491,0.289964
2492,1.21787
2493,0.472745
2494,0.566318
2495,0.974062
2496,1.00985
2497,0.81026
2498,3.02225
2499,0.578568
2500,0.411354
2501,1.36793
2502,0.169483
2503,0.580422
2504,1.02104
2505,0.895745
2506,1.53833
2507,1.58518
2508,0.266602
2509,0.371614
2510,0.957662
2511,0.32271
2512,0.63948
2513,0.406854
2514,0.444191
2515,0.886832
2516,0.880734
2517,0.544384
2518,2.78988
2519,2.23334
2520,0.511709
2521,0.265007
2522,0.277204
2523,0.709922
2524,0.515355
2525,0.627947
2526,0.691218
2527,0.857443
2528,0.727894
2529,0.56927
2530,1.91382
2531,1.13111
2532,1.46053
2533,0.273351
2534,0.222239
2535,0.950878
2536,4.01887
2537,0.537729
2538,0.298794
2539,0.672805
2540,0.468134
2541,0.187121
2542,1.70762
2543,1.12187
2544,0.327915
2545,1.12243
2546,0.506364
2547,0.836942
2548,2.31081
2549,0.521524
2550,0.240028
2551,1.51922
2552,0.716699
2553,0.984344
2554,0.223801
2555,1.20889
2556,0.721805
2557,1.52196
2558,0.957567
2559,1.01819
2560,1.17011
2561,0.563155
2562,1.43835
2563,1.79015
2564,0.613239
2565,0.476637
2566,0.712554
2567,0.430503
2568,0.275822
2569,0.760028
2570,1.10515
2571,1.86675
2572,0.355226
2573,0.261061
2574,0.306665
2575,0.573441
2576,0.895207
2577,0.357007
2578,0.77639
2579,1.99851
2580,1.03899
2581,1.73031
2582,0.717057
2583,0.7073
2584,0.273351
2585,1.05124
2586,1.27967
2587,1.18459
2588,0.825472
2589,0.193013
2590,1.50863
2591,0.854533
2592,0.733374
2593,1.17904
2594,2.69177
2595,0.919045
2596,0.554882
2597,1.09432
2598,0.433831
2599,0.764678
2600,2.54416
2601,0.53886
2602,4.0796
2603,0.485294
2604,1.08443
2605,1.18827
2606,0.314743
2607,0.937086
2608,0.120875
2609,1.90199
2610,0.798596
2611,0.474924
2612,0.429429
2613,1.57602
2614,0.8863
2615,0.275822
2616,1.41016
2617,0.114521
2618,0.457902
2619,0.886123
2620,1.4034
2621,0.189191
2622,0.17552
2623,0.324652
2624,1.92958
2625,1.45645
2626,0.11521
2627,1.31364
2628,0.904928
2629,1.02327
2630,1.22519
2631,0.784664
2632,1.75769
2633,2.08632
2634,0.423035
2635,1.59472
2636,0.360595
2637,0.569099
2638,0.588075
2639,1.62987
2640,0.312547
2641,1.10002
2642,1.15292
2643,1.35459
2644,1.47565
2645,0.507682
2646,0.316004
2647,1.24023
2648,0.296117
2649,3.38042
2650,0.699073
2651,0.827787
2652,0.744011
2653,0.683793
2654,0.525976
2655,0.777711
2656,0.261323
2657,0.5799
2658,5.88261
2659,0.611647
2660,1.11862
2661,1.25973
2662,0.811882
2663,0.673276
2664,0.67395
2665,1.26782
2666,0.987805
2667,1.18519
2668,1.65914
2669,2.05382
2670,0.329559
2671,1.54003
2672,0.323033
2673,0.262895
2674,0.277204
2675,0.263949
2676,0.488068
2677,0.303613
2678,0.742153
2679,3.9749
2680,2.51708
2681,0.542916
2682,0.464776
2683,3.44871
2684,0.972262
2685,0.963898
2686,0.47826
2687,0.434352
2688,1.26377
2689,0.585904
2690,0.706028
2691,1.71309
2692,1.45965
2693,1.12987
2694,0.503033
2695,0.931238
2696,2.31753
2697,1.03697
2698,0.609144
2699,0.5233
2700,0.772055
2701,2.33217
2702,1.36834
2703,1.17375
2704,0.567395
2705,0.266868
2706,1.23949
2707,1.24807
2708,0.985881
2709,0.73764
2710,0.382204
2711,1.46976
2712,2.77875
2713,1.54342
2714,0.850356
2715,0.434743
2716,1.23565
2717,0.6472
2718,0.481716
2719,0.718349
2720,1.22974
2721,0.333537
2722,0.115556
2723,0.201292
2724,0.598278
2725,0.988724
2726,1.16207
2727,1.5017
2728,0.97414
2729,1.76332
2730,0.824152
2731,1.26074
2732,0.660803
2733,0.589194
2734,0.423204
2735,0.99816
2736,0.815462
2737,0.151526
2738,0.463337
2739,2.18169
2740,1.30265
2741,1.02574
2742,0.417697
2743,0.828698
2744,0.276098
2745,1.27049
2746,1.68523
2747,0.250074
2748,0.818649
2749,0.818076
2750,0.533391
2751,1.32631
2752,2.56024
2753,1.48186
2754,0.250574
2755,1.96011
2756,0.286218
2757,0.316637
2758,0.328572
2759,1.80056
2760,1.13134
2761,2.40344
2762,1.07548
2763,1.10882
2764,0.366411
2765,0.797798
2766,1.40692
2767,0.896372
2768,0.850016
2769,1.35866
2770,1.43433
2771,1.37355
2772,0.513708
2773,0.614467
2774,3.32676
2775,0.83711
2776,0.607502
2777,0.998852
2778,1.05628
2779,1.14122
2780,1.31443
2781,0.385505
2782,0.268206
2783,0.748563
2784,1.37245
2785,0.450724
2786,0.466452
2787,1.91784
2788,0.551011
2789,0.677599
2790,1.81757
2791,1.47432
2792,0.92753
2793,0.294935
2794,0.422063
2795,0.418198
2796,0.539237
2797,0.717057
2798,1.27928
2799,0.607502
2800,1.21811
2801,0.682427
2802,0.495593
2803,1.48602
2804,0.817831
2805,0.793184
2806,1.59122
2807,2.4444
2808,1.91554
2809,0.513862
2810,0.299392
2811,0.374561
2812,1.38625
2813,0.362765
2814,1.60127
2815,6.77338
2816,0.489682
2817,1.00035
2818,0.139039
2819,1.41312
2820,0.545965
2821,1.79769
2822,0.906658
2823,0.575164
2824,0.425113
2825,1.56627
2826,0.33454
2827,1.24011
2828,1.00275
2829,4.23761
2830,0.107851
2831,0.621139
2832,1.04465
2833,2.2171
2834,0.607259
2835,0.864676
2836,0.92664
2837,0.229696
2838,0.605016
2839,1.86657
2840,1.13519
2841,4.59974
2842,0.535315
2843,1.42333
2844,0.526134
2845,0.179245
2846,3.7962
2847,2.44098
2848,1.07535
2849,1.18994
2850,2.19482
2851,0.655603
2852,1.43433
2853,0.94104
2854,0.16847
2855,1.32088
2856,1.42832
2857,0.39098
2858,0.245858
2859,0.390706
2860,0.871883
2861,0.428185
2862,1.06985
2863,0.987351
2864,2.08215
2865,1.00866
2866,1.58645
2867,4.01887
2868,0.163001
2869,0.156923
2870,1.51528
2871,0.453527
2872,0.284222
2873,0.911066
2874,0.61866
2875,0.226276
2876,1.33362
2877,0.474687
2878,1.02
2879,0.767436
2880,2.76765
2881,1.47506
2882,0.349588
2883,0.139736
2884,0.528401
2885,0.272259
2886,3.61828
2887,0.543949
2888,0.488899
2889,0.32271
2890,3.18993
2891,0.639224
2892,0.321744
2893,0.0779257
2894,0.540749
2895,0.303917
2896,0.172045
2897,0.580596
2898,0.341639
2899,0.710917
2900,0.663385
2901,0.315688
2902,0.340275
2903,1.07657
2904,0.308819
2905,0.791916
2906,1.25759
2907,1.49123
2908,0.685985
2909,0.889941
2910,0.496883
2911,0.437184
2912,1.49153
2913,0.423035
2914,0.533445
2915,0.891634
2916,0.524558
2917,2.63346
2918,0.605016
2919,0.941765
2920,2.01436
2921,0.407058
2922,0.354517
2923,1.29525
2924,0.538483
2925,1.3287
2926,1.4996
2927,0.576719
2928,1.45339
2929,0.184151
2930,1.27074
2931,0.546839
2932,1.12874
2933,1.62239
2934,0.708504
2935,0.223353
2936,0.718924
2937,0.30331
2938,0.693295
2939,1.29447
2940,0.742227
2941,1.17939
2942,1.15882
2943,0.339935
2944,0.2608
2945,1.73655
2946,2.59322
2947,1.83272
2948,0.462597
2949,0.436791
2950,0.663385
2951,0.640248
2952,0.580306
2953,0.452169
2954,0.352044
2955,0.866407
2956,0.379197
2957,0.504494
2958,2.79827
2959,0.256918
2960,0.236454
2961,1.26884
2962,0.244877
2963,0.24635
2964,0.331211
2965,1.67197
2966,1.11238
2967,3.6693
2968,0.245122
2969,3.29696
2970,0.623504
2971,0.337564
2972,1.49362
2973,0.264213
2974,0.867882
2975,1.22728
2976,1.55613
2977,1.00046
2978,0.97416
2979,1.68793
2980,0.325954
2981,0.378099
2982,0.437753
2983,0.711913
2984,2.5335
2985,0.491693
2986,3.85357
2987,0.203112
2988,0.239309
2989,0.480562
2990,1.84246
2991,0.57304
2992,0.765367
2993,1.41397
2994,0.10561
2995,0.0844159
2996,0.159933
2997,0.607745
2998,0.1585
2999,0.507682
3000,1.03173
3001,0.236928
3002,0.747366
3003,0.11789
3004,0.445437
3005,0.556939
3006,2.12294
3007,1.58423
3008,4.63205
3009,1.88608
3010,1.97171
3011,3.16452
3012,0.263421
3013,0.33689
3014,2.05176
3015,0.918512
3016,0.455618
3017,2.77875
3018,0.296117
3019,0.601999
3020,0.510533
3021,0.519806
3022,3.02527
3023,0.355226
3024,1.14042
3025,0.574532
3026,0.715481
3027,0.362765
3028,0.458177
3029,0.449149
3030,0.98907
3031,0.320139
3032,0.592206
3033,1.39529
3034,1.35175
3035,0.900775
3036,0.750962
3037,1.23689
3038,0.303613
3039,0.156297
3040,2.97427
3041,1.49556
3042,3.55019
3043,0.449958
3044,0.742301
3045,1.06491
3046,1.3283
3047,0.573269
3048,0.190139
3049,1.02533
3050,1.66196
3051,0.829942
3052,1.24558
3053,0.896013
3054,0.528559
3055,1.03414
3056,1.0443
3057,0.331542
3058,0.520638
3059,0.522568
3060,0.224024
3061,0.800515
3062,2.8691
3063,0.742524
3064,0.759572
3065,0.372283
3066,0.975027
3067,0.298496
3068,1.43018
3069,2.16691
3070,1.04931
3071,1.64905
3072,0.500374
3073,0.406245
3074,1.43047
3075,0.899964
3076,1.1065
3077,0.342323
3078,1.24098
3079,0.324977
3080,1.33282
3081,0.117655
3082,0.269281
3083,1.04846
3084,0.921521
3085,0.677666
3086,0.345764
3087,0.813101
3088,0.423162
3089,0.505655
3090,1.02651
3091,0.26767
3092,0.371986
3093,0.344383
3094,1.91554
3095,1.77128
3096,1.75435
3097,0.608353
3098,0.620518
3099,4.07145
3100,0.444769
3101,0.439552
3102,0.351692
3103,0.611647
3104,0.151526
3105,0.413292
3106,0.169483
3107,1.34178
3108,0.324652
3109,0.466359
3110,0.262108
3111,2.27641
3112,0.296117
3113,0.969863
3114,1.16044
3115,1.32128
3116,1.04871
3117,0.238115
3118,0.979738
3119,0.482391
3120,1.8528
3121,0.483405
3122,0.891366
3123,0.294935
3124,1.9165
3125,0.1736
3126,0.392979
3127,1.79463
3128,0.844171
3129,0.805494
3130,0.462273
3131,0.818158
3132,0.399676
3133,1.55909
3134,0.523614
3135,0.528877
3136,0.755859
3137,0.435178
3138,0.547989
3139,0.157394
3140,1.15639
3141,0.234336
3142,0.780438
3143,0.302704
3144,0.187496
3145,2.273
3146,1.15696
3147,3.03133
3148,2.68854
3149,1.28969
3150,0.716269
3151,0.722094
3152,0.387632
3153,0.177817
3154,0.844762
3155,0.966233
3156,0.526555
3157,0.692602
3158,0.375574
3159,0.568986
3160,0.64882
3161,0.657573
3162,0.52069
3163,0.599416
3164,0.758434
3165,0.71234
3166,0.131862
3167,2.27391
3168,0.482488
3169,3.1772
3170,1.91439
3171,1.04022
3172,0.262108
3173,0.297304
3174,0.925029
3175,0.336553
3176,0.191858
3177,0.342323
3178,1.61818
3179,0.628135
3180,0.712269
3181,1.7484
3182,4.1787
3183,1.06968
3184,2.43075
3185,0.601277
3186,7.29362
3187,0.265803
3188,0.481475
3189,0.746321
3190,0.403128
3191,0.46343
3192,0.741337
3193,1.47256
3194,0.818158
3195,0.995861
3196,1.15535
3197,1.09423
3198,1.24259
3199,0.511709
3200,1.03012
3201,0.972252
3202,0.281957
3203,0.878974
3204,0.870054
3205,1.55131
3206,0.868837
3207,1.06582
3208,2.02021
3209,0.540965
3210,0.39412
3211,0.177817
3212,0.159454
3213,0.890119
3214,0.547606
3215,0.411519
3216,1.22238
3217,0.621761
3218,0.639352
3219,0.656784
3220,3.43494
3221,0.444947
3222,1.42276
3223,1.81721
3224,0.341298
3225,0.363491
3226,0.586138
3227,0.213525
3228,0.496983
3229,1.60657
3230,1.69622
3231,1.41058
3232,0.94104
3233,1.26263
3234,0.463291
3235,0.646553
3236,1.28582
3237,0.271987
3238,0.55878
3239,0.400517
3240,0.0616674
3241,3.64006
3242,0.497281
3243,1.00129
3244,0.828698
3245,0.447133
3246,3.92749
3247,1.26125
3248,0.793025
3249,0.324328
3250,0.61582
3251,0.719859
3252,1.39306
3253,0.116834
3254,0.479793
3255,2.25241
3256,1.83896
3257,0.396809
3258,2.09154
3259,1.45165
3260,1.48275
3261,0.205153
3262,0.497878
3263,0.0625368
3264,0.233634
3265,0.407343
3266,0.643393
3267,0.939469
3268,1.48023
3269,2.17016
3270,1.5746
3271,0.695517
3272,1.81104
3273,1.13667
3274,0.951191
3275,0.812857
3276,0.723974
3277,0.0740511
3278,0.425794
3279,1.45922
3280,0.206594
3281,1.68624
3282,0.065089
3283,0.717344
3284,0.904295
3285,0.273624
3286,0.46218
3287,1.50321
3288,0.235982
3289,0.126945
3290,0.596128
3291,0.133587
3292,0.519702
3293,0.504948
3294,0.562649
3295,0.402283
3296,0.497281
3297,2.05115
3298,0.52215
3299,0.497629
3300,1.03057
3301,0.820698
3302,0.243169
3303,0.443703
3304,0.882762
3305,0.661927
3306,0.174995
3307,0.411313
3308,0.979043
3309,1.33216
3310,0.845777
3311,0.248826
3312,0.219369
3313,2.07218
3314,0.66651
3315,1.12896
3316,3.73968
3317,0.637118
3318,0.673074
3319,0.763074
3320,0.670924
3321,2.10202
3322,1.44023
3323,0.436486
3324,0.253093
3325,0.81026
3326,0.620891
3327,0.407506
3328,1.27698
3329,0.97966
3330,0.300893
3331,0.375461
3332,0.578163
3333,0.539669
3334,1.33897
3335,0.41119
3336,0.4278
3337,0.835772
3338,0.60224
3339,0.68619
3340,1.22851
3341,0.977565
3342,0.821848
3343,0.415738
3344,5.3388
3345,0.485634
3346,0.788834
3347,1.13758
3348,0.860364
3349,3.98684
3350,0.642685
3351,4.92833
3352,1.71669
3353,0.451762
3354,0.396095
3355,0.593392
3356,1.11427
3357,1.40846
3358,0.675096
3359,1.31364
3360,3.12052
3361,0.310677
3362,0.387515
3363,3.04043
3364,0.526923
3365,0.243412
3366,0.506313
3367,0.184889
3368,0.347844
3369,0.343009
3370,1.61704
3371,0.160414
3372,0.471564
3373,2.54009
3374,0.786077
3375,0.273624
3376,1.04199
3377,0.279431
3378,0.826711
3379,0.341981
3380,0.832185
3381,0.65129
3382,0.502078
3383,3.18038
3384,1.79087
3385,1.20804
3386,0.360595
3387,0.720795
3388,1.5121
3389,0.761702
3390,0.41778
3391,0.81734
3392,0.258205
3393,0.399197
3394,3.97888
3395,0.994505
3396,1.2729
3397,0.662987
3398,0.596963
3399,1.4486
3400,1.16021
3401,1.31772
3402,0.333204
3403,0.992653
3404,0.182866
3405,0.711059
3406,0.0745713
3407,0.809288
3408,0.735136
3409,0.952353
3410,1.08697
3411,0.476399
3412,1.65186
3413,1.02534
3414,0.799875
3415,0.45122
3416,3.14244
3417,2.96833
3418,0.523719
3419,2.6578
3420,0.277204
3421,0.33824
3422,0.896013
3423,0.491693
3424,0.385544
3425,0.780906
3426,1.91976
3427,3.03739
3428,0.429858
3429,1.13655
3430,0.146168
3431,0.177817
3432,1.00301
3433,0.313173
3434,0.560571
3435,0.776313
3436,0.126945
3437,0.387981
3438,1.86172
3439,0.41632
3440,0.677463
3441,3.40757
3442,1.11027
3443,0.193592
3444,0.475732
3445,3.01319
3446,0.734475
3447,0.703561
3448,0.860708
3449,1.86974
3450,0.26767
3451,0.693919
3452,0.285647
3453,1.85893
3454,0.520066
3455,1.05604
3456,0.878447
3457,0.511811
3458,0.746171
3459,4.05115
3460,4.97786
3461,0.560346
3462,0.22605
3463,7.02869
3464,3.84203
3465,0.99434
3466,0.265007
3467,1.62596
3468,0.988309
3469,2.61405
3470,0.35665
3471,0.562086
3472,0.442108
3473,1.62938
3474,0.434482
3475,0.358796
3476,0.454708
3477,2.01557
3478,0.444102
3479,1.34084
3480,0.977194
3481,0.893865
3482,1.40509
3483,0.248081
3484,0.834185
3485,0.347497
3486,1.41255
3487,0.574762
3488,0.314743
3489,2.31822
3490,0.82638
3491,0.736976
3492,2.56024
3493,0.713053
3494,2.21267
3495,0.32078
3496,1.13134
3497,1.09603
3498,0.386664
3499,1.39347
3500,0.168133
3501,0.62313
3502,1.15073
3503,0.6368
3504,0.707442
3505,0.614528
3506,1.20901
3507,0.853508
3508,1.43476
3509,0.620208
3510,0.449958
3511,0.555048
3512,1.25508
3513,0.148229
3514,1.69639
3515,0.361317
3516,0.180866
3517,0.702999
3518,0.726585
3519,1.93131
3520,2.10518
3521,2.02526
3522,0.552722
3523,0.607623
3524,0.54482
3525,0.403451
3526,0.850526
3527,0.179245
3528,0.297899
3529,3.63642
3530,0.914215
3531,1.12378
3532,0.830689
3533,0.319819
3534,2.72645
3535,0.824317
3536,0.701103
3537,2.68237
3538,1.11751
3539,0.261061
3540,0.651486
3541,0.875378
3542,1.07781
3543,0.493417
3544,0.65521
3545,0.776701
3546,0.840885
3547,1.12311
3548,1.0844
3549,0.353101
3550,1.06268
3551,0.800915
3552,0.524453
3553,0.603989
3554,0.588958
3555,1.99312
3556,0.521941
3557,0.210557
3558,0.383851
3559,1.49123
3560,0.332538
3561,0.454799
3562,2.21267
3563,1.92861
3564,0.441181
3565,0.538267
3566,0.202099
3567,0.658033
3568,0.825224
3569,0.680927
3570,4.63205
3571,0.359515
3572,0.503989
3573,0.307586
3574,0.977302
3575,2.49827
3576,0.863553
3577,0.902849
3578,0.492185
3579,1.15269
3580,0.610425
3581,0.497679
3582,2.04685
3583,1.04827
3584,0.476446
3585,2.09363
3586,1.30931
3587,1.21774
3588,0.675772
3589,2.59529
3590,0.944745
3591,0.623255
3592,0.339596
3593,0.358796
3594,1.28287
3595,0.542103
3596,1.7291
3597,3.17402
3598,3.17402
3599,0.987519
3600,1.97566
3601,3.90009
3602,2.11193
3603,0.791441
3604,0.375123
3605,1.10794
3606,0.98222
3607,0.303007
3608,0.677531
3609,0.772672
3610,1.58233
3611,0.661199
3612,1.62791
3613,0.312235
3614,1.74194
3615,0.156609
3616,1.32485
3617,4.34489
3618,1.01601
3619,0.610242
3620,0.656915
3621,0.458956
3622,0.668981
3623,2.14985
3624,0.492727
3625,1.33069
3626,1.47329
3627,0.40434
3628,1.63771
3629,2.08007
3630,0.277482
3631,0.247091
3632,0.658889
3633,0.49743
3634,1.36479
3635,3.35684
3636,1.5555
3637,0.762845
3638,2.72918
3639,0.306052
3640,0.481909
3641,1.44976
3642,0.700192
3643,0.348541
3644,1.26567
3645,0.584032
3646,0.523248
3647,0.54969
3648,0.383813
3649,0.297007
3650,2.04051
3651,2.385
3652,0.274446
3653,3.85357
3654,0.525135
3655,0.25487
3656,1.24334
3657,0.470105
3658,0.646941
3659,0.412797
3660,0.259759
3661,0.386161
3662,1.57633
3663,0.660142
3664,0.244877
3665,0.462042
3666,2.48955
3667,0.633814
3668,0.207008
3669,0.301797
3670,1.90028
3671,1.33977
3672,0.218057
3673,0.406651
3674,1.06316
3675,1.12131
3676,0.57597
3677,0.365679
3678,0.534192
3679,0.423924
3680,0.158025
3681,0.849931
3682,0.972447
3683,2.79827
3684,0.354162
3685,0.347497
3686,0.152743
3687,1.47432
3688,1.18982
3689,0.640056
3690,0.602782
3691,0.244388
3692,3.08947
3693,0.824317
3694,1.49257
3695,0.426561
3696,1.29615
3697,2.42274
3698,1.09249
3699,1.03992
3700,2.45518
3701,0.403895
3702,0.267403
3703,0.443703
3704,0.993099
3705,3.9079
3706,2.20053
3707,0.632737
3708,3.11429
3709,0.851803
3710,1.37988
3711,0.955749
3712,0.245858
3713,1.49795
3714,0.40164
3715,0.839877
3716,0.63375
3717,0.364219
3718,0.358438
3719,0.892972
3720,0.491104
3721,0.760788
3722,0.193592
3723,0.275822
3724,0.20089
3725,1.42063
3726,0.745053
3727,1.01765
3728,1.16649
3729,1.20647
3730,0.466499
3731,0.775692
3732,0.676651
3733,0.77136
3734,0.392979
3735,1.21434
3736,0.843918
3737,1.93441
3738,0.371763
3739,1.39403
3740,1.55379
3741,1.87573
3742,0.694266
3743,0.518093
3744,2.80107
3745,0.150168
3746,0.942217
3747,0.385698
3748,1.25596
3749,0.83152
3750,0.524086
3751,0.619712
3752,0.553552
3753,0.573556
3754,3.09256
3755,2.60257
3756,1.04869
3757,2.80387
3758,1.21337
3759,2.77042
3760,2.19526
3761,0.42622
3762,0.331542
3763,0.234805
3764,0.266868
3765,2.52162
3766,1.76862
3767,0.186934
3768,0.423035
3769,3.64735
3770,2.72372
3771,1.33083
3772,3.02527
3773,0.882938
3774,0.568417
3775,1.373
3776,2.01436
3777,0.595175
3778,0.837696
3779,0.466079
3780,1.34541
3781,1.35121
3782,0.401038
3783,5.16033
3784,2.1589
3785,5.48491
3786,0.195734
3787,0.583448
3788,0.431711
3789,0.445526
3790,0.388485
3791,2.23916
3792,0.586138
3793,0.350288
3794,0.60248
3795,1.47713
3796,1.16393
3797,1.11561
3798,1.17939
3799,0.539183
3800,0.714194
3801,0.943867
3802,1.68203
3803,0.855901
3804,0.59061
3805,0.457627
3806,0.523771
3807,0.353808
3808,0.509156
3809,0.178708
3810,0.285361
3811,0.584791
3812,0.739338
3813,0.6398
3814,0.536816
3815,1.07121
3816,0.352044
3817,0.836859
3818,0.503838
3819,0.815462
3820,0.357364
3821,1.11071
3822,1.78568
3823,0.448566
3824,0.967384
3825,0.444725
3826,0.443481
3827,0.39412
3828,0.997791
3829,1.73325
3830,5.11921
3831,0.455482
3832,0.692879
3833,1.23875
3834,0.371614
3835,1.15246
3836,0.227865
3837,1.85392
3838,1.21653
3839,1.24845
3840,2.19219
3841,0.5134
3842,1.47521
3843,0.823246
3844,1.33496
3845,0.225147
3846,1.18471
3847,1.1003
3848,1.03061
3849,0.560907
3850,0.833518
3851,0.514376
3852,0.369132
3853,1.4319
3854,0.521524
3855,0.960194
3856,0.441402
3857,0.774994
3858,0.589135
3859,1.62174
3860,0.405798
3861,1.33016
3862,0.486217
3863,0.401238
3864,3.39736
3865,0.380412
3866,0.893329
3867,0.252082
3868,0.288806
3869,1.30552
3870,3.84972
3871,3.50083
3872,0.171016
3873,0.474592
3874,2.46354
3875,1.71224
3876,1.23171
3877,0.328901
3878,1.4598
3879,1.39724
3880,3.77349
3881,0.327915
3882,0.795488
3883,0.876604
3884,1.86042
3885,1.45514
3886,0.428742
3887,2.43464
3888,1.26238
3889,0.496635
3890,0.252587
3891,1.19925
3892,0.600015
3893,2.04031
3894,0.340616
3895,1.28969
3896,1.94799
3897,0.51799
3898,0.657244
3899,1.29175
3900,0.65103
3901,0.618969
3902,1.00186
3903,1.42006
3904,0.212036
3905,0.325954
3906,0.653901
3907,1.86731
3908,0.249325
3909,2.34597
3910,1.06282
3911,1.09769
3912,0.276651
3913,1.56957
3914,0.825472
3915,0.455208
3916,0.510737
3917,0.266335
3918,1.04892
3919,1.18282
3920,2.32495
3921,0.709993
3922,4.98284
3923,0.41045
3924,0.293171
3925,0.607806
3926,2.98321
3927,0.70815
3928,0.773678
3929,1.3719
3930,1.72806
3931,1.04999
3932,1.37163
3933,0.219369
3934,0.68352
3935,3.74342
3936,0.524295
3937,4.47273
3938,0.530837
3939,0.459599
3940,0.446284
3941,1.20238
3942,1.40032
3943,0.307894
3944,0.709922
3945,0.872843
3946,0.481187
3947,1.27405
3948,0.477257
3949,0.722816
3950,2.15782
3951,3.62553
3952,1.71704
3953,0.367879
3954,0.311923
3955,0.187496
3956,1.56002
3957,0.590787
3958,0.511862
3959,0.911184
3960,0.289674
3961,0.795726
3962,6.26513
3963,0.428914
3964,5.49589
3965,1.41538
3966,1.0342
3967,0.325954
3968,1.57413
3969,0.16696
3970,0.738895
3971,0.151981
3972,1.00332
3973,0.53886
3974,0.845777
3975,1.34071
3976,0.388252
3977,0.540317
3978,13.1839
3979,0.413623
3980,1.49765
3981,0.995048
3982,0.210136
3983,0.800995
3984,0.878886
3985,0.676448
3986,0.363855
3987,0.458635
3988,0.527345
3989,1.41822
3990,0.444814
3991,0.36204
3992,1.26263
3993,1.15696
3994,3.07714
3995,1.24558
3996,3.13616
3997,0.390394
3998,0.414244
3999,2.92414
4000,1.03394
4001,0.748563
4002,1.15131
4003,1.20358
4004,0.140296
4005,1.16637
4006,0.632358
4007,0.412549
4008,0.307586
4009,0.309747
4010,0.874852
4011,0.385814
4012,0.320459
4013,0.470669
4014,1.02378
4015,0.475732
4016,0.361678
4017,0.884617
4018,0.958592
4019,0.801556
4020,0.635655
4021,0.725061
4022,2.43245
4023,15.2564
4024,0.367144
4025,0.743341
4026,0.605379
4027,0.0993606
4028,0.135471
4029,0.267938
4030,0.924142
4031,0.283654
4032,0.641465
4033,0.678073
4034,0.743862
4035,1.40621
4036,0.42042
4037,0.554605
4038,0.58737
4039,0.478643
4040,3.44526
4041,2.29561
4042,0.66671
4043,1.62255
4044,0.291417
4045,0.416904
4046,0.248826
4047,0.513092
4048,0.318224
4049,0.15259
4050,2.83488
4051,0.360956
4052,0.337227
4053,0.746694
4054,0.331211
4055,0.621636
4056,1.23244
4057,0.79366
4058,1.13111
4059,0.940861
4060,0.585494
4061,0.673276
4062,0.382128
4063,1.20069
4064,0.267135
4065,2.67915
4066,0.848148
4067,0.375649
4068,3.04652
4069,0.940786
4070,0.305746
4071,0.356294
4072,0.565412
4073,0.790255
4074,0.391958
4075,0.418491
4076,0.510584
4077,0.562592
4078,1.59233
4079,0.534673
4080,2.22198
4081,1.18495
4082,0.593095
4083,0.33454
4084,0.553773
4085,0.91566
4086,2.10749
4087,1.48379
4088,1.09004
4089,0.311923
4090,0.484664
4091,0.117185
4092,0.159454
4093,0.424986
4094,0.251327
4095,1.61043
4096,1.70012
4097,0.488117
4098,0.297007
4099,0.618845
4100,0.378931
4101,1.15535
4102,1.9603
4103,1.00817
4104,0.413582
4105,0.71291
4106,1.41016
4107,2.82074
4108,2.05669
4109,0.145584
4110,0.555826
4111,0.451626
4112,0.425879
4113,0.266069
4114,1.46785
4115,2.18912
4116,0.124431
4117,0.351692
4118,0.863812
4119,0.473738
4120,1.51877
4121,1.32194
4122,0.406732
4123,0.907919
4124,0.517731
4125,0.48758
4126,0.451897
4127,0.182684
4128,8.6885
4129,0.281675
4130,0.466919
4131,0.321101
4132,1.45485
4133,0.846115
4134,0.500574
4135,0.238115
4136,0.560627
4137,2.64613
4138,0.596724
4139,2.1548
4140,1.04996
4141,0.475875
4142,0.535904
4143,0.207008
4144,0.791124
4145,0.33824
4146,1.08465
4147,0.755935
4148,2.04112
4149,0.430288
4150,0.245367
4151,1.76509
4152,0.986107
4153,0.232236
4154,0.405879
4155,0.97339
4156,0.528771
4157,0.386741
4158,1.01937
4159,0.083076
4160,0.224922
4161,0.864503
4162,6.99363
4163,0.674084
4164,2.93292
4165,0.321422
4166,0.631852
4167,0.639928
4168,0.487239
4169,0.470434
4170,0.443703
4171,0.655341
4172,1.85837
4173,0.143992
4174,1.12829
4175,0.70978
4176,1.46888
4177,0.803161
4178,1.48557
4179,0.461718
4180,1.27583
4181,1.17727
4182,0.337227
4183,0.449374
4184,0.562199
4185,0.422443
4186,0.997897
4187,0.366777
4188,0.268743
4189,0.131467
4190,1.8397
4191,2.26959
4192,0.827952
4193,0.935644
4194,0.359515
4195,1.13338
4196,1.24745
4197,0.453391
4198,0.691771
4199,0.634258
4200,0.479074
4201,0.338578
4202,0.29464
4203,1.37644
4204,0.513297
4205,0.486704
4206,0.660869
4207,0.685093
4208,0.154587
4209,1.04983
4210,3.50784
4211,1.55348
4212,0.385274
4213,0.66965
4214,0.555937
4215,0.808722
4216,0.66691
4217,0.647588
4218,2.27641
4219,0.409671
4220,0.518715
4221,0.911868
4222,1.3527
4223,0.38274
4224,1.41935
4225,0.264742
4226,1.99352
4227,0.903843
4228,0.124681
4229,0.294052
4230,0.381937
4231,0.263685
4232,0.927317
4233,0.377192
4234,1.67649
4235,2.25759
4236,1.02662
4237,4.12473
4238,0.290835
4239,3.21556
4240,0.638521
4241,1.3637
4242,1.00217
4243,0.20413
4244,0.533658
4245,1.19566
4246,0.718349
4247,0.229696
4248,1.04982
4249,0.940786
4250,0.36976
4251,2.6332
4252,0.769511
4253,1.69418
4254,0.572124
4255,0.934307
4256,1.39501
4257,0.573441
4258,3.99083
4259,0.427116
4260,1.40734
4261,1.16532
4262,0.574474
4263,2.00011
4264,0.410368
4265,0.878271
4266,0.261584
4267,0.32726
4268,0.222684
4269,0.912835
4270,0.511197
4271,0.372321
4272,0.424731
4273,0.754123
4274,1.2482
4275,0.842906
4276,0.284506
4277,0.799315
4278,0.672939
4279,0.384966
4280,0.158659
4281,0.504897
4282,0.476685
4283,0.262895
4284,1.66712
4285,0.644616
4286,0.667511
4287,2.23849
4288,0.466405
4289,0.704829
4290,0.588899
4291,0.549745
4292,0.501576
4293,0.879589
4294,2.11024
4295,0.683998
4296,0.293171
4297,0.817667
4298,0.811233
4299,0.432445
4300,0.446686
4301,2.65223
4302,4.05115
4303,0.524715
4304,0.841054
4305,1.41241
4306,0.429257
4307,1.39934
4308,0.409753
4309,1.38458
4310,0.354162
4311,1.18329
4312,0.505756
4313,0.414327
4314,0.878271
4315,1.37671
4316,0.198295
4317,0.179066
4318,0.291126
4319,2.55359
4320,0.91979
4321,0.733374
4322,0.983281
4323,0.515767
4324,1.96187
4325,0.650834
4326,1.03184
4327,0.341298
4328,0.507225
4329,0.677125
4330,0.298794
4331,0.482536
4332,2.30943
4333,0.973478
4334,0.628261
4335,0.686328
4336,0.594521
4337,0.795408
4338,0.641786
4339,0.220469
4340,1.52898
4341,0.466079
4342,1.01153
4343,1.0568
4344,1.51467
4345,0.700543
4346,0.907556
4347,1.28159
4348,1.99391
4349,1.46888
4350,1.05341
4351,0.468603
4352,0.601638
4353,0.684819
4354,0.699633
4355,0.697328
4356,0.521576
4357,1.42761
4358,0.935869
4359,0.324652
4360,0.218931
4361,0.378401
4362,0.436835
4363,0.341298
4364,1.01354
4365,0.783723
4366,0.658033
4367,0.488703
4368,0.167797
4369,4.65062
4370,0.438717
4371,0.96028
4372,1.51225
4373,1.96109
4374,0.5233
4375,0.996457
4376,0.419077
4377,1.46947
4378,1.67448
4379,1.35676
4380,0.540911
4381,0.946835
4382,0.476732
4383,0.884529
4384,1.07
4385,0.876429
4386,0.910847
4387,0.348541
4388,1.81303
4389,1.32115
4390,0.0627247
4391,1.38168
4392,1.31206
4393,1.54604
4394,0.564283
4395,0.434917
4396,0.427116
4397,0.842063
4398,2.19438
4399,0.553386
4400,0.187496
4401,0.701735
4402,0.840633
4403,1.85151
4404,0.60417
4405,1.80273
4406,2.85765
4407,0.679431
4408,0.727312
4409,0.121117
4410,0.912616
4411,1.25747
4412,0.318542
4413,0.637883
4414,2.51004
4415,0.398479
4416,0.418868
4417,0.750887
4418,0.993977
4419,0.339935
4420,0.205358
4421,0.751112
4422,0.494059
4423,0.431883
4424,1.76209
4425,0.810503
4426,1.36615
4427,0.333537
4428,1.45092
4429,0.369354
4430,0.906178
4431,1.42376
4432,4.84041
4433,0.92094
4434,0.561524
4435,0.978485
4436,0.18452
4437,0.464776
4438,0.577412
4439,0.166793
4440,0.103209
4441,0.215887
4442,1.08433
4443,0.506516
4444,1.83841
4445,3.14873
4446,0.948001
4447,0.484567
4448,1.10871
4449,1.19937
4450,0.682836
4451,0.548099
4452,2.28782
4453,0.761702
4454,0.404947
4455,0.266868
4456,0.972943
4457,0.688596
4458,0.183967
4459,1.69605
4460,0.701103
4461,0.460151
4462,1.44224
4463,0.814566
4464,1.84541
4465,2.63136
4466,0.395265
4467,0.409098
4468,0.257947
4469,0.377494
4470,1.23306
4471,0.847724
4472,0.314743
4473,0.89691
4474,1.40846
4475,5.41406
4476,1.44629
4477,0.933317
4478,0.868055
4479,0.533285
4480,0.629896
4481,0.578047
4482,1.21811
4483,0.503838
4484,0.736239
4485,1.17798
4486,0.827621
4487,2.98619
4488,1.01574
4489,1.45718
4490,2.00832
4491,2.29653
4492,2.02628
4493,1.43591
4494,0.857958
4495,2.17146
4496,0.478021
4497,0.458773
4498,0.23907
4499,0.281675
4500,1.91133
4501,1.16964
4502,2.76489
4503,0.699353
4504,1.4993
4505,0.408077
4506,0.200288
4507,0.748862
4508,0.991665
4509,1.69774
4510,0.780828
4511,0.688941
4512,1.43333
4513,0.217404
4514,0.613976
4515,0.401961
4516,0.904837
4517,2.74286
4518,0.568019
4519,0.760484
4520,0.922867
4521,2.01536
4522,0.661067
4523,0.335209
4524,0.255381
4525,0.577643
4526,0.644552
4527,0.496685
4528,0.748713
4529,1.18448
4530,0.676515
4531,2.1561
4532,0.968574
4533,1.64395
4534,1.35853
4535,1.20937
4536,1.41496
4537,0.292878
4538,1.61607
4539,0.921972
4540,0.332538
4541,0.915907
4542,0.893955
4543,0.424094
4544,0.993536
4545,0.329889
4546,0.163327
4547,0.749237
4548,0.910638
4549,1.72461
4550,0.456028
4551,1.55271
4552,1.00193
4553,0.152743
4554,1.3637
4555,0.673478
4556,0.249574
4557,1.04908
4558,2.08465
4559,1.25847
4560,1.74351
4561,0.826876
4562,0.632927
4563,1.1953
4564,0.88338
4565,1.20406
4566,0.584499
4567,1.00711
4568,3.47989
4569,0.69503
4570,0.736534
4571,0.546785
4572,0.719283
4573,0.87915
4574,0.600736
4575,0.460566
4576,0.466965
4577,0.847978
4578,0.210557
4579,0.324652
4580,0.253346
4581,0.890119
4582,1.27749
4583,0.823987
4584,0.702858
4585,1.41822
4586,0.305135
4587,1.02768
4588,1.78532
4589,0.736829
4590,1.8076
4591,0.881703
4592,0.699423
4593,2.6517
4594,0.645197
4595,0.264742
4596,0.292
4597,3.19312
4598,0.793184
4599,0.632674
4600,0.742598
4601,0.236454
4602,0.273351
4603,0.7781
4604,1.13462
4605,1.70881
4606,0.534459
4607,1.36193
4608,5.66326
4609,0.173427
4610,0.909901
4611,0.302401
4612,0.51799
4613,0.519079
4614,0.528982
4615,0.625878
4616,2.84056
4617,0.876166
4618,0.604532
4619,0.548263
4620,0.206594
4621,2.95944
4622,0.876867
4623,0.803723
4624,0.255125
4625,0.553939
4626,1.86433
4627,0.666443
4628,0.411478
4629,2.88637
4630,0.702156
4631,0.0898153
4632,0.654686
4633,1.5299
4634,0.315373
4635,0.428656
4636,1.50923
4637,0.761626
4638,0.655275
4639,0.713338
4640,1.99911
4641,0.793978
4642,8.36453
4643,0.7774
4644,0.222462
4645,0.617238
4646,0.106352
4647,0.127199
4648,0.218931
4649,0.585259
4650,0.539129
4651,0.229696
4652,1.61091
4653,1.38279
4654,0.768742
4655,0.396571
4656,0.503889
4657,1.53235
4658,0.195343
4659,0.41753
4660,0.150619
4661,0.354871
4662,0.768204
4663,1.99053
4664,0.54542
4665,0.250825
4666,0.399916
4667,1.11583
4668,0.35665
4669,1.60866
4670,0.361678
4671,6.11045
4672,1.8254
4673,0.7226
4674,0.147047
4675,0.449104
4676,0.489877
4677,1.21022
4678,1.72564
4679,0.475162
4680,2.21245
4681,1.1019
4682,0.244632
4683,0.566148
4684,0.192627
4685,0.440344
4686,0.474165
4687,1.81212
4688,0.934176
4689,0.556493
4690,1.49362
4691,0.410615
4692,0.302401
4693,0.386857
4694,1.97309
4695,1.06774
4696,0.546621
4697,0.178351
4698,1.27252
4699,0.365679
4700,0.0860351
4701,0.485974
4702,0.520118
4703,1.38044
4704,2.20913
4705,0.445036
4706,1.5273
4707,0.444058
4708,0.589901
4709,1.15616
4710,0.339256
4711,2.02871
4712,0.687564
4713,1.10085
4714,0.0778478
4715,0.44388
4716,0.492038
4717,0.228322
4718,0.538698
4719,2.12761
4720,1.74281
4721,0.157552
4722,1.58281
4723,0.55013
4724,1.20683
4725,0.371502
4726,0.247338
4727,1.26301
4728,0.510431
4729,0.379462
4730,1.11561
4731,1.78069
4732,1.35391
4733,1.05667
4734,0.580945
4735,0.908446
4736,7.30822
4737,0.575222
4738,0.50687
4739,1.36247
4740,0.580016
4741,0.729424
4742,1.50516
4743,0.303917
4744,0.364583
4745,4.65527
4746,0.544221
4747,0.68311
4748,0.185444
4749,1.04627
4750,1.4319
4751,0.604049
4752,0.390862
4753,1.54218
4754,0.245122
4755,0.411807
4756,0.754877
4757,0.448297
4758,0.35134
4759,0.153508
4760,0.333537
4761,1.34932
4762,1.57759
4763,1.03797
4764,0.343009
4765,0.669784
4766,0.842906
4767,1.40649
4768,1.78747
4769,0.392743
4770,0.287078
4771,0.420462
4772,3.15504
4773,0.768358
4774,0.33588
4775,0.597919
4776,3.6219
4777,1.58931
4778,1.48974
4779,1.27074
4780,1.64017
4781,0.482825
4782,6.68589
4783,0.604593
4784,0.429214
4785,1.48528
4786,2.4466
4787,0.977702
4788,0.36204
4789,1.62109
4790,1.91114
4791,1.99431
4792,0.984885
4793,0.975759
4794,1.01409
4795,0.423543
4796,0.380032
4797,1.75786
4798,0.306972
4799,1.50275
4800,0.4392
