MDTU,link
1,1.06626
2,1.06253
3,1.0623
4,1.06107
5,1.05802
6,1.05779
7,1.0617
8,1.06107
9,1.0599
10,1.06026
11,1.05831
12,1.05709
13,1.0566
14,1.05532
15,1.05545
16,1.05505
17,1.05571
18,1.05495
19,1.053
20,1.04946
21,1.05056
22,1.05278
23,1.05353
24,1.05273
25,1.05433
26,1.05433
27,1.05433
28,1.05433
29,1.05148
30,1.05032
31,1.04576
32,1.0477
33,1.04716
34,1.04444
35,1.04449
36,1.04497
37,1.04363
38,1.04363
39,1.04257
40,1.04567
41,1.04567
42,1.0455
43,1.04413
44,1.04059
45,1.04169
46,1.03939
47,1.03593
48,1.03625
49,1.03598
50,1.0368
51,1.03596
52,1.03576
53,1.03589
54,1.03727
55,1.03637
56,1.03614
57,1.03614
58,1.0381
59,1.03608
60,1.03608
61,1.03607
62,1.03982
63,1.03797
64,1.03824
65,1.0389
66,1.0389
67,1.0389
68,1.03776
69,1.04015
70,1.03714
71,1.03725
72,1.03725
73,1.0387
74,1.03539
75,1.04026
76,1.03805
77,1.03886
78,1.03746
79,1.03261
80,1.03197
81,1.03408
82,1.03621
83,1.03621
84,1.03414
85,1.03338
86,1.03238
87,1.03049
88,1.02942
89,1.0278
90,1.02991
91,1.0306
92,1.02787
93,1.03108
94,1.02955
95,1.02888
96,1.03125
97,1.02719
98,1.0268
99,1.02702
100,1.02697
101,1.02333
102,1.02333
103,1.02132
104,1.02044
105,1.02044
106,1.02418
107,1.02036
108,1.02036
109,1.02027
110,1.02085
111,1.01799
112,1.01799
113,1.02224
114,1.02224
115,1.02407
116,1.02407
117,1.02545
118,1.02655
119,1.02663
120,1.02663
121,1.02502
122,1.02474
123,1.02598
124,1.02598
125,1.02598
126,1.02302
127,1.02511
128,1.02431
129,1.02431
130,1.02335
131,1.02504
132,1.02166
133,1.02357
134,1.02429
135,1.02335
136,1.02013
137,1.01872
138,1.02033
139,1.02033
140,1.02033
141,1.02033
142,1.02494
143,1.02494
144,1.02494
145,1.02843
146,1.02212
147,1.02212
148,1.02309
149,1.02412
150,1.02703
151,1.0258
152,1.02416
153,1.02059
154,1.02141
155,1.02229
156,1.02229
157,1.01932
158,1.01932
159,1.01932
160,1.01943
161,1.01943
162,1.01943
163,1.02313
164,1.02412
165,1.02115
166,1.02115
167,1.02115
168,1.02049
169,1.01976
170,1.02097
171,1.01773
172,1.01734
173,1.01649
174,1.01701
175,1.01942
176,1.0227
177,1.0227
178,1.02092
179,1.02031
180,1.02031
181,1.02006
182,1.02332
183,1.0206
184,1.02034
185,1.02151
186,1.01876
187,1.01936
188,1.02051
189,1.01613
190,1.01613
191,1.01662
192,1.01662
193,1.01714
194,1.01992
195,1.01923
196,1.01923
197,1.01693
198,1.01693
199,1.0166
200,1.01929
201,1.02109
202,1.02109
203,1.02152
204,1.01997
205,1.01997
206,1.01887
207,1.01647
208,1.01974
209,1.01673
210,1.01505
211,1.01279
212,1.01279
213,1.01279
214,1.0124
215,1.0124
216,1.01059
217,1.01171
218,1.01177
219,1.01111
220,1.00883
221,1.0104
222,1.01178
223,1.01241
224,1.01272
225,1.01264
226,1.01264
227,1.01027
228,1.01236
229,1.01396
230,1.01397
231,1.01176
232,1.01313
233,1.01175
234,1.01105
235,1.01105
236,1.01235
237,1.01194
238,1.01134
239,1.00957
240,1.00957
241,1.01009
242,1.009
243,1.009
244,1.009
245,1.009
246,1.01017
247,1.01023
248,1.01003
249,1.01128
250,1.01039
251,1.0104
252,1.01011
253,1.01261
254,1.01261
255,1.01261
256,1.01263
257,1.01233
258,1.01217
259,1.01584
260,1.01584
261,1.01545
262,1.01673
263,1.01673
264,1.01678
265,1.01588
266,1.01818
267,1.01928
268,1.02073
269,1.02073
270,1.01952
271,1.02188
272,1.02188
273,1.02095
274,1.0255
275,1.02333
276,1.02221
277,1.02078
278,1.02078
279,1.02245
280,1.02099
281,1.02099
282,1.02187
283,1.01943
284,1.02136
285,1.023
286,1.02125
287,1.02125
288,1.02192
289,1.02192
290,1.0201
291,1.0201
292,1.0201
293,1.0201
294,1.02102
295,1.0186
296,1.01881
297,1.01913
298,1.01998
299,1.02319
300,1.02043
301,1.02025
302,1.02025
303,1.02025
304,1.01908
305,1.01908
306,1.01908
307,1.02099
308,1.02099
309,1.02099
310,1.01905
311,1.01988
312,1.01756
313,1.01486
314,1.01486
315,1.01373
316,1.01541
317,1.01541
318,1.02027
319,1.02027
320,1.02217
321,1.01947
322,1.02029
323,1.01828
324,1.01611
325,1.01385
326,1.0115
327,1.0115
328,1.00849
329,1.00916
330,1.01288
331,1.01619
332,1.01619
333,1.01619
334,1.01431
335,1.01749
336,1.01749
337,1.01822
338,1.0169
339,1.02164
340,1.02164
341,1.02045
342,1.02204
343,1.02347
344,1.02347
345,1.02406
346,1.02164
347,1.0236
348,1.02148
349,1.02147
350,1.01888
351,1.0186
352,1.01912
353,1.01912
354,1.01912
355,1.02153
356,1.02126
357,1.02021
358,1.02098
359,1.02098
360,1.0222
361,1.01898
362,1.01909
363,1.01776
364,1.02138
365,1.01371
366,1.01145
367,1.01234
368,1.01234
369,1.00863
370,1.00863
371,1.00863
372,1.01077
373,1.00855
374,1.00909
375,1.01062
376,1.00889
377,1.00889
378,1.01395
379,1.01626
380,1.01473
381,1.01473
382,1.01583
383,1.01517
384,1.01517
385,1.01528
386,1.01528
387,1.0164
388,1.02161
389,1.02134
390,1.02134
391,1.01946
392,1.01946
393,1.01946
394,1.0214
395,1.021
396,1.02148
397,1.02148
398,1.02148
399,1.01897
400,1.02105
401,1.02195
402,1.01681
403,1.01724
404,1.01724
405,1.01724
406,1.01836
407,1.01836
408,1.016
409,1.01455
410,1.01639
411,1.01639
412,1.01328
413,1.01577
414,1.01906
415,1.0179
416,1.0179
417,1.01831
418,1.01831
419,1.02186
420,1.02329
421,1.01852
422,1.01855
423,1.02083
424,1.01925
425,1.02205
426,1.0216
427,1.02465
428,1.02738
429,1.02644
430,1.02727
431,1.02702
432,1.02428
433,1.02219
434,1.02219
435,1.02195
436,1.02038
437,1.01785
438,1.01785
439,1.01785
440,1.01783
441,1.01783
442,1.01469
443,1.01486
444,1.01486
445,1.01574
446,1.01574
447,1.01599
448,1.01219
449,1.01375
450,1.01471
451,1.01534
452,1.01534
453,1.01534
454,1.01624
455,1.01631
456,1.0153
457,1.01415
458,1.01415
459,1.01415
460,1.01406
461,1.0118
462,1.0118
463,1.01414
464,1.01294
465,1.01294
466,1.01443
467,1.01204
468,1.0169
469,1.01414
470,1.01414
471,1.01414
472,1.01344
473,1.01518
474,1.01569
475,1.01569
476,1.01569
477,1.01774
478,1.01662
479,1.01452
480,1.0168
481,1.01655
482,1.01427
483,1.01427
484,1.01784
485,1.01638
486,1.01638
487,1.01665
488,1.01468
489,1.01305
490,1.01183
491,1.01364
492,1.01231
493,1.01547
494,1.01244
495,1.01001
496,1.01001
497,1.01056
498,1.01049
499,1.01049
500,1.01302
501,1.01302
502,1.01302
503,1.01302
504,1.01219
505,1.01374
506,1.01374
507,1.01374
508,1.01374
509,1.01374
510,1.01528
511,1.01522
512,1.0158
513,1.02014
514,1.01086
515,1.01339
516,1.01339
517,1.01354
518,1.0168
519,1.01603
520,1.01603
521,1.0124
522,1.01396
523,1.01301
524,1.01301
525,1.01301
526,1.01301
527,1.01632
528,1.02
529,1.0199
530,1.0199
531,1.02174
532,1.02174
533,1.02278
534,1.02102
535,1.02102
536,1.02102
537,1.02102
538,1.0202
539,1.0202
540,1.0202
541,1.0202
542,1.01775
543,1.01727
544,1.0142
545,1.01317
546,1.01317
547,1.01184
548,1.01184
549,1.01435
550,1.01435
551,1.01435
552,1.01409
553,1.01409
554,1.01637
555,1.016
556,1.016
557,1.016
558,1.016
559,1.01699
560,1.01673
561,1.01673
562,1.0166
563,1.01571
564,1.01579
565,1.01579
566,1.01477
567,1.01317
568,1.0158
569,1.01519
570,1.01311
571,1.01311
572,1.01301
573,1.01301
574,1.01301
575,1.01301
576,1.01499
577,1.01641
578,1.01641
579,1.01641
580,1.01705
581,1.01705
582,1.01705
583,1.0174
584,1.0174
585,1.01617
586,1.01632
587,1.01719
588,1.01751
589,1.01743
590,1.01444
591,1.01438
592,1.01438
593,1.01438
594,1.01492
595,1.01141
596,1.01141
597,1.01103
598,1.00858
599,1.00884
600,1.00851
601,1.00851
602,1.00851
603,1.00771
604,1.01056
605,1.01056
606,1.01061
607,1.01005
608,1.00721
609,1.00625
610,1.00655
611,1.00655
612,1.00612
613,1.00612
614,1.00612
615,1.00612
616,1.0082
617,1.00622
618,1.00622
619,1.00622
620,1.00622
621,1.00693
622,1.00782
623,1.00782
624,1.00782
625,1.0065
626,1.01159
627,1.01279
628,1.01314
629,1.01317
630,1.01002
631,1.01002
632,1.00816
633,1.00816
634,1.00747
635,1.00889
636,1.01374
637,1.01144
638,1.01277
639,1.00952
640,1.01212
641,1.01405
642,1.0117
643,1.0153
644,1.01362
645,1.01078
646,1.00986
647,1.00986
648,1.00986
649,1.00881
650,1.00792
651,1.00771
652,1.0135
653,1.01252
654,1.01026
655,1.01284
656,1.01273
657,1.01273
658,1.00925
659,1.00925
660,1.01144
661,1.0066
662,1.00374
663,1.00091
664,1.00096
665,0.998747
666,1.00056
667,1.00101
668,1.00101
669,1.00101
670,1.0013
671,1.0013
672,1.00304
673,1.00008
674,1.00008
675,1.00008
676,1.00008
677,0.999271
678,1.00063
679,1.00063
680,0.999115
681,0.9985
682,1.00051
683,1.00051
684,1.00363
685,1.00363
686,1.00515
687,1.00359
688,1.00359
689,1.0072
690,1.0077
691,1.00725
692,1.00725
693,1.00725
694,1.00843
695,1.00843
696,1.00805
697,1.00805
698,1.00599
699,1.00604
700,1.00402
701,1.00708
702,1.00603
703,1.00764
704,1.01003
705,1.01003
706,1.01156
707,1.01218
708,1.0112
709,1.0112
710,1.01144
711,1.0138
712,1.01221
713,1.01048
714,1.00739
715,1.0069
716,1.00644
717,1.00862
718,1.00862
719,1.01174
720,1.00958
721,1.00799
722,1.00764
723,1.0085
724,1.0085
725,1.00992
726,1.01061
727,1.01061
728,1.01071
729,1.0112
730,1.01465
731,1.0126
732,1.01322
733,1.01209
734,1.01209
735,1.01418
736,1.01541
737,1.01288
738,1.01288
739,1.01288
740,1.01288
741,1.01664
742,1.01401
743,1.01595
744,1.01525
745,1.01326
746,1.01326
747,1.01228
748,1.01228
749,1.00943
750,1.00921
751,1.00921
752,1.00921
753,1.01624
754,1.01621
755,1.01401
756,1.01691
757,1.01469
758,1.01189
759,1.01568
760,1.02013
761,1.02075
762,1.01728
763,1.01708
764,1.01405
765,1.01405
766,1.01405
767,1.01403
768,1.01289
769,1.01583
770,1.01519
771,1.01903
772,1.012
773,1.012
774,1.012
775,1.01249
776,1.01181
777,1.01181
778,1.01446
779,1.00754
780,1.00685
781,1.00685
782,1.00685
783,1.00468
784,1.00855
785,1.00784
786,1.01127
787,1.01223
788,1.01123
789,1.01123
790,1.01123
791,1.00977
792,1.0108
793,1.0142
794,1.0142
795,1.0142
796,1.01329
797,1.01326
798,1.01326
799,1.01703
800,1.01703
801,1.01915
802,1.01832
803,1.01832
804,1.02001
805,1.01903
806,1.0189
807,1.01679
808,1.0157
809,1.01669
810,1.01753
811,1.01839
812,1.01824
813,1.01824
814,1.01824
815,1.01824
816,1.02016
817,1.02028
818,1.01816
819,1.01715
820,1.01976
821,1.02042
822,1.02171
823,1.02249
824,1.02249
825,1.0213
826,1.02132
827,1.01823
828,1.01823
829,1.01823
830,1.01692
831,1.01692
832,1.01622
833,1.01622
834,1.01622
835,1.01523
836,1.0153
837,1.01691
838,1.0179
839,1.0179
840,1.01751
841,1.01751
842,1.01866
843,1.01876
844,1.01832
845,1.01832
846,1.01941
847,1.01478
848,1.01298
849,1.01298
850,1.01298
851,1.01094
852,1.01004
853,1.0115
854,1.0115
855,1.01196
856,1.01162
857,1.01489
858,1.01554
859,1.01554
860,1.01478
861,1.01478
862,1.01478
863,1.01727
864,1.01816
865,1.01579
866,1.01813
867,1.01813
868,1.01788
869,1.0202
870,1.01911
871,1.02034
872,1.01677
873,1.01677
874,1.01677
875,1.01677
876,1.01856
877,1.01728
878,1.01971
879,1.01971
880,1.01866
881,1.01866
882,1.01666
883,1.02022
884,1.02022
885,1.02403
886,1.02403
887,1.02415
888,1.02396
889,1.0219
890,1.02171
891,1.01854
892,1.01913
893,1.0197
894,1.02053
895,1.0184
896,1.01825
897,1.01825
898,1.01919
899,1.01919
900,1.01919
901,1.01966
902,1.01743
903,1.01743
904,1.01709
905,1.01736
906,1.01998
907,1.02152
908,1.02306
909,1.02292
910,1.02033
911,1.01693
912,1.02032
913,1.02097
914,1.02097
915,1.02266
916,1.02125
917,1.01944
918,1.02009
919,1.01765
920,1.01801
921,1.01625
922,1.01515
923,1.01515
924,1.01443
925,1.01443
926,1.01728
927,1.0176
928,1.01863
929,1.01793
930,1.01793
931,1.01793
932,1.01669
933,1.01669
934,1.01669
935,1.01504
936,1.01504
937,1.01504
938,1.01504
939,1.01504
940,1.01504
941,1.01484
942,1.0164
943,1.01233
944,1.01233
945,1.01263
946,1.0122
947,1.00983
948,1.01465
949,1.0158
950,1.02055
951,1.02209
952,1.01984
953,1.01984
954,1.01984
955,1.01984
956,1.01663
957,1.01857
958,1.01857
959,1.01437
960,1.0143
961,1.01457
962,1.01457
963,1.01457
964,1.01259
965,1.01259
966,1.01463
967,1.01463
968,1.01309
969,1.01547
970,1.01674
971,1.01583
972,1.01578
973,1.01578
974,1.01608
975,1.01608
976,1.01407
977,1.01343
978,1.01402
979,1.01402
980,1.01298
981,1.01298
982,1.01298
983,1.01263
984,1.0123
985,1.01371
986,1.01371
987,1.01371
988,1.01371
989,1.01827
990,1.01876
991,1.01982
992,1.02131
993,1.01996
994,1.01996
995,1.02234
996,1.02163
997,1.02052
998,1.02052
999,1.0186
1000,1.01721
1001,1.01721
1002,1.01721
1003,1.01721
1004,1.01844
1005,1.01687
1006,1.01918
1007,1.01835
1008,1.01835
1009,1.01835
1010,1.01655
1011,1.01655
1012,1.01655
1013,1.02258
1014,1.02258
1015,1.02061
1016,1.02061
1017,1.01926
1018,1.02148
1019,1.02069
1020,1.02069
1021,1.02
1022,1.01926
1023,1.01698
1024,1.01698
1025,1.01516
1026,1.01516
1027,1.01516
1028,1.01516
1029,1.01446
1030,1.01446
1031,1.0138
1032,1.0138
1033,1.01475
1034,1.01476
1035,1.0157
1036,1.01511
1037,1.01511
1038,1.01493
1039,1.01533
1040,1.01379
1041,1.01111
1042,1.01111
1043,1.01012
1044,1.00988
1045,1.01175
1046,1.01584
1047,1.01831
1048,1.02075
1049,1.02075
1050,1.01954
1051,1.01965
1052,1.01953
1053,1.02079
1054,1.01997
1055,1.01836
1056,1.02008
1057,1.01898
1058,1.01898
1059,1.01955
1060,1.02225
1061,1.02149
1062,1.01821
1063,1.01853
1064,1.01916
1065,1.01909
1066,1.01956
1067,1.0168
1068,1.01332
1069,1.01565
1070,1.01385
1071,1.01397
1072,1.01142
1073,1.01148
1074,1.01143
1075,1.01431
1076,1.01277
1077,1.01603
1078,1.01796
1079,1.01796
1080,1.01501
1081,1.01501
1082,1.01258
1083,1.01253
1084,1.01142
1085,1.01142
1086,1.01108
1087,1.01423
1088,1.01423
1089,1.01423
1090,1.01425
1091,1.01518
1092,1.01481
1093,1.01251
1094,1.01246
1095,1.01246
1096,1.01368
1097,1.01531
1098,1.01664
1099,1.0166
1100,1.01523
1101,1.01387
1102,1.01487
1103,1.01487
1104,1.01487
1105,1.01487
1106,1.01273
1107,1.01273
1108,1.01441
1109,1.01441
1110,1.01337
1111,1.01523
1112,1.01523
1113,1.01523
1114,1.01263
1115,1.01476
1116,1.0172
1117,1.0172
1118,1.0142
1119,1.01325
1120,1.01175
1121,1.01426
1122,1.01426
1123,1.01426
1124,1.01544
1125,1.01548
1126,1.01385
1127,1.01385
1128,1.01385
1129,1.01282
1130,1.01282
1131,1.01285
1132,1.01421
1133,1.01502
1134,1.01503
1135,1.01598
1136,1.01695
1137,1.01783
1138,1.01729
1139,1.01599
1140,1.01579
1141,1.01582
1142,1.01685
1143,1.01528
1144,1.01528
1145,1.02001
1146,1.02001
1147,1.01762
1148,1.01541
1149,1.0165
1150,1.018
1151,1.01485
1152,1.01485
1153,1.01477
1154,1.01585
1155,1.01858
1156,1.01317
1157,1.01587
1158,1.01119
1159,1.0134
1160,1.01137
1161,1.01145
1162,1.01158
1163,1.0165
1164,1.01817
1165,1.015
1166,1.01747
1167,1.01917
1168,1.01917
1169,1.01707
1170,1.01318
1171,1.01318
1172,1.01337
1173,1.01337
1174,1.01337
1175,1.01337
1176,1.01419
1177,1.01403
1178,1.01403
1179,1.01403
1180,1.01022
1181,1.00958
1182,1.00632
1183,1.00632
1184,1.01253
1185,1.01253
1186,1.01108
1187,1.01108
1188,1.01453
1189,1.01416
1190,1.01444
1191,1.01444
1192,1.00995
1193,1.00974
1194,1.0085
1195,1.01105
1196,1.01283
1197,1.01038
1198,1.0106
1199,1.01279
1200,1.01106
1201,1.01544
1202,1.01759
1203,1.01436
1204,1.01262
1205,1.01167
1206,1.00966
1207,1.0105
1208,1.01175
1209,1.01175
1210,1.00873
1211,1.01212
1212,1.01212
1213,1.01429
1214,1.01209
1215,1.01274
1216,1.01123
1217,1.01056
1218,1.00944
1219,1.00944
1220,1.00944
1221,1.01223
1222,1.01391
1223,1.01172
1224,1.01187
1225,1.01187
1226,1.01471
1227,1.01565
1228,1.01319
1229,1.01664
1230,1.01309
1231,1.01223
1232,1.01656
1233,1.01447
1234,1.01447
1235,1.01447
1236,1.01825
1237,1.01825
1238,1.01825
1239,1.01613
1240,1.01613
1241,1.0151
1242,1.01577
1243,1.01909
1244,1.0189
1245,1.01765
1246,1.01887
1247,1.01783
1248,1.01838
1249,1.01838
1250,1.01838
1251,1.01754
1252,1.02097
1253,1.02097
1254,1.02254
1255,1.02254
1256,1.02444
1257,1.02444
1258,1.02444
1259,1.02344
1260,1.02344
1261,1.02514
1262,1.02493
1263,1.02346
1264,1.02346
1265,1.02346
1266,1.02093
1267,1.0243
1268,1.02454
1269,1.02533
1270,1.02314
1271,1.02196
1272,1.02195
1273,1.02195
1274,1.02195
1275,1.02019
1276,1.0212
1277,1.0212
1278,1.0174
1279,1.0174
1280,1.0158
1281,1.01729
1282,1.01748
1283,1.01516
1284,1.01839
1285,1.01887
1286,1.02017
1287,1.02017
1288,1.02327
1289,1.02286
1290,1.02054
1291,1.02202
1292,1.02618
1293,1.02524
1294,1.02675
1295,1.02387
1296,1.02553
1297,1.02349
1298,1.02172
1299,1.02152
1300,1.02152
1301,1.02147
1302,1.02273
1303,1.021
1304,1.02371
1305,1.02266
1306,1.02455
1307,1.02573
1308,1.02657
1309,1.02168
1310,1.02168
1311,1.02486
1312,1.02331
1313,1.02336
1314,1.02336
1315,1.02379
1316,1.02379
1317,1.02379
1318,1.02548
1319,1.0263
1320,1.0263
1321,1.0263
1322,1.0263
1323,1.02599
1324,1.02297
1325,1.02029
1326,1.02091
1327,1.02021
1328,1.02021
1329,1.02176
1330,1.01913
1331,1.02122
1332,1.01922
1333,1.01687
1334,1.01687
1335,1.01727
1336,1.01129
1337,1.01597
1338,1.01597
1339,1.01597
1340,1.01597
1341,1.0168
1342,1.02012
1343,1.01717
1344,1.02275
1345,1.02275
1346,1.02248
1347,1.02407
1348,1.02006
1349,1.01798
1350,1.01709
1351,1.01709
1352,1.01937
1353,1.01906
1354,1.01917
1355,1.01758
1356,1.01535
1357,1.01535
1358,1.01066
1359,1.01431
1360,1.01404
1361,1.01404
1362,1.01239
1363,1.01239
1364,1.01239
1365,1.01239
1366,1.01239
1367,1.01169
1368,1.01169
1369,1.01304
1370,1.015
1371,1.0154
1372,1.0154
1373,1.01407
1374,1.01407
1375,1.01407
1376,1.01407
1377,1.01407
1378,1.01305
1379,1.01305
1380,1.01316
1381,1.01164
1382,1.01511
1383,1.01511
1384,1.01458
1385,1.01247
1386,1.01625
1387,1.01625
1388,1.01515
1389,1.01515
1390,1.01515
1391,1.01302
1392,1.01533
1393,1.01761
1394,1.01775
1395,1.01663
1396,1.02173
1397,1.02243
1398,1.02476
1399,1.01933
1400,1.01933
1401,1.02367
1402,1.02203
1403,1.02234
1404,1.02234
1405,1.02275
1406,1.02413
1407,1.0219
1408,1.02191
1409,1.02296
1410,1.02491
1411,1.02334
1412,1.02557
1413,1.02487
1414,1.02487
1415,1.02552
1416,1.02599
1417,1.02167
1418,1.023
1419,1.02067
1420,1.02027
1421,1.02027
1422,1.02027
1423,1.02267
1424,1.02036
1425,1.02021
1426,1.02021
1427,1.01676
1428,1.02019
1429,1.02063
1430,1.01933
1431,1.01747
1432,1.01752
1433,1.0175
1434,1.01914
1435,1.01914
1436,1.01953
1437,1.01906
1438,1.01822
1439,1.01689
1440,1.01689
1441,1.02003
1442,1.02003
1443,1.01582
1444,1.01397
1445,1.01602
1446,1.01882
1447,1.01882
1448,1.01807
1449,1.01807
1450,1.02054
1451,1.01763
1452,1.01367
1453,1.01279
1454,1.01279
1455,1.01279
1456,1.01181
1457,1.0112
1458,1.0114
1459,1.01188
1460,1.01188
1461,1.01188
1462,1.00973
1463,1.01136
1464,1.01136
1465,1.00925
1466,1.00973
1467,1.00839
1468,1.00765
1469,1.01005
1470,1.0149
1471,1.0149
1472,1.0149
1473,1.01221
1474,1.01221
1475,1.00922
1476,1.00922
1477,1.01207
1478,1.01249
1479,1.01158
1480,1.01242
1481,1.01127
1482,1.01127
1483,1.01127
1484,1.01127
1485,1.01453
1486,1.01303
1487,1.01475
1488,1.01132
1489,1.01173
1490,1.01173
1491,1.01003
1492,1.01082
1493,1.01082
1494,1.01166
1495,1.00941
1496,1.0105
1497,1.01335
1498,1.0121
1499,1.0121
1500,1.0121
1501,1.0121
1502,1.01251
1503,1.01251
1504,1.01251
1505,1.01251
1506,1.01251
1507,1.01153
1508,1.01317
1509,1.01129
1510,1.01229
1511,1.00993
1512,1.00993
1513,1.00993
1514,1.01126
1515,1.00886
1516,1.00886
1517,1.01081
1518,1.01161
1519,1.01064
1520,1.01109
1521,1.01441
1522,1.0148
1523,1.01393
1524,1.01346
1525,1.0149
1526,1.0149
1527,1.01583
1528,1.01868
1529,1.01873
1530,1.0169
1531,1.01949
1532,1.01949
1533,1.01533
1534,1.01533
1535,1.01672
1536,1.01793
1537,1.01211
1538,1.00985
1539,1.01123
1540,1.00985
1541,1.00985
1542,1.0049
1543,1.0049
1544,1.00411
1545,1.00223
1546,1.00223
1547,1.00223
1548,1.00099
1549,1.00371
1550,1.00305
1551,1.00083
1552,1.00358
1553,1.00358
1554,1.00358
1555,1.00358
1556,1.00358
1557,1.00402
1558,1.00373
1559,1.00633
1560,1.0066
1561,1.0066
1562,1.0066
1563,1.0066
1564,1.00698
1565,1.00698
1566,1.00771
1567,1.00771
1568,1.00427
1569,1.00663
1570,1.00476
1571,1.00476
1572,1.00642
1573,1.00834
1574,1.00834
1575,1.00834
1576,1.00539
1577,1.01038
1578,1.01038
1579,1.00885
1580,1.00823
1581,1.0057
1582,1.01273
1583,1.01273
1584,1.01552
1585,1.01174
1586,1.01296
1587,1.01239
1588,1.0131
1589,1.0131
1590,1.01043
1591,1.01043
1592,1.01043
1593,1.01043
1594,1.01043
1595,1.00996
1596,1.00939
1597,1.00939
1598,1.00967
1599,1.01044
1600,1.01087
1601,1.01552
1602,1.01552
1603,1.0138
1604,1.01242
1605,1.01264
1606,1.01425
1607,1.01425
1608,1.01141
1609,1.01141
1610,1.01141
1611,1.01141
1612,1.012
1613,1.013
1614,1.01205
1615,1.01295
1616,1.01265
1617,1.01031
1618,1.01089
1619,1.01228
1620,1.01287
1621,1.01059
1622,1.01505
1623,1.01222
1624,1.01349
1625,1.01349
1626,1.01017
1627,1.01017
1628,1.01017
1629,1.0113
1630,1.01102
1631,1.01429
1632,1.01074
1633,1.00778
1634,1.00778
1635,1.00778
1636,1.00778
1637,1.00778
1638,1.00778
1639,1.00778
1640,1.01373
1641,1.01461
1642,1.01374
1643,1.01267
1644,1.01267
1645,1.01195
1646,1.0141
1647,1.0141
1648,1.01208
1649,1.01208
1650,1.00875
1651,1.0099
1652,1.01217
1653,1.01344
1654,1.0142
1655,1.0142
1656,1.00937
1657,1.00854
1658,1.00854
1659,1.01187
1660,1.00762
1661,1.01069
1662,1.00854
1663,1.01075
1664,1.01273
1665,1.01268
1666,1.01268
1667,1.01268
1668,1.01331
1669,1.01622
1670,1.01445
1671,1.01263
1672,1.01306
1673,1.00987
1674,1.00987
1675,1.01331
1676,1.01331
1677,1.01217
1678,1.01328
1679,1.01138
1680,1.00941
1681,1.01
1682,1.00919
1683,1.01233
1684,1.01132
1685,1.00881
1686,1.00881
1687,1.00881
1688,1.00623
1689,1.00706
1690,1.00805
1691,1.0059
1692,1.0059
1693,1.00742
1694,1.00742
1695,1.00742
1696,1.00971
1697,1.00813
1698,1.00503
1699,1.00503
1700,1.00683
1701,1.00657
1702,1.00657
1703,1.00657
1704,1.00821
1705,1.00821
1706,1.00849
1707,1.00875
1708,1.01058
1709,1.01119
1710,1.01391
1711,1.01238
1712,1.0122
1713,1.01097
1714,1.01097
1715,1.00948
1716,1.01083
1717,1.01226
1718,1.01226
1719,1.01226
1720,1.01404
1721,1.0112
1722,1.0112
1723,1.00903
1724,1.00903
1725,1.00903
1726,1.00903
1727,1.00903
1728,1.00916
1729,1.00616
1730,1.00747
1731,1.0081
1732,1.00967
1733,1.01185
1734,1.00769
1735,1.00735
1736,1.00864
1737,1.00857
1738,1.00857
1739,1.00608
1740,1.00608
1741,1.00665
1742,1.00493
1743,1.00358
1744,1.00358
1745,1.00358
1746,1.00483
1747,1.00483
1748,1.00483
1749,1.00361
1750,1.00224
1751,1.00142
1752,1.00244
1753,1.00206
1754,1.00103
1755,1.00103
1756,1.00103
1757,1.00103
1758,1.00103
1759,1.00103
1760,1.00103
1761,1.004
1762,1.00317
1763,1.00317
1764,1.00256
1765,1.00286
1766,1.0038
1767,1.00446
1768,1.00583
1769,1.00583
1770,1.0017
1771,1.0017
1772,1.00299
1773,1.00299
1774,1.00224
1775,1.00318
1776,1.00595
1777,1.01037
1778,1.01037
1779,1.01037
1780,1.01037
1781,1.01037
1782,1.01196
1783,1.009
1784,1.009
1785,1.01236
1786,1.00876
1787,1.00888
1788,1.01139
1789,1.01316
1790,1.01316
1791,1.01237
1792,1.00903
1793,1.00903
1794,1.00903
1795,1.00466
1796,1.00581
1797,1.00769
1798,1.00745
1799,1.00705
1800,1.00705
1801,1.00738
1802,1.00738
1803,1.00781
1804,1.00822
1805,1.0096
1806,1.00687
1807,1.00623
1808,1.00669
1809,1.00855
1810,1.00777
1811,1.00672
1812,1.00916
1813,1.00853
1814,1.00645
1815,1.00645
1816,1.00601
1817,1.00601
1818,1.00601
1819,1.00303
1820,1.00303
1821,1.00303
1822,1.00303
1823,1.00303
1824,1.00208
1825,1.00051
1826,1.00216
1827,1.00331
1828,1.00581
1829,1.00638
1830,1.00785
1831,1.00785
1832,1.00785
1833,1.00785
1834,1.00785
1835,1.00785
1836,1.00785
1837,1.00711
1838,1.00471
1839,1.00873
1840,1.00833
1841,1.00833
1842,1.00969
1843,1.00605
1844,1.00605
1845,1.00605
1846,1.00605
1847,1.00548
1848,1.00583
1849,1.00685
1850,1.01082
1851,1.01051
1852,1.01077
1853,1.00864
1854,1.00864
1855,1.01007
1856,1.00938
1857,1.01279
1858,1.01306
1859,1.01306
1860,1.01306
1861,1.00937
1862,1.00968
1863,1.00968
1864,1.00611
1865,1.00611
1866,1.00807
1867,1.00807
1868,1.00929
1869,1.01146
1870,1.01146
1871,1.01146
1872,1.01157
1873,1.01157
1874,1.01427
1875,1.01608
1876,1.01239
1877,1.01088
1878,1.01275
1879,1.01275
1880,1.0138
1881,1.01573
1882,1.01573
1883,1.01684
1884,1.0183
1885,1.01738
1886,1.01738
1887,1.01738
1888,1.01784
1889,1.01695
1890,1.01597
1891,1.01738
1892,1.01738
1893,1.01564
1894,1.01232
1895,1.01127
1896,1.01397
1897,1.01403
1898,1.01403
1899,1.01343
1900,1.01343
1901,1.01183
1902,1.01183
1903,1.01236
1904,1.01236
1905,1.0115
1906,1.0146
1907,1.0146
1908,1.00856
1909,1.00856
1910,1.00856
1911,1.01154
1912,1.01165
1913,1.01165
1914,1.00885
1915,1.01075
1916,1.01075
1917,1.01258
1918,1.0124
1919,1.01104
1920,1.01506
1921,1.01506
1922,1.01856
1923,1.01856
1924,1.01856
1925,1.01613
1926,1.01516
1927,1.01516
1928,1.01544
1929,1.01249
1930,1.01249
1931,1.0102
1932,1.0102
1933,1.0102
1934,1.00948
1935,1.01179
1936,1.01195
1937,1.01195
1938,1.01496
1939,1.01292
1940,1.01478
1941,1.01587
1942,1.01459
1943,1.01534
1944,1.01337
1945,1.01337
1946,1.01003
1947,1.00872
1948,1.01348
1949,1.01348
1950,1.01516
1951,1.01402
1952,1.01691
1953,1.01415
1954,1.01564
1955,1.01564
1956,1.01546
1957,1.01498
1958,1.01498
1959,1.0134
1960,1.01261
1961,1.01261
1962,1.01261
1963,1.00852
1964,1.00852
1965,1.00819
1966,1.0085
1967,1.0085
1968,1.0085
1969,1.0085
1970,1.0085
1971,1.00943
1972,1.00832
1973,1.0078
1974,1.0078
1975,1.0078
1976,1.0078
1977,1.00811
1978,1.00922
1979,1.00974
1980,1.00797
1981,1.0129
1982,1.01342
1983,1.0118
1984,1.0118
1985,1.01066
1986,1.01066
1987,1.01589
1988,1.01538
1989,1.0143
1990,1.0143
1991,1.01203
1992,1.01203
1993,1.0078
1994,1.00415
1995,1.00415
1996,1.00415
1997,1.00446
1998,1.00446
1999,1.00246
2000,1.00436
2001,1.00102
2002,0.997346
2003,0.998637
2004,0.998991
2005,1.00104
2006,0.999659
2007,1.00136
2008,1.00553
2009,1.00856
2010,1.00807
2011,1.00807
2012,1.00849
2013,1.01002
2014,1.00805
2015,1.00959
2016,1.00938
2017,1.00853
2018,1.00782
2019,1.00609
2020,1.00636
2021,1.00972
2022,1.00874
2023,1.00786
2024,1.01046
2025,1.00937
2026,1.00994
2027,1.01255
2028,1.01255
2029,1.01262
2030,1.01199
2031,1.01199
2032,1.01199
2033,1.01481
2034,1.01267
2035,1.01392
2036,1.01608
2037,1.01316
2038,1.01366
2039,1.01187
2040,1.01187
2041,1.01204
2042,1.01567
2043,1.01863
2044,1.01468
2045,1.01774
2046,1.01644
2047,1.01644
2048,1.01644
2049,1.01644
2050,1.01398
2051,1.01398
2052,1.01504
2053,1.01504
2054,1.01377
2055,1.01347
2056,1.01446
2057,1.014
2058,1.01593
2059,1.01071
2060,1.01193
2061,1.01193
2062,1.01193
2063,1.01328
2064,1.01566
2065,1.01566
2066,1.01566
2067,1.01545
2068,1.01169
2069,1.01169
2070,1.00736
2071,1.0095
2072,1.00975
2073,1.00604
2074,1.01103
2075,1.01131
2076,1.01131
2077,1.01131
2078,1.01079
2079,1.01079
2080,1.01219
2081,1.01468
2082,1.01526
2083,1.01787
2084,1.01795
2085,1.01842
2086,1.0187
2087,1.01649
2088,1.02106
2089,1.02316
2090,1.02326
2091,1.02624
2092,1.02605
2093,1.02252
2094,1.02181
2095,1.02181
2096,1.02181
2097,1.02181
2098,1.02181
2099,1.02424
2100,1.02045
2101,1.02045
2102,1.02045
2103,1.01973
2104,1.01837
2105,1.01783
2106,1.01596
2107,1.01227
2108,1.01242
2109,1.01709
2110,1.01459
2111,1.01203
2112,1.01348
2113,1.01212
2114,1.01397
2115,1.01397
2116,1.01514
2117,1.01628
2118,1.01924
2119,1.01631
2120,1.01384
2121,1.01384
2122,1.01389
2123,1.0126
2124,1.01347
2125,1.01367
2126,1.01508
2127,1.01633
2128,1.01633
2129,1.01633
2130,1.01672
2131,1.01878
2132,1.01598
2133,1.01527
2134,1.01907
2135,1.01946
2136,1.01874
2137,1.01582
2138,1.01777
2139,1.01777
2140,1.0178
2141,1.01316
2142,1.01316
2143,1.00957
2144,1.00964
2145,1.00991
2146,1.00991
2147,1.01117
2148,1.01317
2149,1.01317
2150,1.01281
2151,1.01281
2152,1.01363
2153,1.01363
2154,1.01363
2155,1.01363
2156,1.01201
2157,1.01354
2158,1.01385
2159,1.01224
2160,1.01122
2161,1.01122
2162,1.01122
2163,1.01044
2164,1.01146
2165,1.00982
2166,1.00873
2167,1.00873
2168,1.00925
2169,1.00938
2170,1.0095
2171,1.0095
2172,1.0095
2173,1.01154
2174,1.01397
2175,1.01397
2176,1.01397
2177,1.01222
2178,1.01222
2179,1.01407
2180,1.01528
2181,1.01202
2182,1.01179
2183,1.01179
2184,1.01259
2185,1.01282
2186,1.01247
2187,1.01485
2188,1.01347
2189,1.01347
2190,1.01347
2191,1.0141
2192,1.0141
2193,1.01484
2194,1.01484
2195,1.01484
2196,1.01104
2197,1.01066
2198,1.00595
2199,1.00595
2200,1.00502
2201,1.00669
2202,1.00669
2203,1.00669
2204,1.0078
2205,1.00806
2206,1.00806
2207,1.00621
2208,1.00621
2209,1.00858
2210,1.00858
2211,1.00858
2212,1.00858
2213,1.00858
2214,1.00858
2215,1.01095
2216,1.0076
2217,1.00834
2218,1.00834
2219,1.00834
2220,1.00834
2221,1.00647
2222,1.00621
2223,1.00621
2224,1.00621
2225,1.00732
2226,1.007
2227,1.00827
2228,1.0093
2229,1.0093
2230,1.00848
2231,1.01143
2232,1.00726
2233,1.00726
2234,1.00485
2235,1.00636
2236,1.00642
2237,1.00793
2238,1.01125
2239,1.01125
2240,1.01271
2241,1.01408
2242,1.01296
2243,1.01392
2244,1.01234
2245,1.01234
2246,1.01653
2247,1.01653
2248,1.01457
2249,1.01457
2250,1.01591
2251,1.01314
2252,1.01251
2253,1.00901
2254,1.00901
2255,1.00868
2256,1.01186
2257,1.01186
2258,1.01186
2259,1.01468
2260,1.01291
2261,1.015
2262,1.015
2263,1.01355
2264,1.01355
2265,1.01355
2266,1.01426
2267,1.01391
2268,1.01274
2269,1.01103
2270,1.01542
2271,1.01265
2272,1.0095
2273,1.0095
2274,1.0095
2275,1.00964
2276,1.00964
2277,1.00964
2278,1.00891
2279,1.01107
2280,1.00951
2281,1.01077
2282,1.01077
2283,1.01258
2284,1.01497
2285,1.01446
2286,1.01446
2287,1.01609
2288,1.01727
2289,1.0152
2290,1.0152
2291,1.0152
2292,1.01282
2293,1.01519
2294,1.01519
2295,1.01464
2296,1.01607
2297,1.0157
2298,1.01651
2299,1.01673
2300,1.01673
2301,1.01509
2302,1.01391
2303,1.01411
2304,1.01281
2305,1.01254
2306,1.01254
2307,1.01576
2308,1.01576
2309,1.0158
2310,1.0158
2311,1.01606
2312,1.01336
2313,1.01336
2314,1.01336
2315,1.01336
2316,1.01574
2317,1.01574
2318,1.0151
2319,1.01588
2320,1.01584
2321,1.01584
2322,1.01869
2323,1.02073
2324,1.02144
2325,1.02404
2326,1.02225
2327,1.01882
2328,1.01938
2329,1.01948
2330,1.01786
2331,1.02056
2332,1.02056
2333,1.02056
2334,1.01829
2335,1.01895
2336,1.02033
2337,1.02033
2338,1.01521
2339,1.01561
2340,1.01908
2341,1.01945
2342,1.02011
2343,1.02359
2344,1.02057
2345,1.02057
2346,1.02362
2347,1.0217
2348,1.01975
2349,1.01711
2350,1.01986
2351,1.0217
2352,1.02161
2353,1.02137
2354,1.02137
2355,1.02137
2356,1.02416
2357,1.02176
2358,1.02348
2359,1.02348
2360,1.02241
2361,1.02223
2362,1.01896
2363,1.01896
2364,1.01655
2365,1.01721
2366,1.01819
2367,1.0185
2368,1.01564
2369,1.01564
2370,1.01956
2371,1.01763
2372,1.01763
2373,1.01727
2374,1.01655
2375,1.01655
2376,1.01584
2377,1.01574
2378,1.01421
2379,1.01291
2380,1.01436
2381,1.01318
2382,1.01318
2383,1.01268
2384,1.01268
2385,1.0137
2386,1.01242
2387,1.01276
2388,1.01508
2389,1.01648
2390,1.01669
2391,1.01669
2392,1.01669
2393,1.01809
2394,1.02009
2395,1.02099
2396,1.02137
2397,1.02137
2398,1.02137
2399,1.02331
2400,1.02331
2401,1.02224
2402,1.01984
2403,1.01802
2404,1.0203
2405,1.01988
2406,1.01988
2407,1.02377
2408,1.024
2409,1.024
2410,1.02277
2411,1.02277
2412,1.02277
2413,1.02146
2414,1.02146
2415,1.02173
2416,1.02145
2417,1.0203
2418,1.01845
2419,1.01583
2420,1.01732
2421,1.01999
2422,1.02135
2423,1.02135
2424,1.01921
2425,1.0182
2426,1.01997
2427,1.02019
2428,1.02197
2429,1.02126
2430,1.0214
2431,1.02122
2432,1.02122
2433,1.02031
2434,1.02053
2435,1.02283
2436,1.02091
2437,1.01623
2438,1.01623
2439,1.01792
2440,1.01832
2441,1.01372
2442,1.01235
2443,1.01083
2444,1.00679
2445,1.00719
2446,1.00888
2447,1.0071
2448,1.00748
2449,1.00417
2450,1.0034
2451,1.00361
2452,1.00224
2453,1.00264
2454,1.00264
2455,1.00739
2456,1.01196
2457,1.01075
2458,1.01075
2459,1.01075
2460,1.01075
2461,1.01075
2462,1.01075
2463,1.01298
2464,1.01298
2465,1.01342
2466,1.01342
2467,1.01342
2468,1.01345
2469,1.01305
2470,1.01145
2471,1.01101
2472,1.01101
2473,1.01101
2474,1.01146
2475,1.00805
2476,1.00912
2477,1.00795
2478,1.00795
2479,1.00795
2480,1.00645
2481,1.00796
2482,1.00796
2483,1.00796
2484,1.00796
2485,1.00767
2486,1.00824
2487,1.00748
2488,1.01154
2489,1.00952
2490,1.00952
2491,1.00952
2492,1.00852
2493,1.00855
2494,1.00873
2495,1.00891
2496,1.0085
2497,1.01049
2498,1.00978
2499,1.01094
2500,1.01094
2501,1.00835
2502,1.00835
2503,1.0089
2504,1.01094
2505,1.01228
2506,1.01333
2507,1.00957
2508,1.00957
2509,1.00957
2510,1.00975
2511,1.00975
2512,1.00938
2513,1.00938
2514,1.00938
2515,1.00938
2516,1.0067
2517,1.0067
2518,1.00297
2519,1.00146
2520,1.00424
2521,1.00424
2522,1.00424
2523,1.00776
2524,1.00776
2525,1.00776
2526,1.0066
2527,1.00777
2528,1.00762
2529,1.00894
2530,1.00574
2531,1.00871
2532,1.00841
2533,1.00841
2534,1.00841
2535,1.01264
2536,1.00922
2537,1.00923
2538,1.00923
2539,1.00923
2540,1.00923
2541,1.00923
2542,1.01118
2543,1.01113
2544,1.01177
2545,1.01115
2546,1.012
2547,1.01123
2548,1.01101
2549,1.01101
2550,1.01101
2551,1.01264
2552,1.01126
2553,1.01079
2554,1.01079
2555,1.01161
2556,1.01493
2557,1.01415
2558,1.01329
2559,1.01407
2560,1.01158
2561,1.01542
2562,1.0156
2563,1.01076
2564,1.01076
2565,1.01605
2566,1.01613
2567,1.01641
2568,1.01641
2569,1.0164
2570,1.01641
2571,1.01283
2572,1.01283
2573,1.01283
2574,1.01283
2575,1.01525
2576,1.01692
2577,1.01692
2578,1.01628
2579,1.01593
2580,1.01657
2581,1.01782
2582,1.01689
2583,1.0172
2584,1.0172
2585,1.01771
2586,1.01842
2587,1.0165
2588,1.0165
2589,1.0165
2590,1.01536
2591,1.01429
2592,1.01429
2593,1.01636
2594,1.01277
2595,1.01542
2596,1.01652
2597,1.01806
2598,1.0188
2599,1.02088
2600,1.01911
2601,1.02169
2602,1.01781
2603,1.01781
2604,1.01742
2605,1.01419
2606,1.01811
2607,1.01784
2608,1.01784
2609,1.01719
2610,1.0189
2611,1.01797
2612,1.01736
2613,1.0149
2614,1.01435
2615,1.01435
2616,1.01479
2617,1.01479
2618,1.01571
2619,1.01584
2620,1.01607
2621,1.01607
2622,1.01607
2623,1.01607
2624,1.01893
2625,1.01315
2626,1.0142
2627,1.0147
2628,1.01372
2629,1.01334
2630,1.01337
2631,1.0129
2632,1.01351
2633,1.01456
2634,1.01741
2635,1.01787
2636,1.01998
2637,1.02215
2638,1.02344
2639,1.02332
2640,1.02652
2641,1.02694
2642,1.02428
2643,1.02398
2644,1.02075
2645,1.02075
2646,1.02579
2647,1.02879
2648,1.02879
2649,1.02353
2650,1.02466
2651,1.02423
2652,1.02423
2653,1.02529
2654,1.02491
2655,1.02471
2656,1.02471
2657,1.02471
2658,1.02418
2659,1.0222
2660,1.01862
2661,1.02013
2662,1.0212
2663,1.0212
2664,1.0212
2665,1.02169
2666,1.02214
2667,1.02153
2668,1.01889
2669,1.01712
2670,1.01882
2671,1.01622
2672,1.01622
2673,1.0167
2674,1.0167
2675,1.0207
2676,1.01933
2677,1.01933
2678,1.02132
2679,1.01781
2680,1.01406
2681,1.01406
2682,1.01615
2683,1.01495
2684,1.01797
2685,1.01852
2686,1.02001
2687,1.01993
2688,1.02051
2689,1.02051
2690,1.01846
2691,1.02074
2692,1.02046
2693,1.01895
2694,1.01867
2695,1.02059
2696,1.02314
2697,1.02105
2698,1.02105
2699,1.02169
2700,1.02045
2701,1.01996
2702,1.02052
2703,1.02234
2704,1.02186
2705,1.02186
2706,1.02513
2707,1.02426
2708,1.0225
2709,1.0225
2710,1.02514
2711,1.02577
2712,1.02269
2713,1.02099
2714,1.02017
2715,1.02017
2716,1.02087
2717,1.02153
2718,1.02153
2719,1.02135
2720,1.01938
2721,1.01938
2722,1.01938
2723,1.0214
2724,1.0214
2725,1.02104
2726,1.02119
2727,1.02102
2728,1.02098
2729,1.01842
2730,1.01871
2731,1.01677
2732,1.01677
2733,1.01677
2734,1.01677
2735,1.01884
2736,1.02167
2737,1.02871
2738,1.02552
2739,1.02625
2740,1.02812
2741,1.02507
2742,1.02638
2743,1.02442
2744,1.02442
2745,1.0237
2746,1.02331
2747,1.02331
2748,1.02331
2749,1.02331
2750,1.02726
2751,1.02137
2752,1.02377
2753,1.02243
2754,1.02749
2755,1.02474
2756,1.02474
2757,1.02474
2758,1.02501
2759,1.02677
2760,1.02573
2761,1.02401
2762,1.02179
2763,1.02161
2764,1.0235
2765,1.02408
2766,1.02464
2767,1.02647
2768,1.02726
2769,1.02906
2770,1.02984
2771,1.02774
2772,1.03004
2773,1.03004
2774,1.03037
2775,1.02902
2776,1.02902
2777,1.02865
2778,1.02886
2779,1.02983
2780,1.02959
2781,1.02959
2782,1.02959
2783,1.02837
2784,1.02658
2785,1.02658
2786,1.02658
2787,1.0293
2788,1.0293
2789,1.02969
2790,1.02805
2791,1.02625
2792,1.02438
2793,1.02626
2794,1.02626
2795,1.02867
2796,1.02867
2797,1.02845
2798,1.03077
2799,1.03319
2800,1.0321
2801,1.03602
2802,1.03602
2803,1.0351
2804,1.0351
2805,1.03373
2806,1.02914
2807,1.03039
2808,1.02692
2809,1.02692
2810,1.02692
2811,1.02692
2812,1.02856
2813,1.02856
2814,1.02585
2815,1.02439
2816,1.02439
2817,1.02267
2818,1.02267
2819,1.02187
2820,1.02187
2821,1.01821
2822,1.01979
2823,1.02243
2824,1.02243
2825,1.02157
2826,1.02157
2827,1.01993
2828,1.01853
2829,1.0104
2830,1.0104
2831,1.01162
2832,1.01433
2833,1.01388
2834,1.01524
2835,1.01524
2836,1.01494
2837,1.01494
2838,1.01494
2839,1.01112
2840,1.0126
2841,1.01032
2842,1.01032
2843,1.01
2844,1.00998
2845,1.00998
2846,1.00858
2847,1.00849
2848,1.01042
2849,1.01073
2850,1.0088
2851,1.01272
2852,1.0099
2853,1.01199
2854,1.01199
2855,1.01227
2856,1.00986
2857,1.00986
2858,1.00986
2859,1.00986
2860,1.01252
2861,1.01252
2862,1.01395
2863,1.01195
2864,1.00541
2865,1.0046
2866,1.00677
2867,1.00573
2868,1.00725
2869,1.00788
2870,1.00482
2871,1.00766
2872,1.00766
2873,1.0099
2874,1.0099
2875,1.0099
2876,1.00709
2877,1.00816
2878,1.00985
2879,1.00985
2880,1.00852
2881,1.00512
2882,1.00512
2883,1.00512
2884,1.00512
2885,1.00512
2886,1.00349
2887,1.00732
2888,1.00732
2889,1.00732
2890,1.00458
2891,1.00685
2892,1.00685
2893,1.00685
2894,1.00829
2895,1.00829
2896,1.00829
2897,1.00829
2898,1.00829
2899,1.00829
2900,1.0079
2901,1.00369
2902,1.00635
2903,1.00604
2904,1.00647
2905,1.00641
2906,1.00704
2907,1.00904
2908,1.01066
2909,1.00998
2910,1.00998
2911,1.01232
2912,1.00993
2913,1.00993
2914,1.00993
2915,1.00983
2916,1.01167
2917,1.00793
2918,1.00967
2919,1.00969
2920,1.01076
2921,1.01076
2922,1.01076
2923,1.00979
2924,1.01065
2925,1.00901
2926,1.00871
2927,1.00965
2928,1.00827
2929,1.00827
2930,1.00679
2931,1.00679
2932,1.00753
2933,1.00763
2934,1.00613
2935,1.00613
2936,1.00967
2937,1.00967
2938,1.00967
2939,1.01276
2940,1.01509
2941,1.01077
2942,1.0129
2943,1.01255
2944,1.01255
2945,1.01142
2946,1.01219
2947,1.01278
2948,1.01278
2949,1.01278
2950,1.01319
2951,1.01319
2952,1.01212
2953,1.01212
2954,1.01212
2955,1.01056
2956,1.01056
2957,1.01056
2958,1.00944
2959,1.00944
2960,1.00944
2961,1.00773
2962,1.00773
2963,1.01232
2964,1.01232
2965,1.01722
2966,1.01474
2967,1.01333
2968,1.01617
2969,1.01395
2970,1.01265
2971,1.01444
2972,1.00821
2973,1.00821
2974,1.00895
2975,1.0095
2976,1.00895
2977,1.01062
2978,1.0113
2979,1.01144
2980,1.01671
2981,1.01671
2982,1.01964
2983,1.02151
2984,1.02071
2985,1.02335
2986,1.01921
2987,1.01921
2988,1.01921
2989,1.01778
2990,1.01728
2991,1.01806
2992,1.01806
2993,1.01845
2994,1.01845
2995,1.01845
2996,1.01845
2997,1.01845
2998,1.01845
2999,1.01787
3000,1.02095
3001,1.01798
3002,1.01908
3003,1.02261
3004,1.02299
3005,1.02299
3006,1.02284
3007,1.02151
3008,1.02091
3009,1.02047
3010,1.01952
3011,1.01874
3012,1.02118
3013,1.02118
3014,1.01721
3015,1.01566
3016,1.01566
3017,1.01167
3018,1.01167
3019,1.01167
3020,1.01407
3021,1.01407
3022,1.0144
3023,1.0144
3024,1.01351
3025,1.0149
3026,1.01358
3027,1.01358
3028,1.01889
3029,1.01889
3030,1.01783
3031,1.01783
3032,1.01798
3033,1.01833
3034,1.01656
3035,1.01782
3036,1.01782
3037,1.015
3038,1.01821
3039,1.01821
3040,1.01463
3041,1.01801
3042,1.01391
3043,1.01391
3044,1.01482
3045,1.01384
3046,1.01095
3047,1.01095
3048,1.01095
3049,1.01164
3050,1.00919
3051,1.00791
3052,1.00517
3053,1.00713
3054,1.01041
3055,1.01288
3056,1.01205
3057,1.01205
3058,1.0127
3059,1.0127
3060,1.0127
3061,1.01509
3062,1.01518
3063,1.01518
3064,1.01406
3065,1.01073
3066,1.01188
3067,1.01188
3068,1.00882
3069,1.00872
3070,1.01029
3071,1.01012
3072,1.00867
3073,1.0085
3074,1.00696
3075,1.00723
3076,1.00841
3077,1.00841
3078,1.00976
3079,1.00976
3080,1.00719
3081,1.00719
3082,1.00719
3083,1.00911
3084,1.00923
3085,1.00923
3086,1.00923
3087,1.00923
3088,1.00923
3089,1.00781
3090,1.01125
3091,1.01125
3092,1.01125
3093,1.01256
3094,1.01107
3095,1.00982
3096,1.00951
3097,1.00884
3098,1.00959
3099,1.00875
3100,1.00875
3101,1.01086
3102,1.01122
3103,1.01027
3104,1.01027
3105,1.00933
3106,1.00933
3107,1.01098
3108,1.01098
3109,1.01098
3110,1.01098
3111,1.01027
3112,1.01601
3113,1.01379
3114,1.01127
3115,1.00996
3116,1.01273
3117,1.01273
3118,1.01304
3119,1.01304
3120,1.01275
3121,1.01275
3122,1.01021
3123,1.01021
3124,1.00804
3125,1.00804
3126,1.00804
3127,1.00854
3128,1.00854
3129,1.01021
3130,1.01021
3131,1.01301
3132,1.01301
3133,1.01423
3134,1.01443
3135,1.01443
3136,1.0164
3137,1.01562
3138,1.01562
3139,1.01609
3140,1.01509
3141,1.01509
3142,1.01802
3143,1.01802
3144,1.01923
3145,1.02177
3146,1.02147
3147,1.02035
3148,1.01918
3149,1.01825
3150,1.01692
3151,1.01296
3152,1.01296
3153,1.01296
3154,1.01503
3155,1.0166
3156,1.0166
3157,1.02053
3158,1.02053
3159,1.01915
3160,1.02014
3161,1.02214
3162,1.02214
3163,1.02248
3164,1.02308
3165,1.02056
3166,1.02056
3167,1.01915
3168,1.02191
3169,1.02009
3170,1.01942
3171,1.01909
3172,1.01973
3173,1.01973
3174,1.01847
3175,1.01847
3176,1.01847
3177,1.02389
3178,1.02454
3179,1.02352
3180,1.02572
3181,1.02488
3182,1.0227
3183,1.02196
3184,1.01775
3185,1.02079
3186,1.01704
3187,1.01704
3188,1.01704
3189,1.01754
3190,1.02109
3191,1.02109
3192,1.01826
3193,1.01676
3194,1.01622
3195,1.01451
3196,1.01771
3197,1.01708
3198,1.01425
3199,1.01425
3200,1.01449
3201,1.01606
3202,1.01606
3203,1.01516
3204,1.01623
3205,1.0176
3206,1.01582
3207,1.01393
3208,1.01103
3209,1.01225
3210,1.01225
3211,1.01225
3212,1.01225
3213,1.01233
3214,1.01326
3215,1.01208
3216,1.01411
3217,1.01365
3218,1.01526
3219,1.01526
3220,1.01568
3221,1.01794
3222,1.0184
3223,1.01509
3224,1.01876
3225,1.01731
3226,1.01871
3227,1.01871
3228,1.01845
3229,1.01915
3230,1.01972
3231,1.01485
3232,1.01538
3233,1.01846
3234,1.01846
3235,1.01846
3236,1.01598
3237,1.01598
3238,1.01598
3239,1.01393
3240,1.01393
3241,1.01131
3242,1.01131
3243,1.01398
3244,1.01398
3245,1.01398
3246,1.01359
3247,1.01266
3248,1.01288
3249,1.01288
3250,1.01288
3251,1.01288
3252,1.01003
3253,1.01003
3254,1.01161
3255,1.01201
3256,1.01264
3257,1.01232
3258,1.00899
3259,1.01141
3260,1.01059
3261,1.01059
3262,1.01059
3263,1.01059
3264,1.01295
3265,1.01295
3266,1.01091
3267,1.01145
3268,1.01213
3269,1.00928
3270,1.00914
3271,1.00914
3272,1.00664
3273,1.00485
3274,1.00434
3275,1.00311
3276,1.00251
3277,1.00251
3278,1.00794
3279,1.00851
3280,1.01427
3281,1.01466
3282,1.01466
3283,1.01466
3284,1.00964
3285,1.01169
3286,1.01099
3287,1.01022
3288,1.01022
3289,1.01022
3290,1.01022
3291,1.01022
3292,1.01022
3293,1.01325
3294,1.01325
3295,1.01408
3296,1.01769
3297,1.0132
3298,1.0132
3299,1.0162
3300,1.01453
3301,1.01453
3302,1.01664
3303,1.01664
3304,1.01332
3305,1.01408
3306,1.01408
3307,1.01408
3308,1.01738
3309,1.01787
3310,1.01463
3311,1.0204
3312,1.02288
3313,1.02093
3314,1.0212
3315,1.01811
3316,1.01807
3317,1.01807
3318,1.01796
3319,1.01796
3320,1.01796
3321,1.01594
3322,1.01365
3323,1.01365
3324,1.01896
3325,1.01798
3326,1.01743
3327,1.01743
3328,1.02
3329,1.01845
3330,1.01845
3331,1.01845
3332,1.01608
3333,1.01945
3334,1.01976
3335,1.01976
3336,1.02287
3337,1.02352
3338,1.02428
3339,1.02562
3340,1.02403
3341,1.02503
3342,1.02745
3343,1.02745
3344,1.02404
3345,1.02222
3346,1.02541
3347,1.02262
3348,1.02745
3349,1.02542
3350,1.02325
3351,1.02016
3352,1.02157
3353,1.02157
3354,1.02157
3355,1.02386
3356,1.02475
3357,1.02354
3358,1.0237
3359,1.0241
3360,1.02075
3361,1.02367
3362,1.02367
3363,1.02233
3364,1.02233
3365,1.02233
3366,1.02233
3367,1.02233
3368,1.02172
3369,1.02172
3370,1.02008
3371,1.02379
3372,1.02382
3373,1.0215
3374,1.02227
3375,1.02227
3376,1.02117
3377,1.02117
3378,1.02117
3379,1.02117
3380,1.02251
3381,1.02172
3382,1.02601
3383,1.0227
3384,1.02105
3385,1.02333
3386,1.02333
3387,1.02391
3388,1.02272
3389,1.02284
3390,1.02284
3391,1.02454
3392,1.02454
3393,1.02454
3394,1.02174
3395,1.0226
3396,1.01793
3397,1.01793
3398,1.02098
3399,1.01988
3400,1.01469
3401,1.01539
3402,1.01539
3403,1.01597
3404,1.01597
3405,1.01597
3406,1.02304
3407,1.02304
3408,1.02134
3409,1.02484
3410,1.02506
3411,1.02506
3412,1.02301
3413,1.02291
3414,1.02402
3415,1.02658
3416,1.02253
3417,1.02119
3418,1.02383
3419,1.02099
3420,1.02099
3421,1.02219
3422,1.02169
3423,1.02493
3424,1.02493
3425,1.02576
3426,1.02195
3427,1.02097
3428,1.02097
3429,1.02078
3430,1.02078
3431,1.02078
3432,1.02042
3433,1.02042
3434,1.01857
3435,1.01804
3436,1.02219
3437,1.02579
3438,1.02479
3439,1.02325
3440,1.02248
3441,1.02034
3442,1.01841
3443,1.01841
3444,1.0187
3445,1.01669
3446,1.01356
3447,1.01878
3448,1.01733
3449,1.01642
3450,1.02022
3451,1.0232
3452,1.02423
3453,1.02409
3454,1.02258
3455,1.02345
3456,1.02689
3457,1.02825
3458,1.02825
3459,1.02583
3460,1.02359
3461,1.02393
3462,1.02393
3463,1.02276
3464,1.02138
3465,1.02213
3466,1.02213
3467,1.02742
3468,1.02666
3469,1.02465
3470,1.02465
3471,1.02465
3472,1.02549
3473,1.02662
3474,1.02662
3475,1.02703
3476,1.02703
3477,1.0249
3478,1.0249
3479,1.02458
3480,1.02568
3481,1.02533
3482,1.02555
3483,1.02555
3484,1.02415
3485,1.02415
3486,1.02546
3487,1.02599
3488,1.02599
3489,1.02586
3490,1.02671
3491,1.02671
3492,1.02547
3493,1.02703
3494,1.0264
3495,1.0264
3496,1.02548
3497,1.02613
3498,1.02654
3499,1.02338
3500,1.02338
3501,1.02338
3502,1.02552
3503,1.02363
3504,1.02501
3505,1.02483
3506,1.02914
3507,1.02583
3508,1.02574
3509,1.02488
3510,1.02488
3511,1.02488
3512,1.02418
3513,1.02574
3514,1.02258
3515,1.02258
3516,1.02258
3517,1.02502
3518,1.02853
3519,1.02617
3520,1.02286
3521,1.02287
3522,1.02287
3523,1.0204
3524,1.02228
3525,1.02228
3526,1.02214
3527,1.02618
3528,1.02618
3529,1.02466
3530,1.02742
3531,1.02626
3532,1.02953
3533,1.03209
3534,1.02934
3535,1.0315
3536,1.03042
3537,1.02607
3538,1.02477
3539,1.02649
3540,1.02649
3541,1.0279
3542,1.02481
3543,1.02782
3544,1.02782
3545,1.02931
3546,1.02671
3547,1.0276
3548,1.02805
3549,1.02805
3550,1.02881
3551,1.03004
3552,1.03004
3553,1.03075
3554,1.029
3555,1.02457
3556,1.02579
3557,1.02579
3558,1.02579
3559,1.02734
3560,1.02734
3561,1.02734
3562,1.02359
3563,1.02244
3564,1.02348
3565,1.02348
3566,1.02348
3567,1.02315
3568,1.02378
3569,1.0282
3570,1.02834
3571,1.02834
3572,1.02743
3573,1.02743
3574,1.02734
3575,1.0242
3576,1.0242
3577,1.02695
3578,1.02629
3579,1.02547
3580,1.02547
3581,1.02547
3582,1.02365
3583,1.02573
3584,1.02546
3585,1.02405
3586,1.02375
3587,1.02352
3588,1.02352
3589,1.0196
3590,1.02215
3591,1.02423
3592,1.02423
3593,1.02423
3594,1.02492
3595,1.02629
3596,1.02985
3597,1.02908
3598,1.02442
3599,1.02483
3600,1.02105
3601,1.01767
3602,1.01855
3603,1.01862
3604,1.01862
3605,1.02015
3606,1.01937
3607,1.01937
3608,1.02096
3609,1.02102
3610,1.02273
3611,1.02273
3612,1.0246
3613,1.0246
3614,1.02191
3615,1.02191
3616,1.0191
3617,1.01698
3618,1.01658
3619,1.01658
3620,1.01993
3621,1.02189
3622,1.02143
3623,1.01903
3624,1.01799
3625,1.01546
3626,1.0151
3627,1.0151
3628,1.01341
3629,1.01243
3630,1.01518
3631,1.01518
3632,1.01518
3633,1.01256
3634,1.00694
3635,1.00787
3636,1.00523
3637,1.00651
3638,1.00675
3639,1.00715
3640,1.00806
3641,1.00971
3642,1.01039
3643,1.01039
3644,1.01141
3645,1.00922
3646,1.00894
3647,1.00751
3648,1.00751
3649,1.00751
3650,1.00816
3651,1.00638
3652,1.00638
3653,1.00319
3654,1.00319
3655,1.00319
3656,1.00296
3657,1.00383
3658,1.00704
3659,1.00704
3660,1.01027
3661,1.01027
3662,1.0118
3663,1.01187
3664,1.01187
3665,1.01187
3666,1.01364
3667,1.01451
3668,1.01511
3669,1.01511
3670,1.01447
3671,1.01549
3672,1.01549
3673,1.01822
3674,1.01755
3675,1.01474
3676,1.01474
3677,1.01754
3678,1.01754
3679,1.01754
3680,1.01754
3681,1.01793
3682,1.01788
3683,1.01775
3684,1.01589
3685,1.01811
3686,1.01811
3687,1.01747
3688,1.01813
3689,1.0214
3690,1.02339
3691,1.02296
3692,1.02221
3693,1.02221
3694,1.02043
3695,1.02043
3696,1.02171
3697,1.01996
3698,1.01862
3699,1.02084
3700,1.02169
3701,1.02281
3702,1.02483
3703,1.02483
3704,1.02272
3705,1.01928
3706,1.01982
3707,1.01982
3708,1.01886
3709,1.01886
3710,1.02239
3711,1.0224
3712,1.0224
3713,1.02254
3714,1.02254
3715,1.02281
3716,1.02527
3717,1.0261
3718,1.0261
3719,1.02536
3720,1.02536
3721,1.02536
3722,1.02536
3723,1.02536
3724,1.02975
3725,1.02537
3726,1.02537
3727,1.02692
3728,1.02771
3729,1.02438
3730,1.02422
3731,1.02152
3732,1.02152
3733,1.02175
3734,1.02175
3735,1.02466
3736,1.02758
3737,1.02483
3738,1.02887
3739,1.02708
3740,1.02596
3741,1.02448
3742,1.02539
3743,1.0278
3744,1.02599
3745,1.02599
3746,1.02533
3747,1.02735
3748,1.02698
3749,1.02795
3750,1.02596
3751,1.02932
3752,1.0281
3753,1.02973
3754,1.03123
3755,1.02721
3756,1.02947
3757,1.02817
3758,1.02866
3759,1.02822
3760,1.02473
3761,1.02473
3762,1.02995
3763,1.02995
3764,1.02995
3765,1.03067
3766,1.03152
3767,1.03152
3768,1.03152
3769,1.02801
3770,1.02431
3771,1.02279
3772,1.01974
3773,1.01998
3774,1.01998
3775,1.0218
3776,1.01947
3777,1.01947
3778,1.01947
3779,1.02041
3780,1.01795
3781,1.01956
3782,1.02009
3783,1.01694
3784,1.01754
3785,1.01507
3786,1.01507
3787,1.01341
3788,1.01341
3789,1.01341
3790,1.01341
3791,1.01446
3792,1.01446
3793,1.01494
3794,1.01494
3795,1.01358
3796,1.01288
3797,1.01511
3798,1.01486
3799,1.01486
3800,1.01532
3801,1.01532
3802,1.01268
3803,1.01403
3804,1.0133
3805,1.0133
3806,1.01341
3807,1.01341
3808,1.02017
3809,1.02434
3810,1.0254
3811,1.0254
3812,1.0254
3813,1.02647
3814,1.02647
3815,1.02582
3816,1.024
3817,1.02482
3818,1.02482
3819,1.02507
3820,1.02507
3821,1.02369
3822,1.02791
3823,1.02791
3824,1.02658
3825,1.02798
3826,1.02873
3827,1.02999
3828,1.03406
3829,1.03471
3830,1.03059
3831,1.03343
3832,1.03139
3833,1.03045
3834,1.03353
3835,1.03288
3836,1.03288
3837,1.03131
3838,1.03269
3839,1.03343
3840,1.03312
3841,1.03539
3842,1.0286
3843,1.02643
3844,1.02359
3845,1.02359
3846,1.02558
3847,1.02338
3848,1.02181
3849,1.02181
3850,1.01966
3851,1.01966
3852,1.01966
3853,1.01667
3854,1.01667
3855,1.01573
3856,1.01914
3857,1.01914
3858,1.0194
3859,1.02018
3860,1.02229
3861,1.02343
3862,1.02343
3863,1.02343
3864,1.02215
3865,1.02408
3866,1.02225
3867,1.02225
3868,1.02225
3869,1.02099
3870,1.0201
3871,1.02211
3872,1.02211
3873,1.0251
3874,1.0253
3875,1.02404
3876,1.01924
3877,1.01924
3878,1.02003
3879,1.01841
3880,1.01716
3881,1.02062
3882,1.01948
3883,1.0198
3884,1.01591
3885,1.01537
3886,1.01548
3887,1.00906
3888,1.00952
3889,1.00952
3890,1.01284
3891,1.00878
3892,1.00878
3893,1.00973
3894,1.01056
3895,1.00881
3896,1.01031
3897,1.01453
3898,1.01517
3899,1.01527
3900,1.01695
3901,1.0161
3902,1.01605
3903,1.01499
3904,1.01499
3905,1.01499
3906,1.01681
3907,1.01533
3908,1.01797
3909,1.01664
3910,1.01816
3911,1.0194
3912,1.0194
3913,1.021
3914,1.021
3915,1.02506
3916,1.02333
3917,1.02076
3918,1.02382
3919,1.02145
3920,1.01838
3921,1.02013
3922,1.01524
3923,1.01524
3924,1.01524
3925,1.01584
3926,1.01505
3927,1.01567
3928,1.01567
3929,1.01474
3930,1.01395
3931,1.01356
3932,1.01401
3933,1.01401
3934,1.01611
3935,1.01317
3936,1.01686
3937,1.01299
3938,1.01299
3939,1.01406
3940,1.01511
3941,1.0138
3942,1.0131
3943,1.0131
3944,1.01438
3945,1.01502
3946,1.01814
3947,1.01804
3948,1.0158
3949,1.01685
3950,1.01619
3951,1.01639
3952,1.01789
3953,1.01789
3954,1.01789
3955,1.01907
3956,1.01906
3957,1.01881
3958,1.01943
3959,1.01692
3960,1.01931
3961,1.01919
3962,1.01802
3963,1.02228
3964,1.01877
3965,1.01616
3966,1.01542
3967,1.01633
3968,1.01599
3969,1.01599
3970,1.01407
3971,1.01608
3972,1.01722
3973,1.01722
3974,1.01722
3975,1.01523
3976,1.01498
3977,1.01498
3978,1.01123
3979,1.01123
3980,1.01192
3981,1.01262
3982,1.01262
3983,1.01345
3984,1.01092
3985,1.01236
3986,1.0112
3987,1.0135
3988,1.0135
3989,1.01491
3990,1.01776
3991,1.01776
3992,1.01779
3993,1.02044
3994,1.01968
3995,1.02007
3996,1.01802
3997,1.02103
3998,1.02103
3999,1.01881
4000,1.0165
4001,1.0133
4002,1.01314
4003,1.01316
4004,1.01316
4005,1.01441
4006,1.01441
4007,1.01441
4008,1.02037
4009,1.02037
4010,1.01928
4011,1.01951
4012,1.02185
4013,1.02185
4014,1.0191
4015,1.0191
4016,1.01655
4017,1.01645
4018,1.01166
4019,1.01166
4020,1.01144
4021,1.0139
4022,1.01244
4023,1.01006
4024,1.01006
4025,1.01006
4026,1.01006
4027,1.01006
4028,1.01006
4029,1.01006
4030,1.00986
4031,1.00986
4032,1.01288
4033,1.01366
4034,1.01367
4035,1.01165
4036,1.01165
4037,1.01102
4038,1.00986
4039,1.01151
4040,1.0105
4041,1.00969
4042,1.01006
4043,1.01283
4044,1.01283
4045,1.01326
4046,1.01326
4047,1.01326
4048,1.01294
4049,1.01294
4050,1.01453
4051,1.01453
4052,1.01453
4053,1.01453
4054,1.01453
4055,1.01471
4056,1.01425
4057,1.01251
4058,1.01272
4059,1.01375
4060,1.01375
4061,1.01472
4062,1.0163
4063,1.01638
4064,1.01638
4065,1.01543
4066,1.01386
4067,1.01386
4068,1.01139
4069,1.01268
4070,1.01268
4071,1.01268
4072,1.0148
4073,1.01279
4074,1.01279
4075,1.01279
4076,1.01279
4077,1.01387
4078,1.01489
4079,1.01489
4080,1.01531
4081,1.01854
4082,1.01854
4083,1.01854
4084,1.01854
4085,1.01854
4086,1.01413
4087,1.01433
4088,1.01027
4089,1.01027
4090,1.01027
4091,1.01027
4092,1.01027
4093,1.01153
4094,1.01153
4095,1.01006
4096,1.01058
4097,1.01058
4098,1.01058
4099,1.01058
4100,1.01058
4101,1.00897
4102,1.01006
4103,1.00929
4104,1.01212
4105,1.01246
4106,1.01092
4107,1.00902
4108,1.01162
4109,1.01162
4110,1.01162
4111,1.01162
4112,1.01162
4113,1.01162
4114,1.01193
4115,1.00989
4116,1.00989
4117,1.00989
4118,1.01058
4119,1.01378
4120,1.01196
4121,1.00824
4122,1.00923
4123,1.00605
4124,1.00605
4125,1.01135
4126,1.01135
4127,1.01135
4128,1.01067
4129,1.01067
4130,1.01067
4131,1.01067
4132,1.00835
4133,1.0085
4134,1.00863
4135,1.00863
4136,1.00863
4137,1.00822
4138,1.00822
4139,1.00335
4140,1.00135
4141,1.00518
4142,1.00505
4143,1.00505
4144,1.00505
4145,1.00505
4146,1.00561
4147,1.00561
4148,1.00291
4149,1.00291
4150,1.00291
4151,1.00362
4152,1.00203
4153,1.00203
4154,1.00485
4155,1.00461
4156,1.00461
4157,1.00666
4158,1.0062
4159,1.0062
4160,1.0062
4161,1.00515
4162,1.0044
4163,1.00475
4164,1.00285
4165,1.00285
4166,1.00285
4167,1.00285
4168,1.00296
4169,1.00307
4170,1.00307
4171,1.00401
4172,1.00488
4173,1.00488
4174,1.00667
4175,1.00536
4176,1.00561
4177,1.00615
4178,1.005
4179,1.005
4180,1.00458
4181,1.00318
4182,1.00318
4183,1.00564
4184,1.00564
4185,1.00564
4186,1.00334
4187,1.00334
4188,1.00334
4189,1.00334
4190,1.00082
4191,1.00027
4192,1.00027
4193,1.00232
4194,1.00232
4195,1.00325
4196,1.00458
4197,1.00458
4198,1.00458
4199,1.00458
4200,1.00714
4201,1.00689
4202,1.00856
4203,1.00692
4204,1.00907
4205,1.00719
4206,1.00719
4207,1.01062
4208,1.0123
4209,1.01513
4210,1.00907
4211,1.01018
4212,1.01018
4213,1.01044
4214,1.01377
4215,1.01653
4216,1.01653
4217,1.01599
4218,1.01237
4219,1.01237
4220,1.01237
4221,1.01608
4222,1.01333
4223,1.01404
4224,1.01828
4225,1.01828
4226,1.01446
4227,1.01432
4228,1.01432
4229,1.01432
4230,1.01432
4231,1.01432
4232,1.01285
4233,1.01285
4234,1.01271
4235,1.01651
4236,1.01773
4237,1.01299
4238,1.01299
4239,1.01181
4240,1.01181
4241,1.01185
4242,1.01004
4243,1.01004
4244,1.01004
4245,1.01173
4246,1.01183
4247,1.01113
4248,1.01238
4249,1.01238
4250,1.01448
4251,1.0094
4252,1.01056
4253,1.00932
4254,1.01249
4255,1.0118
4256,1.00844
4257,1.00844
4258,1.00929
4259,1.00929
4260,1.00874
4261,1.00837
4262,1.00837
4263,1.00528
4264,1.00528
4265,1.00698
4266,1.00698
4267,1.00698
4268,1.00698
4269,1.01023
4270,1.01023
4271,1.01023
4272,1.01055
4273,1.01055
4274,1.00904
4275,1.0089
4276,1.0089
4277,1.00918
4278,1.01292
4279,1.01292
4280,1.01292
4281,1.0134
4282,1.0134
4283,1.0134
4284,1.01078
4285,1.00919
4286,1.00919
4287,1.00803
4288,1.00928
4289,1.00821
4290,1.00821
4291,1.00821
4292,1.00821
4293,1.00809
4294,1.00928
4295,1.00732
4296,1.00732
4297,1.00711
4298,1.00711
4299,1.00885
4300,1.00885
4301,1.00746
4302,1.00615
4303,1.00615
4304,1.00718
4305,1.00761
4306,1.00761
4307,1.00737
4308,1.00737
4309,1.00694
4310,1.00974
4311,1.00924
4312,1.00924
4313,1.01239
4314,1.01039
4315,1.00961
4316,1.00961
4317,1.00961
4318,1.00961
4319,1.0089
4320,1.01065
4321,1.01226
4322,1.01307
4323,1.01307
4324,1.01334
4325,1.01335
4326,1.01086
4327,1.00959
4328,1.00959
4329,1.00959
4330,1.00959
4331,1.00959
4332,1.0058
4333,1.00804
4334,1.01064
4335,1.01064
4336,1.01064
4337,1.013
4338,1.01306
4339,1.01142
4340,1.01212
4341,1.01212
4342,1.01535
4343,1.01409
4344,1.01592
4345,1.01592
4346,1.01691
4347,1.01681
4348,1.01185
4349,1.01141
4350,1.0141
4351,1.0141
4352,1.0141
4353,1.01369
4354,1.01369
4355,1.01552
4356,1.01552
4357,1.01755
4358,1.01943
4359,1.01943
4360,1.01943
4361,1.01943
4362,1.02115
4363,1.02115
4364,1.02279
4365,1.02211
4366,1.02211
4367,1.02303
4368,1.02303
4369,1.01995
4370,1.02246
4371,1.0212
4372,1.021
4373,1.02349
4374,1.02349
4375,1.02181
4376,1.02181
4377,1.01713
4378,1.01695
4379,1.01509
4380,1.01509
4381,1.01546
4382,1.01546
4383,1.01546
4384,1.01559
4385,1.01559
4386,1.01709
4387,1.01709
4388,1.01823
4389,1.01477
4390,1.01477
4391,1.01592
4392,1.01338
4393,1.01108
4394,1.01359
4395,1.01359
4396,1.01359
4397,1.01419
4398,1.01447
4399,1.01447
4400,1.01502
4401,1.01502
4402,1.01784
4403,1.0147
4404,1.0165
4405,1.01587
4406,1.01212
4407,1.01022
4408,1.00883
4409,1.00883
4410,1.00976
4411,1.01118
4412,1.01203
4413,1.01203
4414,1.01077
4415,1.00787
4416,1.00787
4417,1.00787
4418,1.01196
4419,1.017
4420,1.017
4421,1.01426
4422,1.01426
4423,1.01532
4424,1.01406
4425,1.01255
4426,1.0125
4427,1.0125
4428,1.01269
4429,1.01269
4430,1.01336
4431,1.01228
4432,1.01166
4433,1.00948
4434,1.00948
4435,1.011
4436,1.011
4437,1.011
4438,1.011
4439,1.01092
4440,1.01092
4441,1.01092
4442,1.01286
4443,1.01286
4444,1.01283
4445,1.01109
4446,1.01047
4447,1.01047
4448,1.01388
4449,1.01248
4450,1.01178
4451,1.01132
4452,1.00981
4453,1.00814
4454,1.00814
4455,1.00814
4456,1.00688
4457,1.00485
4458,1.00541
4459,1.00561
4460,1.00756
4461,1.01125
4462,1.01028
4463,1.01367
4464,1.0096
4465,1.0112
4466,1.01021
4467,1.01021
4468,1.01021
4469,1.01021
4470,1.01297
4471,1.0114
4472,1.01179
4473,1.0114
4474,1.01417
4475,1.01141
4476,1.01027
4477,1.01222
4478,1.01518
4479,1.01518
4480,1.0166
4481,1.01456
4482,1.01442
4483,1.01442
4484,1.01442
4485,1.01463
4486,1.01308
4487,1.00991
4488,1.0089
4489,1.00424
4490,1.00841
4491,1.00821
4492,1.00777
4493,1.00943
4494,1.00943
4495,1.00746
4496,1.01001
4497,1.01062
4498,1.01062
4499,1.01062
4500,1.01307
4501,1.01103
4502,1.00828
4503,1.00828
4504,1.00762
4505,1.00762
4506,1.00762
4507,1.00663
4508,1.00678
4509,1.00759
4510,1.00759
4511,1.00889
4512,1.0105
4513,1.0105
4514,1.0105
4515,1.0105
4516,1.0105
4517,1.01164
4518,1.01164
4519,1.01164
4520,1.01344
4521,1.01093
4522,1.01234
4523,1.01234
4524,1.01234
4525,1.01234
4526,1.00937
4527,1.00873
4528,1.00995
4529,1.01167
4530,1.01154
4531,1.01265
4532,1.01118
4533,1.00887
4534,1.00681
4535,1.01217
4536,1.01581
4537,1.01581
4538,1.00954
4539,1.00954
4540,1.01139
4541,1.01263
4542,1.01065
4543,1.00914
4544,1.00964
4545,1.00964
4546,1.0127
4547,1.01139
4548,1.00814
4549,1.00616
4550,1.00868
4551,1.00594
4552,1.00792
4553,1.00792
4554,1.00672
4555,1.01095
4556,1.01146
4557,1.01401
4558,1.01175
4559,1.00988
4560,1.00609
4561,1.0094
4562,1.0094
4563,1.00625
4564,1.00812
4565,1.008
4566,1.00793
4567,1.00623
4568,1.00418
4569,1.00392
4570,1.00399
4571,1.00399
4572,1.00425
4573,1.00701
4574,1.01001
4575,1.01412
4576,1.01342
4577,1.01047
4578,1.01047
4579,1.01047
4580,1.0129
4581,1.0129
4582,1.01183
4583,1.01506
4584,1.01522
4585,1.01423
4586,1.01564
4587,1.01649
4588,1.01293
4589,1.01169
4590,1.0074
4591,1.00919
4592,1.00725
4593,1.00693
4594,1.00693
4595,1.01043
4596,1.01043
4597,1.00705
4598,1.00705
4599,1.00705
4600,1.0084
4601,1.0084
4602,1.0084
4603,1.00788
4604,1.01024
4605,1.00748
4606,1.00893
4607,1.0122
4608,1.00863
4609,1.0138
4610,1.01035
4611,1.01077
4612,1.01077
4613,1.01077
4614,1.01377
4615,1.01377
4616,1.01038
4617,1.01045
4618,1.01045
4619,1.01045
4620,1.01178
4621,1.00868
4622,1.00868
4623,1.01015
4624,1.01015
4625,1.01015
4626,1.01063
4627,1.01063
4628,1.01063
4629,1.00922
4630,1.01178
4631,1.01178
4632,1.01385
4633,1.01658
4634,1.01658
4635,1.01658
4636,1.01489
4637,1.01246
4638,1.01275
4639,1.00964
4640,1.01127
4641,1.00973
4642,1.00524
4643,1.00701
4644,1.00701
4645,1.00755
4646,1.00755
4647,1.00755
4648,1.00789
4649,1.00789
4650,1.00919
4651,1.00919
4652,1.0066
4653,1.00842
4654,1.00842
4655,1.01227
4656,1.0121
4657,1.01188
4658,1.01188
4659,1.01188
4660,1.01188
4661,1.01188
4662,1.01506
4663,1.0124
4664,1.0124
4665,1.0124
4666,1.01387
4667,1.00941
4668,1.00941
4669,1.00998
4670,1.01376
4671,1.01198
4672,1.00936
4673,1.0104
4674,1.0104
4675,1.01352
4676,1.01618
4677,1.01677
4678,1.01427
4679,1.01365
4680,1.01249
4681,1.01105
4682,1.01105
4683,1.01105
4684,1.01105
4685,1.01105
4686,1.01105
4687,1.01054
4688,1.01054
4689,1.01054
4690,1.01007
4691,1.01185
4692,1.01185
4693,1.01185
4694,1.00755
4695,1.00778
4696,1.01076
4697,1.01076
4698,1.01323
4699,1.01323
4700,1.01323
4701,1.01323
4702,1.01561
4703,1.01712
4704,1.01729
4705,1.01729
4706,1.01543
4707,1.01543
4708,1.01543
4709,1.0159
4710,1.01665
4711,1.01386
4712,1.01386
4713,1.01514
4714,1.01514
4715,1.01514
4716,1.01522
4717,1.01522
4718,1.01522
4719,1.01089
4720,1.01045
4721,1.01045
4722,1.01111
4723,1.01111
4724,1.01234
4725,1.01234
4726,1.01495
4727,1.01398
4728,1.01398
4729,1.01806
4730,1.01776
4731,1.01611
4732,1.01406
4733,1.01343
4734,1.01343
4735,1.00772
4736,1.00521
4737,1.00357
4738,1.00766
4739,1.00606
4740,1.01082
4741,1.01161
4742,1.00996
4743,1.00996
4744,1.00996
4745,1.008
4746,1.008
4747,1.00724
4748,1.00724
4749,1.00827
4750,1.00639
4751,1.00488
4752,1.00704
4753,1.00784
4754,1.01017
4755,1.01017
4756,1.01225
4757,1.01109
4758,1.01638
4759,1.01833
4760,1.01833
4761,1.01798
4762,1.01837
4763,1.01975
4764,1.01975
4765,1.02372
4766,1.02513
4767,1.02295
4768,1.02101
4769,1.02101
4770,1.02101
4771,1.01829
4772,1.01725
4773,1.01996
4774,1.01996
4775,1.02105
4776,1.01724
4777,1.01732
4778,1.01653
4779,1.01642
4780,1.0158
4781,1.0158
4782,1.0151
4783,1.01606
4784,1.0167
4785,1.01728
4786,1.01681
4787,1.014
4788,1.014
4789,1.01548
4790,1.01655
4791,1.0169
4792,1.01676
4793,1.01699
4794,1.01836
4795,1.01836
4796,1.01836
4797,1.01852
4798,1.02064
4799,1.01959
4800,1.01959
4801,1.01959
4802,1.02057
4803,1.0219
4804,1.0219
4805,1.01996
4806,1.02189
4807,1.02054
4808,1.02054
4809,1.02124
4810,1.02286
4811,1.01998
4812,1.02052
4813,1.02033
4814,1.02033
4815,1.02033
4816,1.02068
4817,1.0213
4818,1.0213
4819,1.01923
4820,1.02058
4821,1.02157
4822,1.02023
4823,1.02097
4824,1.01886
4825,1.02258
4826,1.02288
4827,1.02913
4828,1.02909
4829,1.02909
4830,1.02909
4831,1.02546
4832,1.02716
4833,1.02716
4834,1.02776
4835,1.02776
4836,1.02467
4837,1.02225
4838,1.02281
4839,1.02374
4840,1.02374
4841,1.02504
4842,1.02306
4843,1.01894
4844,1.01755
4845,1.01571
4846,1.01571
4847,1.01571
4848,1.01818
4849,1.01818
4850,1.01818
4851,1.02012
4852,1.01714
4853,1.01651
4854,1.01682
4855,1.01682
4856,1.018
4857,1.01949
4858,1.01476
4859,1.01342
4860,1.01788
4861,1.02128
4862,1.02035
4863,1.02122
4864,1.02297
4865,1.02297
4866,1.01819
4867,1.01819
4868,1.01819
4869,1.01819
4870,1.01819
4871,1.01714
4872,1.01714
4873,1.02254
4874,1.02168
4875,1.02168
4876,1.01888
4877,1.01943
4878,1.01943
4879,1.02029
4880,1.01812
4881,1.02057
4882,1.0218
4883,1.02406
4884,1.02406
4885,1.02251
4886,1.02069
4887,1.02069
4888,1.02022
4889,1.02022
4890,1.02033
4891,1.01801
4892,1.01801
4893,1.01846
4894,1.01996
4895,1.02203
4896,1.02203
4897,1.01896
4898,1.01883
4899,1.01607
4900,1.01607
4901,1.01932
4902,1.01932
4903,1.02073
4904,1.02073
4905,1.02148
4906,1.01919
4907,1.02215
4908,1.02148
4909,1.01773
4910,1.01932
4911,1.01597
4912,1.01558
4913,1.01417
4914,1.01067
4915,1.01067
4916,1.00987
4917,1.0093
4918,1.0093
4919,1.00833
4920,1.01135
4921,1.01377
4922,1.01078
4923,1.01078
4924,1.01266
4925,1.01286
4926,1.00937
4927,1.00937
4928,1.00937
4929,1.01109
4930,1.01439
4931,1.01212
4932,1.01363
4933,1.01449
4934,1.01475
4935,1.01397
4936,1.01728
4937,1.0158
4938,1.01784
4939,1.01748
4940,1.01748
4941,1.01643
4942,1.01643
4943,1.01421
4944,1.01421
4945,1.01455
4946,1.01455
4947,1.01408
4948,1.01669
4949,1.01669
4950,1.0143
4951,1.0143
4952,1.01374
4953,1.01623
4954,1.01629
4955,1.01944
4956,1.01648
4957,1.01534
4958,1.01547
4959,1.01547
4960,1.01633
4961,1.01633
4962,1.01633
4963,1.01956
4964,1.01956
4965,1.01741
4966,1.0171
4967,1.01796
4968,1.01676
4969,1.01676
4970,1.01676
4971,1.01676
4972,1.01676
4973,1.01736
4974,1.01736
4975,1.01736
4976,1.01736
4977,1.01491
4978,1.0149
4979,1.0131
4980,1.0131
4981,1.0131
4982,1.01301
4983,1.01332
4984,1.01157
4985,1.01026
4986,1.01252
4987,1.01252
4988,1.01252
4989,1.01322
4990,1.01474
4991,1.01474
4992,1.01474
4993,1.01474
4994,1.01474
4995,1.01474
4996,1.01511
4997,1.01511
4998,1.01642
4999,1.01649
5000,1.0161
5001,1.0161
5002,1.01925
5003,1.01744
5004,1.01561
5005,1.01485
5006,1.01485
5007,1.01547
5008,1.01535
5009,1.01534
5010,1.01534
5011,1.01165
5012,1.01165
5013,1.01165
5014,1.01269
5015,1.01322
5016,1.01051
5017,1.01238
5018,1.01117
5019,1.01258
5020,1.01258
5021,1.01312
5022,1.01226
5023,1.01287
5024,1.01268
5025,1.01268
5026,1.0152
5027,1.01346
5028,1.01403
5029,1.01324
5030,1.01357
5031,1.01357
5032,1.01224
5033,1.0126
5034,1.01347
5035,1.0161
5036,1.01409
5037,1.01696
5038,1.01696
5039,1.01696
5040,1.01696
5041,1.01696
5042,1.01362
5043,1.01362
5044,1.01296
5045,1.01473
5046,1.01473
5047,1.01413
5048,1.01259
5049,1.01064
5050,1.01064
5051,1.01321
5052,1.01321
5053,1.01194
5054,1.01194
5055,1.01091
5056,1.01091
5057,1.00988
5058,1.00988
5059,1.00976
5060,1.0066
5061,1.00823
5062,1.01337
5063,1.01024
5064,1.01024
5065,1.01024
5066,1.01024
5067,1.01002
5068,1.01002
5069,1.01188
5070,1.00961
5071,1.00955
5072,1.01011
5073,1.01011
5074,1.00923
5075,1.01034
5076,1.01365
5077,1.01365
5078,1.01567
5079,1.01148
5080,1.01148
5081,1.0124
5082,1.01225
5083,1.01225
5084,1.01224
5085,1.01088
5086,1.00904
5087,1.00904
5088,1.00904
5089,1.00916
5090,1.00916
5091,1.01237
5092,1.01416
5093,1.01148
5094,1.01445
5095,1.01293
5096,1.01293
5097,1.01293
5098,1.01432
5099,1.01438
5100,1.01479
5101,1.01697
5102,1.01641
5103,1.0135
5104,1.0135
5105,1.01528
5106,1.01733
5107,1.01713
5108,1.01759
5109,1.01338
5110,1.01338
5111,1.01413
5112,1.01413
5113,1.01413
5114,1.01258
5115,1.011
5116,1.011
5117,1.01281
5118,1.01281
5119,1.01034
5120,1.01239
5121,1.01184
5122,1.01258
5123,1.01177
5124,1.01202
5125,1.0133
5126,1.0133
5127,1.01543
5128,1.01839
5129,1.01854
5130,1.01854
5131,1.01854
5132,1.01867
5133,1.02087
5134,1.02317
5135,1.01939
5136,1.01939
5137,1.01939
5138,1.02088
5139,1.02099
5140,1.02099
5141,1.02099
5142,1.01977
5143,1.01908
5144,1.01878
5145,1.01878
5146,1.02037
5147,1.02037
5148,1.02037
5149,1.02044
5150,1.02044
5151,1.01638
5152,1.01531
5153,1.01531
5154,1.01327
5155,1.01277
5156,1.01277
5157,1.01277
5158,1.01382
5159,1.01382
5160,1.01201
5161,1.01424
5162,1.0192
5163,1.0192
5164,1.01725
5165,1.01789
5166,1.01775
5167,1.01775
5168,1.01564
5169,1.01558
5170,1.01579
5171,1.01593
5172,1.01381
5173,1.01381
5174,1.01381
5175,1.01381
5176,1.01435
5177,1.01278
5178,1.00971
5179,1.01197
5180,1.01197
5181,1.01197
5182,1.01239
5183,1.01269
5184,1.01375
5185,1.01316
5186,1.01413
5187,1.01107
5188,1.01107
5189,1.01107
5190,1.01107
5191,1.00976
5192,1.01141
5193,1.00704
5194,1.00704
5195,1.00839
5196,1.01019
5197,1.01019
5198,1.00769
5199,1.00444
5200,1.00484
5201,1.00778
5202,1.00778
5203,1.00572
5204,1.00892
5205,1.00892
5206,1.00523
5207,1.00611
5208,1.00788
5209,1.00893
5210,1.01142
5211,1.01412
5212,1.01328
5213,1.01439
5214,1.01529
5215,1.01529
5216,1.01529
5217,1.01529
5218,1.01531
5219,1.01729
5220,1.01721
5221,1.01721
5222,1.01865
5223,1.0185
5224,1.0185
5225,1.0185
5226,1.0185
5227,1.01725
5228,1.01774
5229,1.01774
5230,1.01774
5231,1.01858
5232,1.01667
5233,1.01881
5234,1.01914
5235,1.01952
5236,1.01875
5237,1.0163
5238,1.01572
5239,1.01339
5240,1.01233
5241,1.01381
5242,1.01569
5243,1.01542
5244,1.01583
5245,1.01583
5246,1.01683
5247,1.01683
5248,1.01309
5249,1.02075
5250,1.02139
5251,1.01846
5252,1.01764
5253,1.01741
5254,1.01741
5255,1.01736
5256,1.02056
5257,1.02189
5258,1.02395
5259,1.02395
5260,1.02395
5261,1.02395
5262,1.02422
5263,1.02195
5264,1.02195
5265,1.01917
5266,1.01808
5267,1.02131
5268,1.02029
5269,1.01913
5270,1.01698
5271,1.01698
5272,1.01698
5273,1.01698
5274,1.01401
5275,1.01342
5276,1.0111
5277,1.0111
5278,1.0111
5279,1.01206
5280,1.01298
5281,1.01299
5282,1.01299
5283,1.01283
5284,1.01268
5285,1.01268
5286,1.01093
5287,1.01093
5288,1.00693
5289,1.00642
5290,1.00887
5291,1.00891
5292,1.00647
5293,1.00622
5294,1.00622
5295,1.00573
5296,1.0019
5297,1.00042
5298,1.00585
5299,1.00585
5300,1.00207
5301,1.00417
5302,1.00417
5303,1.00384
5304,1.0043
5305,1.00524
5306,1.00524
5307,1.00798
5308,1.00798
5309,1.0097
5310,1.0097
5311,1.01008
5312,1.00768
5313,1.00588
5314,1.00722
5315,1.00456
5316,1.00456
5317,1.00369
5318,1.00369
5319,1.00524
5320,1.00518
5321,1.00794
5322,1.00928
5323,1.00832
5324,1.00832
5325,1.01052
5326,1.01208
5327,1.01208
5328,1.01092
5329,1.01092
5330,1.01092
5331,1.01105
5332,1.00699
5333,1.00699
5334,1.01046
5335,1.01182
5336,1.01182
5337,1.01607
5338,1.01607
5339,1.01038
5340,1.01196
5341,1.01139
5342,1.01139
5343,1.0123
5344,1.0123
5345,1.0123
5346,1.01524
5347,1.01756
5348,1.01789
5349,1.01389
5350,1.01389
5351,1.01389
5352,1.01389
5353,1.01231
5354,1.01334
5355,1.01334
5356,1.01334
5357,1.01334
5358,1.01334
5359,1.01334
5360,1.01334
5361,1.01334
5362,1.01334
5363,1.01334
5364,1.01334
5365,1.01627
5366,1.01627
5367,1.01347
5368,1.01106
5369,1.01106
5370,1.01454
5371,1.01441
5372,1.01355
5373,1.01619
5374,1.01591
5375,1.01868
5376,1.01654
5377,1.01643
5378,1.01784
5379,1.01744
5380,1.01714
5381,1.01638
5382,1.01638
5383,1.01632
5384,1.01632
5385,1.01664
5386,1.01654
5387,1.0165
5388,1.0165
5389,1.0165
5390,1.01571
5391,1.0181
5392,1.0162
5393,1.0162
5394,1.01317
5395,1.01358
5396,1.01293
5397,1.01752
5398,1.01682
5399,1.01682
5400,1.01682
5401,1.01884
5402,1.01754
5403,1.01656
5404,1.01604
5405,1.01604
5406,1.01947
5407,1.01947
5408,1.01947
5409,1.02229
5410,1.02173
5411,1.01911
5412,1.01911
5413,1.01991
5414,1.01769
5415,1.01572
5416,1.0144
5417,1.01395
5418,1.01395
5419,1.01361
5420,1.01456
5421,1.01467
5422,1.01359
5423,1.01359
5424,1.01359
5425,1.01486
5426,1.01486
5427,1.01477
5428,1.01477
5429,1.0154
5430,1.0154
5431,1.01712
5432,1.01769
5433,1.01769
5434,1.02058
5435,1.01899
5436,1.02193
5437,1.0176
5438,1.01493
5439,1.01493
5440,1.01514
5441,1.01498
5442,1.01498
5443,1.01315
5444,1.01605
5445,1.01605
5446,1.01308
5447,1.01308
5448,1.01308
5449,1.01308
5450,1.01308
5451,1.01308
5452,1.01192
5453,1.01062
5454,1.01221
5455,1.01221
5456,1.01006
5457,1.00675
5458,1.00675
5459,1.00675
5460,1.00675
5461,1.00825
5462,1.01078
5463,1.01122
5464,1.01122
5465,1.01058
5466,1.01193
5467,1.01159
5468,1.01112
5469,1.01386
5470,1.01107
5471,1.01107
5472,1.01198
5473,1.0133
5474,1.0133
5475,1.01379
5476,1.01379
5477,1.01409
5478,1.01174
5479,1.01128
5480,1.01128
5481,1.01077
5482,1.01014
5483,1.01313
5484,1.00992
5485,1.01173
5486,1.01173
5487,1.01173
5488,1.01411
5489,1.01411
5490,1.01411
5491,1.01326
5492,1.01326
5493,1.01326
5494,1.01089
5495,1.01089
5496,1.00901
5497,1.01048
5498,1.00881
5499,1.01158
5500,1.01078
5501,1.0108
5502,1.01499
5503,1.0138
5504,1.0134
5505,1.01406
5506,1.01406
5507,1.01045
5508,1.01438
5509,1.01256
5510,1.01272
5511,1.0142
5512,1.0142
5513,1.01163
5514,1.01217
5515,1.01237
5516,1.01121
5517,1.01156
5518,1.01057
5519,1.00987
5520,1.00987
5521,1.00987
5522,1.0109
5523,1.00957
5524,1.00957
5525,1.00957
5526,1.00957
5527,1.00676
5528,1.00676
5529,1.00713
5530,1.00879
5531,1.00888
5532,1.01115
5533,1.01457
5534,1.0147
5535,1.01671
5536,1.01671
5537,1.01666
5538,1.0185
5539,1.0185
5540,1.01775
5541,1.01692
5542,1.01692
5543,1.01692
5544,1.01692
5545,1.01692
5546,1.0147
5547,1.01214
5548,1.01214
5549,1.01214
5550,1.01199
5551,1.00878
5552,1.01032
5553,1.01066
5554,1.01208
5555,1.01285
5556,1.01163
5557,1.01441
5558,1.01441
5559,1.01422
5560,1.01574
5561,1.01574
5562,1.01574
5563,1.01763
5564,1.01763
5565,1.01591
5566,1.01544
5567,1.01737
5568,1.01713
5569,1.01713
5570,1.01565
5571,1.01654
5572,1.01915
5573,1.01781
5574,1.01389
5575,1.01389
5576,1.01261
5577,1.00966
5578,1.00875
5579,1.00785
5580,1.01376
5581,1.01089
5582,1.01089
5583,1.01005
5584,1.01005
5585,1.01005
5586,1.01321
5587,1.01062
5588,1.01124
5589,1.01124
5590,1.01329
5591,1.01329
5592,1.01357
5593,1.0157
5594,1.01622
5595,1.01622
5596,1.01529
5597,1.01487
5598,1.01826
5599,1.01635
5600,1.01763
5601,1.01763
5602,1.01366
5603,1.01366
5604,1.01419
5605,1.01384
5606,1.01249
5607,1.0157
5608,1.01473
5609,1.01473
5610,1.01473
5611,1.01473
5612,1.01444
5613,1.01865
5614,1.01865
5615,1.01865
5616,1.01769
5617,1.01688
5618,1.01658
5619,1.01658
5620,1.01907
5621,1.02368
5622,1.02345
5623,1.02304
5624,1.01967
5625,1.01736
5626,1.01736
5627,1.01531
5628,1.01518
5629,1.01638
5630,1.01656
5631,1.01869
5632,1.0182
5633,1.01954
5634,1.0206
5635,1.0206
5636,1.02068
5637,1.02252
5638,1.02081
5639,1.021
5640,1.0234
5641,1.0234
5642,1.01722
5643,1.02008
5644,1.02008
5645,1.02098
5646,1.01774
5647,1.01774
5648,1.01774
5649,1.01774
5650,1.01774
5651,1.01774
5652,1.01774
5653,1.01931
5654,1.01891
5655,1.01773
5656,1.01638
5657,1.01422
5658,1.01464
5659,1.01464
5660,1.01217
5661,1.01217
5662,1.01217
5663,1.01217
5664,1.01426
5665,1.01759
5666,1.01701
5667,1.01701
5668,1.01701
5669,1.01573
5670,1.01506
5671,1.01222
5672,1.01222
5673,1.01326
5674,1.01064
5675,1.01064
5676,1.01064
5677,1.01064
5678,1.01436
5679,1.014
5680,1.01502
5681,1.017
5682,1.01438
5683,1.01186
5684,1.00937
5685,1.00937
5686,1.00937
5687,1.01188
5688,1.01188
5689,1.01188
5690,1.00998
5691,1.00644
5692,1.00567
5693,1.00927
5694,1.00841
5695,1.01211
5696,1.01194
5697,1.01013
5698,1.01013
5699,1.01013
5700,1.00871
5701,1.00877
5702,1.00745
5703,1.01021
5704,1.01309
5705,1.01309
5706,1.01309
5707,1.01474
5708,1.01474
5709,1.01219
5710,1.01114
5711,1.00747
5712,1.00747
5713,1.00971
5714,1.00953
5715,1.00904
5716,1.00808
5717,1.00808
5718,1.00808
5719,1.00767
5720,1.01095
5721,1.00788
5722,1.00991
5723,1.0085
5724,1.01241
5725,1.01241
5726,1.01021
5727,1.01177
5728,1.01526
5729,1.01544
5730,1.01534
5731,1.01199
5732,1.01199
5733,1.01098
5734,1.01042
5735,1.00764
5736,1.00789
5737,1.00579
5738,1.0047
5739,1.00498
5740,1.00498
5741,1.00602
5742,1.00602
5743,1.00602
5744,1.00513
5745,1.00593
5746,1.00908
5747,1.00644
5748,1.00644
5749,1.00644
5750,1.00556
5751,1.00556
5752,1.00821
5753,1.00858
5754,1.00858
5755,1.00748
5756,1.00948
5757,1.00756
5758,1.00756
5759,1.00756
5760,1.00756
5761,1.00681
5762,1.00762
5763,1.00634
5764,1.00926
5765,1.00926
5766,1.00932
5767,1.00807
5768,1.00681
5769,1.00557
5770,1.0032
5771,1.0032
5772,1.0032
5773,1.0069
5774,1.00496
5775,1.00496
5776,1.00643
5777,1.01017
5778,1.00977
5779,1.00977
5780,1.00977
5781,1.01198
5782,1.01252
5783,1.01252
5784,1.01071
5785,1.01415
5786,1.01246
5787,1.01434
5788,1.01043
5789,1.01043
5790,1.01043
5791,1.01006
5792,1.01026
5793,1.00944
5794,1.01088
5795,1.01068
5796,1.01068
5797,1.0115
5798,1.01146
5799,1.01146
5800,1.00938
5801,1.00938
5802,1.00616
5803,1.00616
5804,1.00836
5805,1.00836
5806,1.00893
5807,1.01186
5808,1.01196
5809,1.01057
5810,1.01035
5811,1.01166
5812,1.01445
5813,1.01445
5814,1.01147
5815,1.01147
5816,1.01218
5817,1.01218
5818,1.01356
5819,1.01356
5820,1.01356
5821,1.01186
5822,1.01033
5823,1.0114
5824,1.01156
5825,1.013
5826,1.01007
5827,1.00917
5828,1.00861
5829,1.00861
5830,1.00699
5831,1.00699
5832,1.00699
5833,1.00396
5834,1.00188
5835,1.00249
5836,1.0062
5837,1.0062
5838,1.00618
5839,1.00763
5840,1.00763
5841,1.00986
5842,1.01282
5843,1.01198
5844,1.01136
5845,1.01256
5846,1.01058
5847,1.01376
5848,1.01376
5849,1.01664
5850,1.01745
5851,1.01792
5852,1.01792
5853,1.01684
5854,1.01684
5855,1.01745
5856,1.02032
5857,1.02032
5858,1.02092
5859,1.02092
5860,1.01623
5861,1.01623
5862,1.01623
5863,1.01528
5864,1.01396
5865,1.01248
5866,1.01378
5867,1.01383
5868,1.01287
5869,1.01287
5870,1.01287
5871,1.01287
5872,1.01253
5873,1.01228
5874,1.01228
5875,1.01147
5876,1.01254
5877,1.01224
5878,1.01207
5879,1.01207
5880,1.01107
5881,1.01705
5882,1.01692
5883,1.01998
5884,1.01576
5885,1.01576
5886,1.01756
5887,1.01756
5888,1.01781
5889,1.02028
5890,1.01822
5891,1.01822
5892,1.01615
5893,1.01663
5894,1.01663
5895,1.01935
5896,1.01709
5897,1.01863
5898,1.01863
5899,1.02038
5900,1.01901
5901,1.01901
5902,1.02267
5903,1.01802
5904,1.02087
5905,1.01937
5906,1.01643
5907,1.01643
5908,1.01943
5909,1.01482
5910,1.01767
5911,1.01633
5912,1.01633
5913,1.01633
5914,1.0158
5915,1.01258
5916,1.01364
5917,1.01364
5918,1.01384
5919,1.01384
5920,1.01278
5921,1.01278
5922,1.01837
5923,1.01957
5924,1.01496
5925,1.01496
5926,1.02209
5927,1.02348
5928,1.02606
5929,1.02302
5930,1.02375
5931,1.02257
5932,1.02257
5933,1.02257
5934,1.02257
5935,1.02256
5936,1.02657
5937,1.02657
5938,1.02706
5939,1.02581
5940,1.02711
5941,1.02678
5942,1.02313
5943,1.02254
5944,1.02254
5945,1.02386
5946,1.02386
5947,1.02475
5948,1.02475
5949,1.02475
5950,1.02404
5951,1.02177
5952,1.02177
5953,1.02331
5954,1.02193
5955,1.02131
5956,1.0203
5957,1.0203
5958,1.0203
5959,1.02502
5960,1.02502
5961,1.02551
5962,1.02122
5963,1.0214
5964,1.02165
5965,1.02119
5966,1.02518
5967,1.02739
5968,1.02173
5969,1.02173
5970,1.02173
5971,1.02173
5972,1.0218
5973,1.02229
5974,1.02356
5975,1.02356
5976,1.02556
5977,1.02535
5978,1.02289
5979,1.02289
5980,1.02022
5981,1.0208
5982,1.0223
5983,1.02183
5984,1.01945
5985,1.01836
5986,1.01834
5987,1.01834
5988,1.01711
5989,1.01711
5990,1.01704
5991,1.0144
5992,1.0144
5993,1.01488
5994,1.01488
5995,1.01334
5996,1.01728
5997,1.0135
5998,1.01282
5999,1.01282
6000,1.01282
6001,1.01282
6002,1.01555
6003,1.01233
6004,1.01174
6005,1.01174
6006,1.01152
6007,1.01087
6008,1.01399
6009,1.01601
6010,1.01601
6011,1.01409
6012,1.0182
6013,1.01752
6014,1.01752
6015,1.01462
6016,1.0116
6017,1.01022
6018,1.0125
6019,1.01467
6020,1.01467
6021,1.01467
6022,1.01232
6023,1.01232
6024,1.0133
6025,1.01816
6026,1.01599
6027,1.01599
6028,1.01668
6029,1.01558
6030,1.01558
6031,1.01404
6032,1.01404
6033,1.01482
6034,1.01453
6035,1.01904
6036,1.02171
6037,1.02137
6038,1.02305
6039,1.02119
6040,1.01658
6041,1.01658
6042,1.01658
6043,1.01342
6044,1.01735
6045,1.01735
6046,1.01735
6047,1.01891
6048,1.02246
6049,1.02127
6050,1.01909
6051,1.01681
6052,1.01682
6053,1.01552
6054,1.01552
6055,1.01552
6056,1.01798
6057,1.01602
6058,1.01516
6059,1.01563
6060,1.01318
6061,1.01318
6062,1.01147
6063,1.01147
6064,1.01147
6065,1.01419
6066,1.01479
6067,1.01168
6068,1.01168
6069,1.01384
6070,1.01465
6071,1.01465
6072,1.01465
6073,1.01465
6074,1.01465
6075,1.01465
6076,1.01203
6077,1.01076
6078,1.011
6079,1.00799
6080,1.00799
6081,1.0098
6082,1.01112
6083,1.01112
6084,1.01336
6085,1.01336
6086,1.01086
6087,1.0106
6088,1.00993
6089,1.01076
6090,1.01053
6091,1.01205
6092,1.01293
6093,1.00825
6094,1.00757
6095,1.00928
6096,1.00772
6097,1.00505
6098,1.00675
6099,1.00675
6100,1.00675
6101,1.00867
6102,1.00542
6103,1.00547
6104,1.00751
6105,1.0096
6106,1.0096
6107,1.0096
6108,1.0096
6109,1.013
6110,1.01202
6111,1.00754
6112,1.00918
6113,1.00952
6114,1.01658
6115,1.01405
6116,1.01458
6117,1.01235
6118,1.01235
6119,1.01235
6120,1.01235
6121,1.0129
6122,1.0129
6123,1.01516
6124,1.01533
6125,1.01479
6126,1.01315
6127,1.01415
6128,1.00876
6129,1.00699
6130,1.0078
6131,1.0078
6132,1.00422
6133,1.00422
6134,1.00266
6135,1.00353
6136,1.00749
6137,1.00547
6138,1.00361
6139,1.00361
6140,1.00361
6141,1.00099
6142,1.00157
6143,1.00157
6144,1.00377
6145,1.00612
6146,1.00354
6147,1.00354
6148,1.00354
6149,1.00579
6150,1.00439
6151,1.00103
6152,1.00375
6153,1.00182
6154,1.00182
6155,1.0039
6156,1.00225
6157,1.00225
6158,1.00225
6159,1.00282
6160,1.00282
6161,1.00282
6162,1.00543
6163,1.00489
6164,1.00484
6165,1.00709
6166,1.00581
6167,1.00555
6168,1.00957
6169,1.01046
6170,1.01046
6171,1.01173
6172,1.00993
6173,1.01123
6174,1.01022
6175,1.01294
6176,1.01294
6177,1.01645
6178,1.01406
6179,1.0151
6180,1.01554
6181,1.01512
6182,1.01512
6183,1.01298
6184,1.01043
6185,1.01016
6186,1.01016
6187,1.01016
6188,1.01019
6189,1.00935
6190,1.0092
6191,1.01232
6192,1.01221
6193,1.01221
6194,1.01093
6195,1.01093
6196,1.01262
6197,1.01198
6198,1.01198
6199,1.01548
6200,1.01643
6201,1.01722
6202,1.0191
6203,1.0191
6204,1.015
6205,1.015
6206,1.01515
6207,1.01493
6208,1.01272
6209,1.01397
6210,1.01437
6211,1.01528
6212,1.01528
6213,1.01702
6214,1.01523
6215,1.01561
6216,1.01561
6217,1.0194
6218,1.01358
6219,1.01536
6220,1.01536
6221,1.01495
6222,1.01755
6223,1.01755
6224,1.01476
6225,1.01488
6226,1.01488
6227,1.01312
6228,1.01352
6229,1.01156
6230,1.01156
6231,1.01416
6232,1.01323
6233,1.01193
6234,1.01484
6235,1.01484
6236,1.01484
6237,1.01484
6238,1.01484
6239,1.01484
6240,1.01333
6241,1.01263
6242,1.01035
6243,1.00841
6244,1.00771
6245,1.00771
6246,1.00771
6247,1.01079
6248,1.01079
6249,1.00893
6250,1.00654
6251,1.00881
6252,1.00949
6253,1.0068
6254,1.01003
6255,1.01072
6256,1.01249
6257,1.01249
6258,1.00992
6259,1.01164
6260,1.01164
6261,1.0096
6262,1.01026
6263,1.0103
6264,1.0103
6265,1.0103
6266,1.0103
6267,1.0097
6268,1.01079
6269,1.01086
6270,1.01086
6271,1.01086
6272,1.00858
6273,1.01094
6274,1.01329
6275,1.01578
6276,1.01687
6277,1.01301
6278,1.01599
6279,1.01679
6280,1.01679
6281,1.01584
6282,1.01816
6283,1.01653
6284,1.0175
6285,1.01457
6286,1.01083
6287,1.01151
6288,1.01143
6289,1.01113
6290,1.01094
6291,1.00881
6292,1.00971
6293,1.00971
6294,1.00702
6295,1.00498
6296,1.00498
6297,1.00498
6298,1.00498
6299,1.00525
6300,1.00525
6301,1.0049
6302,1.0049
6303,1.00708
6304,1.00708
6305,1.00729
6306,1.00693
6307,1.00861
6308,1.00812
6309,1.01114
6310,1.01114
6311,1.00714
6312,1.00909
6313,1.00909
6314,1.00909
6315,1.00909
6316,1.00909
6317,1.00909
6318,1.00587
6319,1.00505
6320,1.00505
6321,1.00542
6322,1.01036
6323,1.00817
6324,1.00817
6325,1.00709
6326,1.00709
6327,1.00709
6328,1.00867
6329,1.00867
6330,1.00867
6331,1.00867
6332,1.00867
6333,1.00868
6334,1.01157
6335,1.01157
6336,1.013
6337,1.01201
6338,1.01201
6339,1.01201
6340,1.01576
6341,1.01195
6342,1.01195
6343,1.01422
6344,1.01422
6345,1.01422
6346,1.01422
6347,1.01422
6348,1.01246
6349,1.01246
6350,1.01063
6351,1.01063
6352,1.01063
6353,1.01063
6354,1.01421
6355,1.01578
6356,1.01578
6357,1.01578
6358,1.01418
6359,1.01418
6360,1.012
6361,1.012
6362,1.012
6363,1.00955
6364,1.00955
6365,1.0073
6366,1.00694
6367,1.00694
6368,1.00694
6369,1.01071
6370,1.01071
6371,1.00824
6372,1.00999
6373,1.00999
6374,1.00999
6375,1.0104
6376,1.01171
6377,1.01217
6378,1.01166
6379,1.00997
6380,1.01095
6381,1.00963
6382,1.00963
6383,1.01062
6384,1.01062
6385,1.00854
6386,1.00854
6387,1.00854
6388,1.00874
6389,1.00792
6390,1.0099
6391,1.0099
6392,1.00875
6393,1.00875
6394,1.0078
6395,1.00926
6396,1.01008
6397,1.01008
6398,1.00837
6399,1.00847
6400,1.00847
6401,1.00867
6402,1.00841
6403,1.00877
6404,1.0107
6405,1.01194
6406,1.01194
6407,1.01194
6408,1.01334
6409,1.0103
6410,1.0103
6411,1.0118
6412,1.0118
6413,1.00627
6414,1.00645
6415,1.00645
6416,1.00445
6417,1.0051
6418,1.00606
6419,1.0054
6420,1.0054
6421,1.00937
6422,1.01213
6423,1.01308
6424,1.01308
6425,1.01308
6426,1.01308
6427,1.0129
6428,1.0129
6429,1.0129
6430,1.01428
6431,1.01438
6432,1.016
6433,1.01774
6434,1.01395
6435,1.01412
6436,1.01359
6437,1.01291
6438,1.01494
6439,1.01652
6440,1.01663
6441,1.01663
6442,1.01532
6443,1.01532
6444,1.01532
6445,1.01532
6446,1.01532
6447,1.0184
6448,1.0184
6449,1.01846
6450,1.0206
6451,1.02156
6452,1.01968
6453,1.01968
6454,1.01954
6455,1.01785
6456,1.02019
6457,1.02002
6458,1.02002
6459,1.02002
6460,1.01654
6461,1.01487
6462,1.01487
6463,1.01487
6464,1.01532
6465,1.01532
6466,1.01532
6467,1.01531
6468,1.01298
6469,1.01537
6470,1.0204
6471,1.01959
6472,1.0175
6473,1.0175
6474,1.01766
6475,1.01942
6476,1.01942
6477,1.01942
6478,1.01942
6479,1.01889
6480,1.01783
6481,1.0164
6482,1.01846
6483,1.02181
6484,1.02129
6485,1.02129
6486,1.01866
6487,1.01866
6488,1.01994
6489,1.01994
6490,1.01797
6491,1.01981
6492,1.01851
6493,1.02113
6494,1.0217
6495,1.02157
6496,1.02157
6497,1.0211
6498,1.0211
6499,1.01971
6500,1.0162
6501,1.01655
6502,1.01335
6503,1.00871
6504,1.00936
6505,1.00931
6506,1.01211
6507,1.01538
6508,1.01338
6509,1.01602
6510,1.01776
6511,1.01591
6512,1.01591
6513,1.01591
6514,1.01591
6515,1.01434
6516,1.0155
6517,1.01349
6518,1.01349
6519,1.01349
6520,1.01601
6521,1.01574
6522,1.01523
6523,1.01523
6524,1.0194
6525,1.01894
6526,1.02197
6527,1.02297
6528,1.02297
6529,1.02297
6530,1.02169
6531,1.02213
6532,1.01737
6533,1.01427
6534,1.01234
6535,1.01234
6536,1.01353
6537,1.01248
6538,1.01248
6539,1.013
6540,1.01288
6541,1.01315
6542,1.01315
6543,1.01048
6544,1.01439
6545,1.01611
6546,1.01622
6547,1.01516
6548,1.01758
6549,1.01793
6550,1.02249
6551,1.02249
6552,1.02357
6553,1.02357
6554,1.02357
6555,1.02341
6556,1.02393
6557,1.02493
6558,1.02109
6559,1.02109
6560,1.02047
6561,1.02047
6562,1.01966
6563,1.01931
6564,1.01541
6565,1.0192
6566,1.01701
6567,1.01701
6568,1.01748
6569,1.01859
6570,1.01461
6571,1.01385
6572,1.01385
6573,1.01697
6574,1.01924
6575,1.01856
6576,1.01856
6577,1.02148
6578,1.02101
6579,1.02181
6580,1.01726
6581,1.01737
6582,1.01388
6583,1.00766
6584,1.01202
6585,1.00927
6586,1.01107
6587,1.01107
6588,1.01107
6589,1.01166
6590,1.01362
6591,1.01725
6592,1.01911
6593,1.01671
6594,1.01627
6595,1.01669
6596,1.01352
6597,1.01497
6598,1.01497
6599,1.01452
6600,1.01653
6601,1.01653
6602,1.01319
6603,1.01542
6604,1.01575
6605,1.01172
6606,1.01204
6607,1.01023
6608,1.01204
6609,1.0137
6610,1.01169
6611,1.01104
6612,1.01096
6613,1.01262
6614,1.01093
6615,1.01009
6616,1.01009
6617,1.01055
6618,1.01025
6619,1.01025
6620,1.01025
6621,1.01061
6622,1.01061
6623,1.01061
6624,1.01112
6625,1.00853
6626,1.00726
6627,1.01049
6628,1.00972
6629,1.0126
6630,1.0126
6631,1.00939
6632,1.00894
6633,1.00905
6634,1.00905
6635,1.00905
6636,1.00729
6637,1.00738
6638,1.00738
6639,1.00738
6640,1.01134
6641,1.01134
6642,1.01143
6643,1.0083
6644,1.01108
6645,1.01054
6646,1.01384
6647,1.01384
6648,1.01384
6649,1.01289
6650,1.0124
6651,1.0124
6652,1.0124
6653,1.0124
6654,1.0124
6655,1.01425
6656,1.01538
6657,1.00988
6658,1.00872
6659,1.00774
6660,1.00774
6661,1.00774
6662,1.00774
6663,1.00707
6664,1.00776
6665,1.00823
6666,1.00823
6667,1.00823
6668,1.00649
6669,1.00778
6670,1.00904
6671,1.00904
6672,1.00904
6673,1.00805
6674,1.01034
6675,1.01239
6676,1.01239
6677,1.01239
6678,1.01071
6679,1.01321
6680,1.01456
6681,1.0168
6682,1.01757
6683,1.01694
6684,1.01554
6685,1.01219
6686,1.01219
6687,1.01439
6688,1.01439
6689,1.0116
6690,1.0116
6691,1.0116
6692,1.01263
6693,1.01371
6694,1.01371
6695,1.01371
6696,1.01402
6697,1.01507
6698,1.01547
6699,1.01547
6700,1.01555
6701,1.01377
6702,1.01377
6703,1.01212
6704,1.00976
6705,1.00976
6706,1.01037
6707,1.01235
6708,1.01181
6709,1.01014
6710,1.01195
6711,1.01383
6712,1.01383
6713,1.01245
6714,1.01245
6715,1.01218
6716,1.01141
6717,1.0119
6718,1.01347
6719,1.01253
6720,1.0137
6721,1.01533
6722,1.01533
6723,1.01798
6724,1.02035
6725,1.02035
6726,1.02314
6727,1.02314
6728,1.02495
6729,1.02495
6730,1.02086
6731,1.02413
6732,1.02413
6733,1.0255
6734,1.0255
6735,1.0255
6736,1.0255
6737,1.02697
6738,1.02697
6739,1.02749
6740,1.02749
6741,1.02749
6742,1.02554
6743,1.02347
6744,1.02347
6745,1.0265
6746,1.02452
6747,1.02452
6748,1.02382
6749,1.02834
6750,1.02645
6751,1.02645
6752,1.02398
6753,1.02398
6754,1.02398
6755,1.02403
6756,1.02363
6757,1.0213
6758,1.02549
6759,1.02549
6760,1.0241
6761,1.02515
6762,1.02391
6763,1.022
6764,1.022
6765,1.022
6766,1.022
6767,1.02299
6768,1.02299
6769,1.02097
6770,1.01853
6771,1.01825
6772,1.01825
6773,1.01828
6774,1.01766
6775,1.01766
6776,1.01967
6777,1.01862
6778,1.01613
6779,1.01306
6780,1.01306
6781,1.01112
6782,1.01239
6783,1.01239
6784,1.01343
6785,1.01491
6786,1.01491
6787,1.01491
6788,1.01448
6789,1.01448
6790,1.01253
