MDTU,|Tr(L)|,ReTr(L),ImTr(L)
1,2.18995,1.33401,-1.73676
2,4.14229,2.52506,-3.28369
3,4.01251,2.50258,-3.13645
4,3.95226,2.38869,-3.14873
5,3.78276,2.25852,-3.03452
6,3.70786,2.24539,-2.95067
7,3.5704,2.16643,-2.83802
8,3.52366,2.03839,-2.87422
9,3.45639,2.02165,-2.8035
10,3.45346,1.92088,-2.86995
11,3.38185,1.77953,-2.87579
12,3.34478,1.77671,-2.83387
13,3.28394,1.764,-2.76994
14,3.30897,1.83549,-2.75323
15,3.21836,1.76717,-2.68979
16,3.16943,1.67197,-2.69254
17,3.06219,1.61259,-2.60318
18,3.06219,1.61259,-2.60318
19,3.12475,1.62775,-2.6673
20,2.98895,1.52966,-2.56787
21,3.05432,1.51302,-2.65323
22,3.05322,1.48169,-2.66959
23,3.11667,1.4406,-2.76375
24,3.14465,1.54893,-2.73672
25,3.13242,1.47538,-2.76321
26,3.13537,1.47247,-2.7681
27,2.99477,1.43291,-2.62971
28,2.89351,1.26395,-2.60285
29,2.78259,1.12867,-2.5434
30,2.79042,1.06268,-2.58014
31,2.74761,1.0221,-2.55043
32,2.68963,0.994248,-2.49911
33,2.69858,0.973327,-2.51694
34,2.6677,1.02668,-2.46222
35,2.56717,0.949709,-2.38504
36,2.51273,0.905802,-2.34379
37,2.49764,0.963549,-2.3043
38,2.51528,1.04468,-2.28807
39,2.48717,0.976997,-2.28725
40,2.54619,0.989629,-2.346
41,2.54619,0.989629,-2.346
42,2.53445,0.982526,-2.33625
43,2.52021,0.962279,-2.32926
44,2.48611,0.886314,-2.32276
45,2.5032,0.899067,-2.33616
46,2.5032,0.899067,-2.33616
47,2.42101,0.928586,-2.23585
48,2.41962,1.06007,-2.17505
49,2.42627,1.03295,-2.1954
50,2.34189,0.980032,-2.12696
51,2.35416,0.999128,-2.13162
52,2.2992,1.01843,-2.06134
53,2.30842,0.966496,-2.09635
54,2.26131,0.904884,-2.07236
55,2.29419,0.937563,-2.09387
56,2.24338,0.889639,-2.05944
57,2.21577,0.833061,-2.0532
58,2.26792,0.864233,-2.09679
59,2.26792,0.864233,-2.09679
60,2.2489,0.920161,-2.05204
61,2.26353,0.873104,-2.08836
62,2.24524,0.828449,-2.08681
63,2.24524,0.828449,-2.08681
64,2.24524,0.828449,-2.08681
65,2.30957,0.933853,-2.11235
66,2.27965,0.982966,-2.05683
67,2.2756,0.953003,-2.06644
68,2.27916,0.968007,-2.06338
69,2.23497,0.883455,-2.05295
70,2.20472,0.933072,-1.99754
71,2.24048,0.943635,-2.03207
72,2.22867,0.931929,-2.02447
73,2.20688,0.873044,-2.02684
74,2.25026,0.858687,-2.07998
75,2.25026,0.858687,-2.07998
76,2.3248,0.925136,-2.1328
77,2.3248,0.925136,-2.1328
78,2.27222,0.857276,-2.10429
79,2.33295,0.870071,-2.16463
80,2.35675,0.868725,-2.19079
81,2.31696,0.894377,-2.13738
82,2.30254,0.956447,-2.09449
83,2.30622,1.00991,-2.07333
84,2.35548,0.997883,-2.13366
85,2.35548,0.997883,-2.13366
86,2.30326,0.949484,-2.09845
87,2.30326,0.949484,-2.09845
88,2.33646,1.03075,-2.09681
89,2.29387,1.00074,-2.06406
90,2.29387,1.00074,-2.06406
91,2.31642,1.0111,-2.0841
92,2.27466,0.962372,-2.06105
93,2.36254,1.03407,-2.12422
94,2.36254,1.03407,-2.12422
95,2.38063,1.13246,-2.09402
96,2.33467,1.19427,-2.00609
97,2.38208,1.22155,-2.04503
98,2.37617,1.25469,-2.01791
99,2.43554,1.31007,-2.05319
100,2.41232,1.18598,-2.10065
101,2.41232,1.18598,-2.10065
102,2.3021,1.092,-2.02663
103,2.31139,1.21852,-1.96412
104,2.26435,1.15587,-1.94712
105,2.30393,1.18575,-1.97536
106,2.30393,1.18575,-1.97536
107,2.26036,1.12412,-1.96102
108,2.26334,1.08877,-1.98426
109,2.26334,1.08877,-1.98426
110,2.30092,1.04933,-2.04772
111,2.28649,1.02325,-2.04476
112,2.28649,1.02325,-2.04476
113,2.31917,1.01177,-2.08683
114,2.36583,1.0496,-2.12026
115,2.35598,0.996733,-2.13475
116,2.2959,0.978111,-2.07712
117,2.2959,0.978111,-2.07712
118,2.35875,1.06284,-2.10573
119,2.26013,1.0561,-1.9982
120,2.29794,1.12944,-2.00123
121,2.29794,1.12944,-2.00123
122,2.16672,1.03835,-1.90171
123,2.16672,1.03835,-1.90171
124,2.16672,1.03835,-1.90171
125,2.16672,1.03835,-1.90171
126,2.1051,1.03943,-1.83058
127,2.13181,1.03791,-1.86208
128,2.10796,1.05156,-1.82694
129,2.10248,1.04648,-1.82355
130,2.05109,1.09135,-1.73664
131,2.03564,1.14391,-1.68384
132,2.04213,1.04371,-1.75527
133,2.04171,1.0854,-1.72931
134,2.0012,1.06992,-1.69118
135,1.96848,1.00465,-1.69281
136,2.00251,1.04228,-1.70988
137,2.00251,1.04228,-1.70988
138,2.04812,1.02042,-1.77582
139,2.02594,0.92391,-1.80301
140,2.00108,0.925149,-1.77438
141,2.00108,0.925149,-1.77438
142,2.00108,0.925149,-1.77438
143,2.01349,0.89537,-1.80346
144,2.01349,0.89537,-1.80346
145,2.05261,0.924456,-1.83265
146,2.04092,0.909901,-1.82686
147,2.07453,0.936544,-1.85109
148,2.07453,0.936544,-1.85109
149,2.03801,0.897113,-1.82993
150,2.10866,1.01701,-1.8472
151,2.11604,0.978601,-1.87616
152,2.11604,0.978601,-1.87616
153,2.11604,0.978601,-1.87616
154,2.0989,0.969896,-1.86137
155,2.09689,0.937358,-1.87571
156,2.11708,0.990762,-1.87094
157,2.15244,1.00847,-1.90158
158,2.02665,0.945264,-1.79271
159,2.10256,0.912377,-1.89428
160,2.10679,0.937094,-1.8869
161,2.08011,0.959211,-1.84575
162,2.04606,0.98259,-1.79468
163,1.9947,1.02456,-1.71146
164,1.9947,1.02456,-1.71146
165,2.00813,1.06945,-1.69966
166,2.05198,1.10446,-1.72939
167,2.05198,1.10446,-1.72939
168,2.05198,1.10446,-1.72939
169,2.06786,1.09334,-1.75518
170,2.06989,1.06652,-1.77398
171,2.11424,1.10684,-1.80136
172,2.149,1.13657,-1.82384
173,2.12092,1.13193,-1.79361
174,2.04692,1.08221,-1.73744
175,2.01198,1.07712,-1.69937
176,2.06456,1.18762,-1.68878
177,2.07981,1.14946,-1.7333
178,2.07049,1.0891,-1.76091
179,2.08439,1.17849,-1.71925
180,2.08439,1.17849,-1.71925
181,2.06893,1.24281,-1.65406
182,2.06619,1.2772,-1.62416
183,2.13309,1.33203,-1.66607
184,2.13309,1.33203,-1.66607
185,2.16988,1.37763,-1.67645
186,2.16988,1.37763,-1.67645
187,2.15959,1.456,-1.59495
188,2.2116,1.55111,-1.57646
189,2.25482,1.62793,-1.56016
190,2.25482,1.62793,-1.56016
191,2.25482,1.62793,-1.56016
192,2.27394,1.64684,-1.56803
193,2.27394,1.64684,-1.56803
194,2.24531,1.55552,-1.61919
195,2.19705,1.52554,-1.58106
196,2.19705,1.52554,-1.58106
197,2.21294,1.53507,-1.59395
198,2.21294,1.53507,-1.59395
199,2.22006,1.51684,-1.62107
200,2.15909,1.43307,-1.61492
201,2.15252,1.44618,-1.59434
202,2.11333,1.39797,-1.58487
203,2.11333,1.39797,-1.58487
204,2.06629,1.36961,-1.54716
205,2.06629,1.36961,-1.54716
206,2.04208,1.3738,-1.51088
207,2.04208,1.3738,-1.51088
208,2.00375,1.37184,-1.46051
209,1.97642,1.36697,-1.42746
210,1.97642,1.36697,-1.42746
211,1.98879,1.35266,-1.45794
212,1.98879,1.35266,-1.45794
213,1.97555,1.37923,-1.4144
214,1.9406,1.37997,-1.36441
215,1.89328,1.30455,-1.3721
216,1.80804,1.19737,-1.35474
217,1.80804,1.19737,-1.35474
218,1.86998,1.22134,-1.41603
219,1.84284,1.24287,-1.36064
220,1.84284,1.24287,-1.36064
221,1.84284,1.24287,-1.36064
222,1.89972,1.24541,-1.43453
223,1.90771,1.29528,-1.40058
224,1.9386,1.28679,-1.44994
225,1.94807,1.30485,-1.4465
226,1.94807,1.30485,-1.4465
227,1.96294,1.33283,-1.44108
228,1.96294,1.33283,-1.44108
229,1.96294,1.33283,-1.44108
230,1.98361,1.34799,-1.4552
231,1.98361,1.34799,-1.4552
232,1.98361,1.34799,-1.4552
233,1.98361,1.34799,-1.4552
234,1.98361,1.34799,-1.4552
235,1.98144,1.33132,-1.46755
236,1.98144,1.33132,-1.46755
237,1.94583,1.31159,-1.43736
238,1.97824,1.30373,-1.48786
239,2.01847,1.28785,-1.55423
240,2.02447,1.3098,-1.54366
241,2.03783,1.32453,-1.54866
242,2.11165,1.46183,-1.52384
243,2.11471,1.53746,-1.45197
244,2.16626,1.60801,-1.45155
245,2.16626,1.60801,-1.45155
246,2.15167,1.55791,-1.48412
247,2.15167,1.55791,-1.48412
248,2.13532,1.57417,-1.44276
249,2.10409,1.50006,-1.47546
250,2.19302,1.48459,-1.6141
251,2.19302,1.48459,-1.6141
252,2.173,1.56914,-1.50325
253,2.17307,1.61129,-1.45807
254,2.18334,1.59656,-1.48928
255,2.1412,1.55807,-1.46872
256,2.09135,1.52423,-1.43194
257,2.12945,1.54828,-1.46199
258,2.14938,1.58289,-1.45405
259,2.05423,1.49114,-1.41293
260,2.05423,1.49114,-1.41293
261,2.10445,1.54335,-1.43066
262,2.04749,1.49149,-1.40274
263,2.05313,1.52492,-1.37476
264,2.092,1.57293,-1.37927
265,2.13649,1.57412,-1.44456
266,2.14882,1.62035,-1.41134
267,2.12109,1.6485,-1.33471
268,2.13954,1.57076,-1.45271
269,2.18208,1.64221,-1.43688
270,2.22974,1.65276,-1.4967
271,2.22974,1.65276,-1.4967
272,2.17021,1.60848,-1.45691
273,2.10497,1.53437,-1.44104
274,2.11735,1.58821,-1.40027
275,2.11735,1.58821,-1.40027
276,2.08124,1.57257,-1.3633
277,2.11286,1.60597,-1.37297
278,2.13419,1.63264,-1.3745
279,2.13419,1.63264,-1.3745
280,2.14738,1.65579,-1.36734
281,2.14544,1.63916,-1.38422
282,2.11171,1.60762,-1.36927
283,2.1371,1.64962,-1.35866
284,2.04045,1.56588,-1.30822
285,2.01896,1.54531,-1.29932
286,2.05519,1.57459,-1.32078
287,2.05519,1.57459,-1.32078
288,2.05519,1.57459,-1.32078
289,2.05519,1.57459,-1.32078
290,2.05519,1.57459,-1.32078
291,2.06414,1.53544,-1.37953
292,2.09928,1.51808,-1.44996
293,2.0808,1.53852,-1.40096
294,2.0808,1.53852,-1.40096
295,2.04067,1.51604,-1.366
296,2.04067,1.51604,-1.366
297,2.07199,1.5201,-1.408
298,2.07199,1.5201,-1.408
299,2.07199,1.5201,-1.408
300,2.04775,1.54937,-1.33893
301,2.04775,1.54937,-1.33893
302,2.04564,1.57762,-1.3022
303,2.04564,1.57762,-1.3022
304,2.06413,1.61276,-1.28827
305,2.0974,1.63147,-1.3181
306,2.09169,1.68608,-1.23785
307,2.09169,1.68608,-1.23785
308,2.04542,1.66194,-1.19235
309,2.08874,1.66481,-1.26146
310,2.06026,1.60585,-1.29071
311,2.06408,1.57645,-1.33238
312,2.09418,1.6083,-1.34125
313,2.09418,1.6083,-1.34125
314,2.02069,1.47243,-1.38389
315,2.02223,1.48727,-1.3702
316,1.99197,1.47207,-1.342
317,1.98905,1.4735,-1.33609
318,1.97773,1.48831,-1.30244
319,1.94539,1.42903,-1.32
320,1.94539,1.42903,-1.32
321,1.97218,1.43641,-1.35137
322,1.94551,1.41832,-1.33169
323,2.05083,1.54769,-1.34558
324,1.93779,1.48954,-1.23947
325,1.98502,1.4921,-1.30917
326,2.01882,1.52512,-1.32274
327,1.89335,1.43417,-1.23609
328,1.91196,1.45524,-1.24011
329,1.89702,1.48813,-1.1765
330,1.85421,1.43635,-1.1726
331,1.85421,1.43635,-1.1726
332,1.88879,1.42117,-1.24411
333,1.88879,1.42117,-1.24411
334,1.86058,1.42759,-1.1932
335,1.83943,1.4744,-1.09984
336,1.83943,1.4744,-1.09984
337,1.83943,1.4744,-1.09984
338,1.83943,1.4744,-1.09984
339,1.83943,1.4744,-1.09984
340,1.86716,1.4703,-1.15087
341,1.86716,1.4703,-1.15087
342,1.86078,1.44668,-1.1703
343,1.87724,1.43034,-1.21579
344,1.87724,1.43034,-1.21579
345,1.87724,1.43034,-1.21579
346,1.87724,1.43034,-1.21579
347,1.87724,1.43034,-1.21579
348,1.87724,1.43034,-1.21579
349,1.81938,1.37829,-1.18763
350,1.91897,1.46245,-1.24246
351,1.92803,1.46594,-1.25232
352,1.92803,1.46594,-1.25232
353,1.92803,1.46594,-1.25232
354,1.96807,1.4765,-1.30126
355,1.96807,1.4765,-1.30126
356,2.01425,1.52165,-1.31977
357,2.05705,1.52219,-1.38362
358,2.01421,1.47526,-1.37136
359,1.92837,1.35557,-1.3715
360,1.91273,1.4008,-1.30243
361,1.91856,1.39204,-1.32026
362,1.98157,1.43381,-1.36777
363,1.9993,1.42067,-1.40673
364,1.9993,1.42067,-1.40673
365,1.95557,1.3948,-1.37068
366,1.95321,1.33845,-1.42253
367,1.97168,1.34706,-1.43978
368,1.9853,1.38274,-1.42459
369,1.98061,1.32788,-1.46954
370,2.00006,1.29686,-1.52263
371,2.00006,1.29686,-1.52263
372,1.97008,1.33809,-1.44594
373,1.95035,1.28473,-1.46742
374,1.95896,1.32107,-1.44648
375,1.92864,1.28516,-1.43806
376,1.86731,1.25324,-1.38429
377,1.86731,1.25324,-1.38429
378,1.85676,1.27311,-1.35157
379,1.92068,1.30495,-1.4093
380,1.92068,1.30495,-1.4093
381,1.98507,1.37127,-1.43531
382,1.98299,1.34115,-1.46068
383,2.03022,1.41536,-1.45552
384,2.03022,1.41536,-1.45552
385,2.03022,1.41536,-1.45552
386,1.98996,1.39764,-1.41652
387,1.97098,1.44463,-1.34082
388,2.01681,1.43091,-1.42127
389,1.99728,1.42729,-1.39712
390,1.99728,1.42729,-1.39712
391,1.99728,1.42729,-1.39712
392,1.98223,1.4377,-1.36464
393,1.90421,1.34144,-1.3515
394,1.90421,1.34144,-1.3515
395,1.88176,1.32081,-1.34033
396,1.89457,1.28272,-1.39429
397,1.84459,1.29376,-1.3148
398,1.86394,1.33492,-1.30086
399,1.86394,1.33492,-1.30086
400,1.86394,1.33492,-1.30086
401,1.80307,1.28925,-1.26051
402,1.86565,1.3397,-1.2984
403,1.88867,1.35989,-1.31064
404,1.8798,1.41551,-1.23693
405,1.87081,1.39358,-1.24814
406,1.87058,1.38687,-1.25526
407,1.87058,1.38687,-1.25526
408,1.85864,1.39796,-1.22486
409,1.83053,1.34321,-1.24364
410,1.86249,1.42836,-1.19525
411,1.86249,1.42836,-1.19525
412,1.86249,1.42836,-1.19525
413,1.86835,1.40265,-1.23423
414,1.86856,1.4221,-1.21208
415,1.95534,1.46593,-1.29399
416,1.95534,1.46593,-1.29399
417,1.93829,1.39378,-1.34697
418,1.90304,1.38083,-1.30953
419,1.90304,1.38083,-1.30953
420,1.90304,1.38083,-1.30953
421,1.94366,1.38097,-1.36775
422,1.96295,1.41965,-1.35565
423,1.96178,1.41384,-1.36001
424,1.99903,1.41631,-1.41073
425,1.99104,1.37851,-1.43664
426,1.99113,1.3704,-1.44451
427,1.99113,1.3704,-1.44451
428,1.99113,1.3704,-1.44451
429,2.02327,1.42541,-1.43591
430,2.02327,1.42541,-1.43591
431,1.99606,1.38058,-1.44162
432,1.98215,1.3385,-1.46196
433,1.95241,1.2529,-1.49738
434,1.95241,1.2529,-1.49738
435,1.94891,1.28931,-1.46148
436,1.93752,1.31241,-1.42533
437,1.9664,1.36631,-1.41419
438,1.94846,1.36002,-1.39529
439,1.89012,1.28243,-1.3885
440,1.83056,1.25552,-1.33214
441,1.88098,1.27672,-1.38133
442,1.88098,1.27672,-1.38133
443,1.89717,1.30448,-1.37753
444,1.88908,1.21793,-1.44405
445,1.84952,1.20506,-1.40305
446,1.8573,1.24592,-1.37741
447,1.8573,1.24592,-1.37741
448,1.83998,1.24132,-1.35818
449,1.83885,1.23126,-1.36578
450,1.83885,1.23126,-1.36578
451,1.82488,1.24239,-1.33665
452,1.86659,1.21225,-1.41936
453,1.83811,1.18757,-1.40298
454,1.94476,1.30868,-1.43855
455,1.94476,1.30868,-1.43855
456,1.93607,1.31904,-1.41721
457,1.93607,1.31904,-1.41721
458,1.93607,1.31904,-1.41721
459,2.01118,1.34639,-1.49401
460,2.01118,1.34639,-1.49401
461,1.98184,1.35318,-1.44796
462,2.05945,1.49083,-1.42083
463,1.96669,1.34931,-1.43081
464,1.99169,1.31037,-1.49991
465,1.98643,1.33867,-1.46761
466,1.98643,1.33867,-1.46761
467,2.05012,1.4572,-1.44207
468,2.05012,1.4572,-1.44207
469,2.05012,1.4572,-1.44207
470,2.05012,1.4572,-1.44207
471,2.05012,1.4572,-1.44207
472,2.05012,1.4572,-1.44207
473,2.08586,1.39499,-1.55075
474,2.02951,1.42101,-1.44901
475,2.02951,1.42101,-1.44901
476,2.05037,1.47426,-1.42498
477,1.97164,1.47327,-1.31029
478,1.97164,1.47327,-1.31029
479,1.97164,1.47327,-1.31029
480,1.97749,1.41342,-1.38301
481,1.98959,1.44288,-1.36988
482,2.00024,1.4023,-1.42637
483,2.00024,1.4023,-1.42637
484,1.95924,1.44452,-1.32363
485,1.93787,1.42241,-1.31609
486,1.91686,1.41401,-1.2942
487,1.91228,1.38171,-1.322
488,1.91228,1.38171,-1.322
489,1.88808,1.36808,-1.30123
490,1.93383,1.3275,-1.40621
491,1.8959,1.33276,-1.34839
492,1.8959,1.33276,-1.34839
493,1.94076,1.31482,-1.42751
494,1.94076,1.31482,-1.42751
495,1.94076,1.31482,-1.42751
496,1.93659,1.30524,-1.43063
497,1.9216,1.31039,-1.40549
498,1.91508,1.30857,-1.39827
499,1.91508,1.30857,-1.39827
500,1.89007,1.22906,-1.43589
501,1.89007,1.22906,-1.43589
502,1.89007,1.22906,-1.43589
503,1.89007,1.22906,-1.43589
504,1.89007,1.22906,-1.43589
505,1.91926,1.17822,-1.51504
506,1.97173,1.22552,-1.54461
507,1.99596,1.23677,-1.5666
508,1.9872,1.24708,-1.54717
509,1.99577,1.2677,-1.54144
510,2.00334,1.26629,-1.55237
511,2.00334,1.26629,-1.55237
512,2.00128,1.25228,-1.56106
513,2.00128,1.25228,-1.56106
514,2.00128,1.25228,-1.56106
515,2.00266,1.31303,-1.51215
516,2.0523,1.29611,-1.59123
517,2.05113,1.24752,-1.62813
518,2.05113,1.24752,-1.62813
519,2.05113,1.24752,-1.62813
520,2.02848,1.2035,-1.63289
521,2.00847,1.18256,-1.62342
522,2.00847,1.18256,-1.62342
523,2.00847,1.18256,-1.62342
524,2.0247,1.21956,-1.6162
525,2.06074,1.23786,-1.64753
526,2.06074,1.23786,-1.64753
527,2.06074,1.23786,-1.64753
528,2.05485,1.28417,-1.60415
529,2.09642,1.26052,-1.67513
530,2.1384,1.30256,-1.69591
531,2.1384,1.30256,-1.69591
532,2.11703,1.31953,-1.6555
533,2.11703,1.31953,-1.6555
534,2.12587,1.31796,-1.66803
535,2.12587,1.31796,-1.66803
536,2.10307,1.35711,-1.60659
537,2.10307,1.35711,-1.60659
538,2.05449,1.2794,-1.60751
539,2.1042,1.30496,-1.65067
540,2.08531,1.22562,-1.68712
541,2.14475,1.24621,-1.74554
542,2.14475,1.24621,-1.74554
543,2.05459,1.21471,-1.65706
544,2.02332,1.2553,-1.58683
545,2.07212,1.27019,-1.63716
546,2.07212,1.27019,-1.63716
547,2.07716,1.25363,-1.6562
548,2.10994,1.25877,-1.69332
549,2.15239,1.24866,-1.75318
550,2.16079,1.19243,-1.80198
551,2.15623,1.16547,-1.81411
552,2.15623,1.16547,-1.81411
553,2.15623,1.16547,-1.81411
554,2.14048,1.17203,-1.7911
555,2.11073,1.08916,-1.80801
556,2.10116,1.07638,-1.80451
557,2.04159,0.998137,-1.78096
558,2.04159,0.998137,-1.78096
559,2.11465,0.985751,-1.87084
560,2.11465,0.985751,-1.87084
561,2.09664,0.949196,-1.86948
562,2.13337,0.979395,-1.89527
563,2.16658,0.89978,-1.9709
564,2.17509,0.810419,-2.01847
565,2.10594,0.833213,-1.9341
566,2.05782,0.885503,-1.85756
567,2.05782,0.885503,-1.85756
568,2.02615,0.790232,-1.86569
569,2.08346,0.799543,-1.92394
570,2.04349,0.817511,-1.87284
571,2.01909,0.797206,-1.85505
572,1.94697,0.81453,-1.7684
573,1.96501,0.910401,-1.74139
574,1.96501,0.910401,-1.74139
575,1.92948,0.871575,-1.72141
576,1.91709,0.86471,-1.711
577,1.95201,0.894396,-1.73505
578,2.00796,1.00331,-1.73933
579,1.98405,1.01087,-1.70722
580,1.98405,1.01087,-1.70722
581,2.0469,1.01799,-1.77581
582,2.0469,1.01799,-1.77581
583,2.0469,1.01799,-1.77581
584,2.0469,1.01799,-1.77581
585,2.06582,0.96806,-1.82496
586,2.06582,0.96806,-1.82496
587,2.08603,1.0441,-1.80593
588,2.04244,1.04663,-1.75389
589,2.04244,1.04663,-1.75389
590,2.03081,1.04011,-1.74424
591,2.03081,1.04011,-1.74424
592,2.02434,1.0893,-1.70627
593,1.99521,1.13923,-1.63799
594,1.96695,1.11186,-1.62255
595,1.93284,1.02865,-1.63639
596,1.90925,1.07035,-1.58101
597,1.90925,1.07035,-1.58101
598,1.88945,1.01381,-1.59443
599,1.97748,1.10469,-1.64015
600,1.97748,1.10469,-1.64015
601,1.98004,1.1184,-1.63394
602,1.97329,1.10851,-1.6325
603,1.98458,1.1288,-1.63229
604,1.98458,1.1288,-1.63229
605,1.98458,1.1288,-1.63229
606,1.98963,1.19116,-1.59366
607,1.97599,1.27637,-1.50846
608,2.00705,1.32087,-1.51114
609,1.93939,1.29637,-1.44246
610,1.93939,1.29637,-1.44246
611,1.90429,1.30669,-1.38524
612,1.90429,1.30669,-1.38524
613,1.90583,1.3183,-1.37632
614,1.90583,1.3183,-1.37632
615,1.90583,1.3183,-1.37632
616,1.95389,1.32449,-1.43645
617,1.95645,1.30771,-1.45519
618,1.92257,1.36245,-1.35647
619,1.92257,1.36245,-1.35647
620,1.92257,1.36245,-1.35647
621,1.92257,1.36245,-1.35647
622,1.90152,1.31424,-1.37425
623,1.96694,1.37626,-1.40526
624,1.96694,1.37626,-1.40526
625,1.95614,1.37726,-1.38912
626,2.02826,1.4254,-1.44293
627,2.03698,1.4083,-1.47173
628,2.03698,1.4083,-1.47173
629,2.06104,1.44881,-1.46589
630,2.06104,1.44881,-1.46589
631,2.10349,1.43791,-1.53529
632,2.06995,1.42471,-1.50163
633,2.09301,1.47968,-1.48029
634,2.09301,1.47968,-1.48029
635,2.09301,1.47968,-1.48029
636,2.09301,1.47968,-1.48029
637,2.03982,1.4898,-1.39333
638,2.03982,1.4898,-1.39333
639,2.04773,1.50416,-1.3895
640,2.09745,1.55425,-1.4084
641,2.05242,1.52707,-1.37131
642,2.06714,1.47051,-1.45282
643,2.07288,1.54419,-1.38286
644,2.07288,1.54419,-1.38286
645,2.08832,1.60094,-1.34092
646,2.08832,1.60094,-1.34092
647,2.08832,1.60094,-1.34092
648,2.04767,1.60612,-1.27018
649,2.04767,1.60612,-1.27018
650,2.04767,1.60612,-1.27018
651,2.07027,1.59849,-1.31561
652,2.07027,1.59849,-1.31561
653,2.02428,1.51273,-1.34513
654,2.03752,1.562,-1.30829
655,2.00012,1.52039,-1.29957
656,2.00012,1.52039,-1.29957
657,1.98925,1.49581,-1.31136
658,1.99103,1.41688,-1.3988
659,2.0009,1.40029,-1.42927
660,2.03481,1.46077,-1.41654
661,1.97482,1.42374,-1.36852
662,1.97532,1.45074,-1.34062
663,1.97532,1.45074,-1.34062
664,1.97114,1.47116,-1.31189
665,1.96257,1.40836,-1.36683
666,1.94473,1.3248,-1.42369
667,1.91023,1.27499,-1.42246
668,1.91023,1.27499,-1.42246
669,1.91023,1.27499,-1.42246
670,1.91023,1.27499,-1.42246
671,1.97334,1.31492,-1.47141
672,2.00174,1.32466,-1.50075
673,2.02857,1.38979,-1.47769
674,2.02857,1.38979,-1.47769
675,2.08088,1.39922,-1.5402
676,2.05203,1.35726,-1.53904
677,2.05203,1.35726,-1.53904
678,1.98846,1.38959,-1.42233
679,1.99374,1.39634,-1.4231
680,2.01822,1.38075,-1.47199
681,2.01674,1.375,-1.47533
682,2.01674,1.375,-1.47533
683,1.94907,1.2939,-1.45763
684,1.9242,1.2067,-1.49881
685,1.96014,1.28545,-1.47978
686,1.99071,1.36763,-1.44655
687,1.99071,1.36763,-1.44655
688,2.05854,1.37183,-1.53483
689,2.0271,1.37842,-1.4863
690,2.0271,1.37842,-1.4863
691,1.9189,1.29873,-1.41262
692,1.91768,1.30158,-1.40833
693,1.95121,1.32254,-1.43461
694,1.95121,1.32254,-1.43461
695,1.991,1.3009,-1.50723
696,1.9474,1.25543,-1.48872
697,1.9474,1.25543,-1.48872
698,1.9474,1.25543,-1.48872
699,1.9474,1.25543,-1.48872
700,1.90243,1.22492,-1.45561
701,1.91551,1.22273,-1.47448
702,1.93283,1.20148,-1.51402
703,1.93283,1.20148,-1.51402
704,1.93283,1.20148,-1.51402
705,1.91949,1.16285,-1.52715
706,1.93249,1.13907,-1.5611
707,1.96953,1.22295,-1.54385
708,1.93808,1.17038,-1.54478
709,1.93808,1.17038,-1.54478
710,1.93808,1.17038,-1.54478
711,1.95809,1.22119,-1.53063
712,1.96337,1.25422,-1.51055
713,1.93398,1.28673,-1.44381
714,1.93398,1.28673,-1.44381
715,2.0072,1.31171,-1.51929
716,2.01835,1.34588,-1.50411
717,1.99883,1.32395,-1.49749
718,2.08147,1.38935,-1.54991
719,2.08147,1.38935,-1.54991
720,2.01444,1.37459,-1.47258
721,2.01444,1.37459,-1.47258
722,2.06609,1.40224,-1.51738
723,2.04214,1.32824,-1.55116
724,2.04214,1.32824,-1.55116
725,2.12814,1.35304,-1.64264
726,2.12814,1.35304,-1.64264
727,2.12814,1.35304,-1.64264
728,2.06138,1.29908,-1.60053
729,2.06138,1.29908,-1.60053
730,2.07118,1.29884,-1.61332
731,2.04803,1.24616,-1.62527
732,2.04803,1.24616,-1.62527
733,2.03865,1.20558,-1.64398
734,2.03865,1.20558,-1.64398
735,1.99068,1.27116,-1.53198
736,1.99068,1.27116,-1.53198
737,1.91695,1.2329,-1.46787
738,1.91695,1.2329,-1.46787
739,1.91695,1.2329,-1.46787
740,1.89705,1.17573,-1.48878
741,1.89705,1.17573,-1.48878
742,1.87019,1.13675,-1.48506
743,1.84249,1.14343,-1.44476
744,1.84249,1.14343,-1.44476
745,1.87565,1.10598,-1.51489
746,1.90611,1.17514,-1.50077
747,1.93124,1.19999,-1.51317
748,1.9852,1.24873,-1.54327
749,1.9852,1.24873,-1.54327
750,1.9852,1.24873,-1.54327
751,1.93329,1.24786,-1.47663
752,1.93329,1.24786,-1.47663
753,1.93329,1.24786,-1.47663
754,1.96173,1.29283,-1.47546
755,1.96173,1.29283,-1.47546
756,1.96173,1.29283,-1.47546
757,1.96173,1.29283,-1.47546
758,1.96173,1.29283,-1.47546
759,1.96173,1.29283,-1.47546
760,1.97676,1.27678,-1.5091
761,1.93197,1.29857,-1.43047
762,1.93197,1.29857,-1.43047
763,1.91105,1.23794,-1.4559
764,1.91105,1.23794,-1.4559
765,1.94482,1.29323,-1.45255
766,1.91952,1.20048,-1.49781
767,1.95265,1.2136,-1.52971
768,1.95265,1.2136,-1.52971
769,1.97468,1.19759,-1.57008
770,1.97849,1.19923,-1.57361
771,1.96851,1.15964,-1.59068
772,1.96851,1.15964,-1.59068
773,1.96851,1.15964,-1.59068
774,1.96851,1.15964,-1.59068
775,1.96851,1.15964,-1.59068
776,1.89677,1.1863,-1.48001
777,1.89677,1.1863,-1.48001
778,1.89677,1.1863,-1.48001
779,1.89677,1.1863,-1.48001
780,1.9179,1.18271,-1.50981
781,1.91573,1.18854,-1.50246
782,1.98889,1.27139,-1.52946
783,1.94841,1.23985,-1.50303
784,1.94241,1.26634,-1.47287
785,1.95734,1.22136,-1.52953
786,1.95734,1.22136,-1.52953
787,1.97136,1.19396,-1.56867
788,1.96922,1.20161,-1.56011
789,1.96922,1.20161,-1.56011
790,1.98849,1.24633,-1.54943
791,1.97261,1.24875,-1.52703
792,1.97261,1.24875,-1.52703
793,1.96464,1.22785,-1.53369
794,1.96464,1.22785,-1.53369
795,1.96464,1.22785,-1.53369
796,1.96464,1.22785,-1.53369
797,1.97549,1.21547,-1.5573
798,1.92626,1.21214,-1.49706
799,1.94674,1.26255,-1.48181
800,1.88541,1.17458,-1.47483
801,1.88541,1.17458,-1.47483
802,1.88541,1.17458,-1.47483
803,1.87081,1.13681,-1.4858
804,1.87081,1.13681,-1.4858
805,1.91766,1.16291,-1.52482
806,1.89542,1.1237,-1.5264
807,1.88184,1.0935,-1.53152
808,1.91394,1.07604,-1.58281
809,1.91394,1.07604,-1.58281
810,1.91394,1.07604,-1.58281
811,1.90922,1.06346,-1.58561
812,1.90922,1.06346,-1.58561
813,1.90922,1.06346,-1.58561
814,1.89177,0.992762,-1.61035
815,1.92995,1.04623,-1.62176
816,1.91076,0.99363,-1.63208
817,1.91076,0.99363,-1.63208
818,1.95749,1.01573,-1.67334
819,2.00571,1.06907,-1.69704
820,1.92894,1.00968,-1.64359
821,1.89135,1.04396,-1.57714
822,1.89135,1.04396,-1.57714
823,1.89819,1.09842,-1.54809
824,1.88709,1.0432,-1.57253
825,1.90967,0.998093,-1.62808
826,1.90967,0.998093,-1.62808
827,1.89723,0.984191,-1.62199
828,1.92323,1.05992,-1.60481
829,1.92323,1.05992,-1.60481
830,1.92323,1.05992,-1.60481
831,1.86452,1.01178,-1.56612
832,1.86622,1.01007,-1.56925
833,1.85657,0.941251,-1.60028
834,1.88255,0.975263,-1.61024
835,1.84665,1.0203,-1.53918
836,1.85205,0.977802,-1.57289
837,1.85205,0.977802,-1.57289
838,1.87367,1.08025,-1.53092
839,1.79432,1.00116,-1.48904
840,1.81239,0.974386,-1.52818
841,1.81239,0.974386,-1.52818
842,1.88806,1.01094,-1.5946
843,1.91488,1.06192,-1.59346
844,1.915,1.03868,-1.60884
845,1.86929,0.987343,-1.58726
846,1.91383,1.03092,-1.61244
847,1.92336,1.04878,-1.61226
848,1.92336,1.04878,-1.61226
849,1.8931,1.00578,-1.60382
850,1.92316,1.08443,-1.58825
851,1.90249,1.08179,-1.56499
852,1.91744,1.07759,-1.58599
853,2.01722,1.17401,-1.64039
854,1.97658,1.10408,-1.63947
855,1.95403,1.10182,-1.61376
856,1.91064,1.05744,-1.59134
857,1.97208,1.12114,-1.62239
858,1.95527,1.11304,-1.60755
859,1.95821,1.11581,-1.60921
860,1.93267,1.07185,-1.60822
861,1.93267,1.07185,-1.60822
862,1.95383,1.09114,-1.62076
863,1.90207,1.11472,-1.5412
864,1.88651,1.14377,-1.50024
865,1.86841,1.1521,-1.47092
866,1.86721,1.16503,-1.45918
867,1.87318,1.18807,-1.4482
868,1.90987,1.21361,-1.4747
869,1.84192,1.18009,-1.41424
870,1.84192,1.18009,-1.41424
871,1.84192,1.18009,-1.41424
872,1.84192,1.18009,-1.41424
873,1.84226,1.16789,-1.42477
874,1.85514,1.2213,-1.39641
875,1.85326,1.22787,-1.38813
876,1.85326,1.22787,-1.38813
877,1.85326,1.22787,-1.38813
878,1.85326,1.22787,-1.38813
879,1.91102,1.18461,-1.49957
880,1.91102,1.18461,-1.49957
881,1.8623,1.10928,-1.49588
882,1.8623,1.10928,-1.49588
883,1.89238,1.10698,-1.53483
884,1.85621,1.06964,-1.51704
885,1.85621,1.06964,-1.51704
886,1.80216,1.1556,-1.38288
887,1.80216,1.1556,-1.38288
888,1.78305,1.12698,-1.38173
889,1.78305,1.12698,-1.38173
890,1.78305,1.12698,-1.38173
891,1.78305,1.12698,-1.38173
892,1.78305,1.12698,-1.38173
893,1.87868,1.19102,-1.45289
894,1.87868,1.19102,-1.45289
895,1.87868,1.19102,-1.45289
896,1.83385,1.13212,-1.44268
897,1.84315,1.13475,-1.45243
898,1.84315,1.13475,-1.45243
899,1.85733,1.1857,-1.42962
900,1.89153,1.23003,-1.43697
901,1.89118,1.2969,-1.37646
902,1.87036,1.32222,-1.32287
903,1.87036,1.32222,-1.32287
904,1.90438,1.35362,-1.33954
905,1.90438,1.35362,-1.33954
906,1.90438,1.35362,-1.33954
907,1.88195,1.3621,-1.29863
908,1.90063,1.36287,-1.32476
909,1.84976,1.35595,-1.25819
910,1.84976,1.35595,-1.25819
911,1.84436,1.31651,-1.29169
912,1.82205,1.34858,-1.22523
913,1.84751,1.35393,-1.25704
914,1.93627,1.40724,-1.32997
915,1.90229,1.33888,-1.35133
916,1.90229,1.33888,-1.35133
917,1.90229,1.33888,-1.35133
918,1.90229,1.33888,-1.35133
919,1.97728,1.44154,-1.35337
920,1.9881,1.50892,-1.29449
921,2.01946,1.49416,-1.35857
922,2.01946,1.49416,-1.35857
923,2.01946,1.49416,-1.35857
924,2.00957,1.52296,-1.31108
925,2.00957,1.52296,-1.31108
926,2.00573,1.53048,-1.29638
927,1.96624,1.42199,-1.35796
928,1.99897,1.48313,-1.34023
929,1.99897,1.48313,-1.34023
930,2.01605,1.44524,-1.40561
931,2.01605,1.44524,-1.40561
932,2.01605,1.44524,-1.40561
933,1.99757,1.43174,-1.39298
934,2.00705,1.38157,-1.45586
935,2.00705,1.38157,-1.45586
936,2.03567,1.43156,-1.44726
937,2.0455,1.41074,-1.48117
938,2.12423,1.4342,-1.56698
939,2.14711,1.44779,-1.58556
940,2.14711,1.44779,-1.58556
941,2.14711,1.44779,-1.58556
942,2.13021,1.47496,-1.53698
943,2.04754,1.43059,-1.46487
944,2.01071,1.3921,-1.45086
945,2.01071,1.3921,-1.45086
946,2.01071,1.3921,-1.45086
947,2.01071,1.3921,-1.45086
948,2.01071,1.3921,-1.45086
949,2.0123,1.41743,-1.42838
950,2.06502,1.40975,-1.50894
951,2.06101,1.32036,-1.58253
952,2.03914,1.28479,-1.58348
953,2.09733,1.34,-1.61345
954,2.09733,1.34,-1.61345
955,2.08545,1.34204,-1.59625
956,2.08545,1.34204,-1.59625
957,2.07133,1.36996,-1.55358
958,2.07482,1.37641,-1.55254
959,2.07482,1.37641,-1.55254
960,2.03139,1.27424,-1.58204
961,2.03139,1.27424,-1.58204
962,2.0079,1.2752,-1.55098
963,2.00765,1.19457,-1.61359
964,2.00765,1.19457,-1.61359
965,2.04008,1.19368,-1.6544
966,2.04008,1.19368,-1.6544
967,2.04008,1.19368,-1.6544
968,2.0312,1.1535,-1.67189
969,2.0312,1.1535,-1.67189
970,2.01695,1.13316,-1.66855
971,2.01695,1.13316,-1.66855
972,2.08128,1.20235,-1.69884
973,2.12708,1.24707,-1.72316
974,2.07085,1.18344,-1.69937
975,1.98379,1.13858,-1.62452
976,2.05262,1.0972,-1.73476
977,2.07508,1.12747,-1.74206
978,2.15017,1.11144,-1.84063
979,2.12692,1.17326,-1.77404
980,2.09065,1.06687,-1.79794
981,2.09065,1.06687,-1.79794
982,2.06645,1.03859,-1.7865
983,2.02095,1.07991,-1.70822
984,1.97155,0.958433,-1.7229
985,1.97985,0.937871,-1.74361
986,2.00538,0.99931,-1.73866
987,2.01704,1.02175,-1.73911
988,1.97574,1.0195,-1.69239
989,1.97574,1.0195,-1.69239
990,1.97574,1.0195,-1.69239
991,1.97574,1.0195,-1.69239
992,1.97574,1.0195,-1.69239
993,1.97574,1.0195,-1.69239
994,1.97574,1.0195,-1.69239
995,1.98174,1.01833,-1.70009
996,1.98174,1.01833,-1.70009
997,2.04064,1.09288,-1.72332
998,1.99343,1.03184,-1.7056
999,1.95537,0.997409,-1.68185
1000,1.98263,1.04508,-1.68483
1001,1.98263,1.04508,-1.68483
1002,1.96932,1.05029,-1.66586
1003,1.96932,1.05029,-1.66586
1004,1.96932,1.05029,-1.66586
1005,1.96932,1.05029,-1.66586
1006,2.04865,1.18702,-1.66972
1007,2.04865,1.18702,-1.66972
1008,2.04942,1.20706,-1.65624
1009,2.12157,1.2687,-1.70042
1010,2.17288,1.29773,-1.74279
1011,2.17288,1.29773,-1.74279
1012,2.1094,1.30796,-1.65493
1013,2.1052,1.25665,-1.68899
1014,2.10882,1.32582,-1.63991
1015,2.05654,1.31333,-1.58258
1016,2.05654,1.31333,-1.58258
1017,2.06668,1.35744,-1.55838
1018,2.06668,1.35744,-1.55838
1019,2.06395,1.34662,-1.56412
1020,2.06395,1.34662,-1.56412
1021,2.07556,1.27545,-1.63743
1022,2.06479,1.27352,-1.62527
1023,2.03819,1.2501,-1.6098
1024,2.03819,1.2501,-1.6098
1025,2.03674,1.29636,-1.57091
1026,2.05376,1.23559,-1.64051
1027,2.02302,1.14835,-1.6655
1028,2.06507,1.18288,-1.69273
1029,2.06507,1.18288,-1.69273
1030,2.06507,1.18288,-1.69273
1031,2.07699,1.14072,-1.73569
1032,2.07699,1.14072,-1.73569
1033,2.08343,1.08555,-1.77827
1034,2.13876,1.11654,-1.82418
1035,2.16345,1.13617,-1.84109
1036,2.12312,1.08795,-1.82318
1037,2.12312,1.08795,-1.82318
1038,2.12312,1.08795,-1.82318
1039,2.10705,1.0972,-1.79883
1040,2.05211,1.07157,-1.75012
1041,2.11335,1.08636,-1.81275
1042,2.11335,1.08636,-1.81275
1043,2.05246,1.11629,-1.72234
1044,2.07225,1.16216,-1.71569
1045,2.04937,1.17939,-1.67599
1046,2.01736,1.14149,-1.66335
1047,2.03327,1.1804,-1.65554
1048,2.00839,1.20365,-1.60775
1049,2.00839,1.20365,-1.60775
1050,2.02285,1.21214,-1.61945
1051,2.02285,1.21214,-1.61945
1052,1.99453,1.2205,-1.57751
1053,1.99453,1.2205,-1.57751
1054,1.94501,1.19126,-1.53752
1055,1.94501,1.19126,-1.53752
1056,1.91636,1.19558,-1.49767
1057,1.87881,1.14497,-1.48962
1058,1.85438,1.15282,-1.45249
1059,1.85002,1.1136,-1.47732
1060,1.85002,1.1136,-1.47732
1061,1.79158,1.08758,-1.42371
1062,1.79318,1.12992,-1.39239
1063,1.85523,1.17312,-1.43724
1064,1.85773,1.1055,-1.49299
1065,1.85773,1.1055,-1.49299
1066,1.85773,1.1055,-1.49299
1067,1.85773,1.1055,-1.49299
1068,1.83922,1.08404,-1.4858
1069,1.83922,1.08404,-1.4858
1070,1.83922,1.08404,-1.4858
1071,1.83922,1.08404,-1.4858
1072,1.83922,1.08404,-1.4858
1073,1.88847,1.20742,-1.45205
1074,1.88775,1.13952,-1.50503
1075,1.87004,1.11274,-1.50295
1076,1.84749,1.05788,-1.51464
1077,1.83022,1.06463,-1.48871
1078,1.8136,1.07205,-1.46282
1079,1.8136,1.07205,-1.46282
1080,1.8136,1.07205,-1.46282
1081,1.8029,1.04145,-1.47167
1082,1.78549,1.02928,-1.45896
1083,1.77951,1.01693,-1.46031
1084,1.73419,1.03764,-1.3895
1085,1.73419,1.03764,-1.3895
1086,1.78332,1.02888,-1.45659
1087,1.75548,1.01341,-1.43343
1088,1.74967,1.01238,-1.42704
1089,1.74967,1.01238,-1.42704
1090,1.74967,1.01238,-1.42704
1091,1.81371,1.02369,-1.4972
1092,1.73571,1.03111,-1.39624
1093,1.78034,1.08848,-1.40883
1094,1.78657,1.04204,-1.4512
1095,1.78114,1.09373,-1.40578
1096,1.82483,1.16021,-1.40852
1097,1.85577,1.15638,-1.45144
1098,1.86306,1.13399,-1.4782
1099,1.83243,1.11244,-1.45612
1100,1.83243,1.11244,-1.45612
1101,1.83243,1.11244,-1.45612
1102,1.83243,1.11244,-1.45612
1103,1.83243,1.11244,-1.45612
1104,1.81599,1.10961,-1.43757
1105,1.79678,1.10834,-1.41421
1106,1.79678,1.10834,-1.41421
1107,1.80764,1.07757,-1.45134
1108,1.80764,1.07757,-1.45134
1109,1.81733,1.1583,-1.40036
1110,1.81393,1.13492,-1.41503
1111,1.75361,1.1354,-1.33641
1112,1.72848,1.15058,-1.28988
1113,1.72848,1.15058,-1.28988
1114,1.72848,1.15058,-1.28988
1115,1.74109,1.14912,-1.30802
1116,1.7583,1.16278,-1.31893
1117,1.7583,1.16278,-1.31893
1118,1.77647,1.16543,-1.34076
1119,1.77647,1.16543,-1.34076
1120,1.83162,1.26239,-1.3271
1121,1.83162,1.26239,-1.3271
1122,1.81153,1.26198,-1.29963
1123,1.84773,1.28173,-1.33089
1124,1.79053,1.22102,-1.30962
1125,1.79053,1.22102,-1.30962
1126,1.79053,1.22102,-1.30962
1127,1.79053,1.22102,-1.30962
1128,1.78116,1.21503,-1.3024
1129,1.82595,1.23823,-1.34197
1130,1.79963,1.25054,-1.29416
1131,1.91526,1.33991,-1.36852
1132,1.91526,1.33991,-1.36852
1133,1.91714,1.28923,-1.41891
1134,1.86612,1.24214,-1.39266
1135,1.86526,1.20852,-1.42081
1136,1.86526,1.20852,-1.42081
1137,1.86526,1.20852,-1.42081
1138,1.86526,1.20852,-1.42081
1139,1.83471,1.25357,-1.33967
1140,1.83471,1.25357,-1.33967
1141,1.83189,1.32674,-1.26316
1142,1.90064,1.35168,-1.33618
1143,1.91557,1.36514,-1.34381
1144,1.94894,1.4282,-1.32612
1145,1.97593,1.45112,-1.3411
1146,2.00164,1.4219,-1.40881
1147,1.96321,1.43032,-1.34476
1148,1.91206,1.42036,-1.28006
1149,1.97554,1.45372,-1.33771
1150,1.97554,1.45372,-1.33771
1151,1.97554,1.45372,-1.33771
1152,1.91647,1.39582,-1.31322
1153,1.98807,1.4842,-1.3227
1154,1.92546,1.44296,-1.27486
1155,1.94942,1.4468,-1.30653
1156,1.91863,1.40339,-1.30829
1157,1.91863,1.40339,-1.30829
1158,1.92149,1.39126,-1.32533
1159,1.92149,1.39126,-1.32533
1160,1.99591,1.4597,-1.36123
1161,1.99591,1.4597,-1.36123
1162,2.0034,1.45355,-1.37871
1163,1.99376,1.44588,-1.37277
1164,1.99376,1.44588,-1.37277
1165,2.07183,1.50258,-1.42644
1166,2.07183,1.50258,-1.42644
1167,2.04121,1.41453,-1.47161
1168,2.02124,1.39672,-1.46102
1169,2.02645,1.39396,-1.47084
1170,2.03765,1.38571,-1.49393
1171,1.98784,1.30911,-1.49591
1172,1.9967,1.33923,-1.48097
1173,1.9967,1.33923,-1.48097
1174,1.9967,1.33923,-1.48097
1175,1.9967,1.33923,-1.48097
1176,2.05347,1.38655,-1.51467
1177,2.0489,1.42137,-1.4757
1178,2.0075,1.30321,-1.527
1179,1.96055,1.25111,-1.50946
1180,1.95419,1.16281,-1.57059
1181,1.97737,1.11677,-1.63181
1182,1.97737,1.11677,-1.63181
1183,2.02197,1.17627,-1.64461
1184,1.98681,1.16633,-1.60844
1185,1.96431,1.14923,-1.59304
1186,1.98495,1.21258,-1.57152
1187,1.98495,1.21258,-1.57152
1188,1.98495,1.21258,-1.57152
1189,1.94011,1.13459,-1.57377
1190,1.91319,1.1764,-1.50876
1191,1.97664,1.21289,-1.56077
1192,1.94565,1.19529,-1.5352
1193,1.94565,1.19529,-1.5352
1194,1.91297,1.16036,-1.52086
1195,1.91297,1.16036,-1.52086
1196,2.02313,1.24896,-1.59159
1197,1.97845,1.15742,-1.60457
1198,2.00459,1.19267,-1.61119
1199,2.00459,1.19267,-1.61119
1200,2.00217,1.15559,-1.63502
1201,1.96488,1.17504,-1.57481
1202,1.90538,1.16847,-1.50505
1203,1.90538,1.16847,-1.50505
1204,1.91528,1.13432,-1.54325
1205,1.9388,1.10452,-1.59342
1206,1.99883,1.11223,-1.6608
1207,2.01439,1.1315,-1.66657
1208,2.0493,1.15452,-1.69313
1209,2.0493,1.15452,-1.69313
1210,2.00928,1.12501,-1.6648
1211,2.00928,1.12501,-1.6648
1212,2.04343,1.19086,-1.66056
1213,1.98662,1.11308,-1.64551
1214,1.98662,1.11308,-1.64551
1215,1.92128,1.08396,-1.58631
1216,1.92128,1.08396,-1.58631
1217,1.92026,1.11439,-1.56383
1218,1.87588,1.08768,-1.52836
1219,1.87588,1.08768,-1.52836
1220,1.81054,1.08261,-1.45121
1221,1.85408,1.08546,-1.50312
1222,1.86387,1.09742,-1.50655
1223,1.85112,1.10811,-1.48282
1224,1.96598,1.19113,-1.56406
1225,1.96598,1.19113,-1.56406
1226,1.96598,1.19113,-1.56406
1227,1.93232,1.23185,-1.48876
1228,1.91475,1.21986,-1.47587
1229,1.9739,1.27935,-1.50317
1230,2.03129,1.37102,-1.49881
1231,2.03129,1.37102,-1.49881
1232,2.03465,1.35605,-1.51689
1233,1.99462,1.32433,-1.49154
1234,2.04517,1.36036,-1.52713
1235,2.08037,1.34413,-1.58784
1236,2.11777,1.4227,-1.56872
1237,2.12665,1.43459,-1.5699
1238,2.12346,1.40504,-1.59215
1239,2.11251,1.38018,-1.59932
1240,2.15099,1.37882,-1.65094
1241,2.15099,1.37882,-1.65094
1242,2.15918,1.3917,-1.65083
1243,2.12332,1.36441,-1.62692
1244,2.12332,1.36441,-1.62692
1245,2.1576,1.43625,-1.61011
1246,2.1576,1.43625,-1.61011
1247,2.1576,1.43625,-1.61011
1248,2.08394,1.44576,-1.50086
1249,2.0134,1.38047,-1.46564
1250,1.97661,1.35711,-1.4371
1251,1.97661,1.35711,-1.4371
1252,1.91975,1.25284,-1.45459
1253,1.92316,1.21895,-1.48751
1254,1.9075,1.21622,-1.46948
1255,1.9792,1.26212,-1.52457
1256,2.00907,1.32783,-1.50772
1257,2.00907,1.32783,-1.50772
1258,2.00907,1.32783,-1.50772
1259,1.90859,1.2629,-1.43102
1260,1.86548,1.25412,-1.38101
1261,1.86934,1.25834,-1.38239
1262,1.84695,1.237,-1.37151
1263,1.93392,1.31232,-1.42052
1264,1.86442,1.25168,-1.3818
1265,1.86442,1.25168,-1.3818
1266,1.93189,1.31157,-1.41844
1267,1.86567,1.24496,-1.38953
1268,1.9096,1.25194,-1.44194
1269,1.9096,1.25194,-1.44194
1270,1.9096,1.25194,-1.44194
1271,1.9096,1.25194,-1.44194
1272,1.95791,1.26155,-1.49729
1273,1.92584,1.29638,-1.42417
1274,1.92584,1.29638,-1.42417
1275,1.92877,1.22679,-1.48833
1276,1.92877,1.22679,-1.48833
1277,1.92877,1.22679,-1.48833
1278,1.89464,1.13567,-1.51655
1279,1.89464,1.13567,-1.51655
1280,1.88588,1.13655,-1.50492
1281,1.88588,1.13655,-1.50492
1282,1.8525,1.11633,-1.47837
1283,1.8525,1.11633,-1.47837
1284,1.87525,1.09468,-1.52257
1285,1.87525,1.09468,-1.52257
1286,1.80672,1.032,-1.48298
1287,1.80672,1.032,-1.48298
1288,1.91303,1.03288,-1.61023
1289,1.91303,1.03288,-1.61023
1290,1.91427,1.08535,-1.57685
1291,1.84399,1.02416,-1.53343
1292,1.85583,1.00845,-1.55792
1293,1.85583,1.00845,-1.55792
1294,1.84676,0.978422,-1.56627
1295,1.89352,0.963134,-1.63028
1296,1.82598,0.991701,-1.53321
1297,1.82598,0.991701,-1.53321
1298,1.82598,0.991701,-1.53321
1299,1.84713,0.994308,-1.55668
1300,1.80451,0.94347,-1.53821
1301,1.80451,0.94347,-1.53821
1302,1.81664,0.920323,-1.56627
1303,1.80578,0.930075,-1.54784
1304,1.82609,1.03682,-1.50319
1305,1.82609,1.03682,-1.50319
1306,1.82609,1.03682,-1.50319
1307,1.82609,1.03682,-1.50319
1308,1.82609,1.03682,-1.50319
1309,1.79529,1.01863,-1.47833
1310,1.84364,1.04587,-1.51828
1311,1.82929,0.955313,-1.56002
1312,1.87975,1.04245,-1.56421
1313,1.87808,0.957268,-1.61581
1314,1.87808,0.957268,-1.61581
1315,1.87306,1.01442,-1.57458
1316,1.87306,1.01442,-1.57458
1317,1.87306,1.01442,-1.57458
1318,1.75527,0.942709,-1.48063
1319,1.79366,0.88358,-1.56093
1320,1.79366,0.88358,-1.56093
1321,1.79366,0.88358,-1.56093
1322,1.79366,0.88358,-1.56093
1323,1.75425,0.84515,-1.53724
1324,1.7589,0.838214,-1.54633
1325,1.72044,0.789167,-1.52877
1326,1.67688,0.824734,-1.46005
1327,1.75074,0.850202,-1.53044
1328,1.75074,0.850202,-1.53044
1329,1.78997,0.787291,-1.60753
1330,1.79594,0.747484,-1.63299
1331,1.79594,0.747484,-1.63299
1332,1.79594,0.747484,-1.63299
1333,1.83119,0.769224,-1.66179
1334,1.77651,0.764022,-1.60382
1335,1.78668,0.776645,-1.60905
1336,1.80476,0.881709,-1.57472
1337,1.80476,0.881709,-1.57472
1338,1.79812,0.876156,-1.57022
1339,1.82671,0.863492,-1.60974
1340,1.82671,0.863492,-1.60974
1341,1.82671,0.863492,-1.60974
1342,1.82777,0.79412,-1.64624
1343,1.81539,0.786332,-1.63625
1344,1.85169,0.770789,-1.68364
1345,1.85169,0.770789,-1.68364
1346,1.80025,0.860777,-1.58113
1347,1.81889,0.861037,-1.60218
1348,1.81889,0.861037,-1.60218
1349,1.85548,0.847646,-1.65054
1350,1.85548,0.847646,-1.65054
1351,1.85422,0.84813,-1.64888
1352,1.88173,0.870818,-1.66811
1353,1.85459,0.809748,-1.66847
1354,1.92645,0.852077,-1.72777
1355,1.87656,0.744011,-1.72276
1356,1.88268,0.681425,-1.75503
1357,1.88268,0.681425,-1.75503
1358,1.865,0.749774,-1.70765
1359,1.93492,0.748129,-1.78444
1360,1.93492,0.748129,-1.78444
1361,1.86729,0.716919,-1.72418
1362,1.88313,0.687781,-1.75304
1363,1.85048,0.680382,-1.72086
1364,1.85048,0.680382,-1.72086
1365,1.85048,0.680382,-1.72086
1366,1.85048,0.680382,-1.72086
1367,1.85729,0.670619,-1.73199
1368,1.85729,0.670619,-1.73199
1369,1.85729,0.670619,-1.73199
1370,1.85729,0.670619,-1.73199
1371,1.87865,0.61092,-1.77654
1372,1.87865,0.61092,-1.77654
1373,1.87865,0.61092,-1.77654
1374,1.88056,0.673346,-1.75588
1375,1.88056,0.673346,-1.75588
1376,1.88056,0.673346,-1.75588
1377,1.80468,0.685984,-1.66922
1378,1.83872,0.680132,-1.7083
1379,1.83872,0.680132,-1.7083
1380,1.79623,0.662367,-1.66965
1381,1.79624,0.661276,-1.67009
1382,1.80177,0.646948,-1.68161
1383,1.82542,0.691546,-1.68935
1384,1.82415,0.683533,-1.69124
1385,1.81225,0.654038,-1.69012
1386,1.81225,0.654038,-1.69012
1387,1.8233,0.608382,-1.71881
1388,1.82315,0.660516,-1.69929
1389,1.82315,0.660516,-1.69929
1390,1.82315,0.660516,-1.69929
1391,1.866,0.720536,-1.72128
1392,1.87257,0.805061,-1.69068
1393,1.87257,0.805061,-1.69068
1394,1.87858,0.85341,-1.67355
1395,1.85718,0.882446,-1.63414
1396,1.85735,0.904402,-1.62228
1397,1.85735,0.904402,-1.62228
1398,1.85735,0.904402,-1.62228
1399,1.88736,0.983209,-1.61103
1400,1.91866,1.01734,-1.62674
1401,1.91866,1.01734,-1.62674
1402,1.8863,1.04568,-1.56993
1403,1.8863,1.04568,-1.56993
1404,1.92594,1.02387,-1.63124
1405,1.92393,1.0515,-1.61116
1406,1.9047,1.0521,-1.58775
1407,1.86103,1.02609,-1.5526
1408,1.89408,1.05149,-1.5754
1409,1.88937,1.02155,-1.58939
1410,1.88937,1.02155,-1.58939
1411,1.90103,1.0285,-1.59879
1412,1.87394,0.938876,-1.62178
1413,1.84564,0.901691,-1.61039
1414,1.83516,0.956031,-1.56646
1415,1.83516,0.956031,-1.56646
1416,1.83516,0.956031,-1.56646
1417,1.81486,0.882933,-1.58561
1418,1.8549,0.867496,-1.63955
1419,1.82472,0.835049,-1.62243
1420,1.86887,0.807218,-1.68555
1421,1.87568,0.829819,-1.68213
1422,1.89085,0.888923,-1.66887
1423,1.89085,0.888923,-1.66887
1424,1.84073,0.871866,-1.62115
1425,1.88755,0.902703,-1.6577
1426,1.88755,0.902703,-1.6577
1427,1.92448,0.867425,-1.71791
1428,1.92311,0.843797,-1.72811
1429,1.8941,0.88153,-1.67646
1430,1.8941,0.88153,-1.67646
1431,1.87405,0.879684,-1.65476
1432,1.87405,0.879684,-1.65476
1433,1.90982,0.865126,-1.70263
1434,1.85264,0.836659,-1.65296
1435,1.87149,0.817408,-1.68355
1436,1.87149,0.817408,-1.68355
1437,1.87149,0.817408,-1.68355
1438,1.81693,0.751507,-1.65423
1439,1.81693,0.751507,-1.65423
1440,1.84472,0.769333,-1.67664
1441,1.79786,0.734987,-1.64076
1442,1.79786,0.734987,-1.64076
1443,1.79786,0.734987,-1.64076
1444,1.85765,0.81287,-1.67036
1445,1.83386,0.7824,-1.65858
1446,1.86196,0.803702,-1.67957
1447,1.86196,0.803702,-1.67957
1448,1.84351,0.718577,-1.69769
1449,1.81801,0.696375,-1.67935
1450,1.81109,0.719893,-1.66186
1451,1.83752,0.679104,-1.70742
1452,1.82537,0.707328,-1.68276
1453,1.88025,0.771458,-1.7147
1454,1.83401,0.862782,-1.61839
1455,1.89025,0.89218,-1.66646
1456,1.89025,0.89218,-1.66646
1457,1.91131,0.87093,-1.70135
1458,1.89664,0.878964,-1.68067
1459,1.88846,0.881651,-1.67002
1460,1.89624,0.885808,-1.67662
1461,1.95834,0.934464,-1.72101
1462,1.97053,0.922353,-1.74134
1463,1.97053,0.922353,-1.74134
1464,1.97498,0.993369,-1.70697
1465,1.89064,0.988817,-1.61145
1466,1.89064,0.988817,-1.61145
1467,1.91152,1.06967,-1.58421
1468,1.94087,1.05508,-1.62904
1469,1.96177,1.07913,-1.63829
1470,1.9768,1.04218,-1.67977
1471,2.00745,1.10745,-1.67434
1472,2.00745,1.10745,-1.67434
1473,2.04628,1.07788,-1.73938
1474,2.12037,1.06605,-1.83289
1475,2.17592,1.04378,-1.90923
1476,2.17592,1.04378,-1.90923
1477,2.17592,1.04378,-1.90923
1478,2.21789,1.12927,-1.90887
1479,2.21789,1.12927,-1.90887
1480,2.20393,1.20309,-1.84659
1481,2.16502,1.24902,-1.76841
1482,2.13769,1.21828,-1.75656
1483,2.09972,1.20093,-1.72238
1484,2.11149,1.20614,-1.73309
1485,2.11149,1.20614,-1.73309
1486,2.04914,1.20399,-1.65812
1487,2.05518,1.19601,-1.67132
1488,2.05033,1.17419,-1.68081
1489,2.05033,1.17419,-1.68081
1490,2.0513,1.16695,-1.68703
1491,2.04492,1.19167,-1.66182
1492,2.05696,1.22077,-1.65554
1493,2.05696,1.22077,-1.65554
1494,2.05696,1.22077,-1.65554
1495,2.0909,1.23535,-1.68694
1496,2.04595,1.22333,-1.63992
1497,2.04595,1.22333,-1.63992
1498,2.04595,1.22333,-1.63992
1499,2.04595,1.22333,-1.63992
1500,1.98873,1.12188,-1.64208
1501,1.97072,1.13208,-1.61311
1502,1.97072,1.13208,-1.61311
1503,1.98047,1.0891,-1.65412
1504,1.94505,1.04645,-1.63957
1505,1.89416,0.997709,-1.6101
1506,1.92088,1.0514,-1.60758
1507,1.92088,1.0514,-1.60758
1508,1.91758,1.01715,-1.62558
1509,1.87756,0.990691,-1.59492
1510,1.87756,0.990691,-1.59492
1511,1.84328,0.920051,-1.59724
1512,1.84328,0.920051,-1.59724
1513,1.84328,0.920051,-1.59724
1514,1.84328,0.920051,-1.59724
1515,1.84328,0.920051,-1.59724
1516,1.93328,0.946161,-1.68593
1517,1.95701,0.988839,-1.68881
1518,1.91506,0.873075,-1.70446
1519,1.91506,0.873075,-1.70446
1520,1.90138,0.901166,-1.67426
1521,1.88173,0.805254,-1.70073
1522,1.88173,0.805254,-1.70073
1523,1.92568,0.797204,-1.75291
1524,1.91574,0.759263,-1.75886
1525,1.87289,0.781891,-1.70187
1526,1.87289,0.781891,-1.70187
1527,1.87289,0.781891,-1.70187
1528,1.86757,0.799888,-1.68761
1529,1.84471,0.803624,-1.66046
1530,1.84471,0.803624,-1.66046
1531,1.84128,0.787187,-1.66453
1532,1.84128,0.787187,-1.66453
1533,1.84128,0.787187,-1.66453
1534,1.84612,0.775954,-1.67513
1535,1.84612,0.775954,-1.67513
1536,1.82333,0.77416,-1.65082
1537,1.88005,0.770713,-1.71482
1538,1.8469,0.677099,-1.71831
1539,1.88935,0.724689,-1.74485
1540,1.85057,0.714557,-1.70705
1541,1.8786,0.721144,-1.73467
1542,1.80508,0.671116,-1.67569
1543,1.86064,0.693864,-1.72642
1544,1.8304,0.678328,-1.70007
1545,1.85085,0.710913,-1.70888
1546,1.84611,0.745419,-1.68892
1547,1.84238,0.702592,-1.70315
1548,1.7931,0.688222,-1.65577
1549,1.7931,0.688222,-1.65577
1550,1.78505,0.695646,-1.64392
1551,1.78505,0.695646,-1.64392
1552,1.78505,0.695646,-1.64392
1553,1.78505,0.695646,-1.64392
1554,1.83549,0.677315,-1.70595
1555,1.8419,0.687224,-1.7089
1556,1.82595,0.666915,-1.6998
1557,1.82595,0.666915,-1.6998
1558,1.77214,0.515859,-1.6954
1559,1.7818,0.537909,-1.69866
1560,1.7818,0.537909,-1.69866
1561,1.7818,0.537909,-1.69866
1562,1.81999,0.572658,-1.72754
1563,1.85858,0.620262,-1.75203
1564,1.85858,0.620262,-1.75203
1565,1.85858,0.620262,-1.75203
1566,1.88706,0.554525,-1.80375
1567,1.82631,0.541791,-1.7441
1568,1.88827,0.563455,-1.80225
1569,1.91663,0.630307,-1.81002
1570,1.91663,0.630307,-1.81002
1571,1.88405,0.597364,-1.78684
1572,1.86001,0.576517,-1.76841
1573,1.87957,0.587761,-1.78531
1574,1.79437,0.552281,-1.70726
1575,1.78769,0.504792,-1.71494
1576,1.78769,0.504792,-1.71494
1577,1.83933,0.593677,-1.74089
1578,1.87039,0.589155,-1.77518
1579,1.91165,0.547817,-1.83148
1580,1.91165,0.547817,-1.83148
1581,1.9146,0.565167,-1.82928
1582,1.90832,0.576595,-1.81912
1583,1.84349,0.544333,-1.76129
1584,1.85546,0.606323,-1.7536
1585,1.8302,0.558556,-1.74288
1586,1.83691,0.579486,-1.74311
1587,1.80933,0.506117,-1.7371
1588,1.84884,0.554472,-1.76374
1589,1.85244,0.581232,-1.7589
1590,1.83049,0.612157,-1.7251
1591,1.82041,0.595134,-1.72038
1592,1.85228,0.625043,-1.74364
1593,1.8407,0.702523,-1.70136
1594,1.88408,0.791947,-1.70956
1595,1.87964,0.795049,-1.70321
1596,1.95416,0.823573,-1.77213
1597,1.94261,0.823175,-1.75958
1598,1.95177,0.850154,-1.75689
1599,1.90402,0.827328,-1.71488
1600,1.91492,0.803666,-1.73811
1601,1.91492,0.803666,-1.73811
1602,1.93817,0.763314,-1.78154
1603,1.93817,0.763314,-1.78154
1604,1.8885,0.696572,-1.75534
1605,1.8885,0.696572,-1.75534
1606,1.87598,0.733996,-1.72643
1607,1.86423,0.696451,-1.72925
1608,1.86423,0.696451,-1.72925
1609,1.88193,0.731435,-1.73397
1610,1.85856,0.729592,-1.70937
1611,1.84633,0.693802,-1.71102
1612,1.84633,0.693802,-1.71102
1613,1.81609,0.657641,-1.69284
1614,1.81609,0.657641,-1.69284
1615,1.86907,0.734486,-1.71871
1616,1.82895,0.786816,-1.65105
1617,1.81369,0.741916,-1.655
1618,1.81369,0.741916,-1.655
1619,1.80936,0.731708,-1.65481
1620,1.84601,0.744371,-1.68928
1621,1.84601,0.744371,-1.68928
1622,1.87567,0.784171,-1.70388
1623,1.87567,0.784171,-1.70388
1624,1.88971,0.777242,-1.72247
1625,1.88971,0.777242,-1.72247
1626,1.80836,0.794891,-1.62429
1627,1.85379,0.776652,-1.68325
1628,1.85379,0.776652,-1.68325
1629,1.85379,0.776652,-1.68325
1630,1.85123,0.737902,-1.69781
1631,1.78068,0.705636,-1.6349
1632,1.78068,0.705636,-1.6349
1633,1.76219,0.742874,-1.59795
1634,1.75056,0.718399,-1.59636
1635,1.76955,0.756086,-1.59989
1636,1.76955,0.756086,-1.59989
1637,1.78949,0.738166,-1.63015
1638,1.7479,0.752777,-1.5775
1639,1.80224,0.808654,-1.61063
1640,1.77573,0.826817,-1.57149
1641,1.82774,0.899731,-1.59095
1642,1.82774,0.899731,-1.59095
1643,1.86865,0.900106,-1.63758
1644,1.88226,0.851418,-1.67869
1645,1.88226,0.851418,-1.67869
1646,1.88033,0.865301,-1.6694
1647,1.88033,0.865301,-1.6694
1648,1.86202,0.830209,-1.66669
1649,1.86202,0.830209,-1.66669
1650,1.8763,0.836027,-1.67975
1651,1.8763,0.836027,-1.67975
1652,1.8763,0.836027,-1.67975
1653,1.88414,0.868003,-1.67229
1654,1.88414,0.868003,-1.67229
1655,1.88414,0.868003,-1.67229
1656,1.86077,0.855043,-1.65269
1657,1.84656,0.871748,-1.62784
1658,1.91281,0.898816,-1.68848
1659,1.909,0.941281,-1.66081
1660,1.89813,0.946427,-1.64535
1661,1.91941,0.962043,-1.6609
1662,1.96434,1.02065,-1.67836
1663,1.96434,1.02065,-1.67836
1664,2.01636,0.959216,-1.77359
1665,2.01921,0.950282,-1.78163
1666,2.01921,0.950282,-1.78163
1667,1.99776,1.00801,-1.72481
1668,2.03315,1.02047,-1.7585
1669,2.03315,1.02047,-1.7585
1670,2.03315,1.02047,-1.7585
1671,2.03315,1.02047,-1.7585
1672,2.00817,0.990708,-1.74678
1673,1.94155,0.990259,-1.67003
1674,1.89941,0.965843,-1.63552
1675,1.89941,0.965843,-1.63552
1676,1.93923,0.919686,-1.70727
1677,1.93923,0.919686,-1.70727
1678,1.93577,0.975847,-1.6718
1679,1.92192,1.00159,-1.64031
1680,1.92192,1.00159,-1.64031
1681,1.87491,0.958188,-1.61158
1682,1.9011,1.00747,-1.61219
1683,1.92243,1.03561,-1.61964
1684,1.91856,1.06633,-1.59493
1685,1.94862,1.07775,-1.62344
1686,1.92466,1.11783,-1.56677
1687,1.93582,1.08556,-1.6028
1688,1.95877,1.15654,-1.58088
1689,1.96134,1.18226,-1.56497
1690,1.98062,1.21775,-1.56203
1691,1.97425,1.22702,-1.54664
1692,1.91576,1.17358,-1.51421
1693,1.91969,1.16161,-1.52835
1694,1.91969,1.16161,-1.52835
1695,1.91969,1.16161,-1.52835
1696,1.93921,1.18159,-1.53766
1697,1.92229,1.1375,-1.54961
1698,1.96522,1.15187,-1.59226
1699,1.90572,1.12954,-1.53489
1700,1.91384,1.17491,-1.51075
1701,1.95713,1.18236,-1.55961
1702,1.93316,1.20757,-1.50959
1703,1.82448,1.11206,-1.4464
1704,1.84603,1.09144,-1.48882
1705,1.85248,1.01312,-1.55089
1706,1.87654,0.977505,-1.60184
1707,1.84618,0.905663,-1.60878
1708,1.84618,0.905663,-1.60878
1709,1.84289,0.887025,-1.61537
1710,1.85929,0.875683,-1.64017
1711,1.85929,0.875683,-1.64017
1712,1.8066,0.812649,-1.61351
1713,1.83989,0.861432,-1.62577
1714,1.83989,0.861432,-1.62577
1715,1.83989,0.861432,-1.62577
1716,1.87748,0.904646,-1.64515
1717,1.87748,0.904646,-1.64515
1718,1.87748,0.904646,-1.64515
1719,1.87748,0.904646,-1.64515
1720,1.88285,0.917816,-1.644
1721,1.88285,0.917816,-1.644
1722,1.88285,0.917816,-1.644
1723,1.90637,0.930159,-1.66404
1724,1.89276,0.95198,-1.63593
1725,1.88416,0.854215,-1.6794
1726,1.88416,0.854215,-1.6794
1727,1.85633,0.916784,-1.61414
1728,1.85633,0.916784,-1.61414
1729,1.89688,0.906762,-1.66612
1730,1.89542,0.919025,-1.65771
1731,1.90133,0.972124,-1.63403
1732,1.90184,0.971122,-1.63521
1733,1.90184,0.971122,-1.63521
1734,1.87627,0.961163,-1.61139
1735,1.84377,0.987213,-1.55721
1736,1.84377,0.987213,-1.55721
1737,1.84377,0.987213,-1.55721
1738,1.84377,0.987213,-1.55721
1739,1.84377,0.987213,-1.55721
1740,1.80361,0.967858,-1.52192
1741,1.80361,0.967858,-1.52192
1742,1.80361,0.967858,-1.52192
1743,1.80361,0.967858,-1.52192
1744,1.80467,1.03248,-1.48015
1745,1.8565,1.09462,-1.49946
1746,1.8565,1.09462,-1.49946
1747,1.89317,1.15317,-1.50144
1748,1.89317,1.15317,-1.50144
1749,1.83619,1.10242,-1.46843
1750,1.84048,1.11323,-1.46563
1751,1.81466,1.09347,-1.4482
1752,1.78393,1.11762,-1.39045
1753,1.78393,1.11762,-1.39045
1754,1.7187,1.12113,-1.30269
1755,1.73202,1.13396,-1.30922
1756,1.77308,1.13228,-1.36446
1757,1.72337,1.15275,-1.28108
1758,1.76892,1.21363,-1.28692
1759,1.7924,1.26967,-1.26517
1760,1.7924,1.26967,-1.26517
1761,1.76419,1.23779,-1.25707
1762,1.77291,1.21105,-1.29482
1763,1.75551,1.20806,-1.27374
1764,1.75551,1.20806,-1.27374
1765,1.75551,1.20806,-1.27374
1766,1.7854,1.21679,-1.30656
1767,1.73878,1.17885,-1.27815
1768,1.71866,1.17247,-1.25663
1769,1.67091,1.17172,-1.19123
1770,1.66569,1.15045,-1.20456
1771,1.66569,1.15045,-1.20456
1772,1.66569,1.15045,-1.20456
1773,1.67931,1.14339,-1.22993
1774,1.70027,1.20032,-1.20422
1775,1.70027,1.20032,-1.20422
1776,1.71631,1.19674,-1.23025
1777,1.71631,1.19674,-1.23025
1778,1.6616,1.15048,-1.19887
1779,1.6616,1.15048,-1.19887
1780,1.62927,1.14145,-1.16258
1781,1.67189,1.15926,-1.20471
1782,1.6467,1.13787,-1.19032
1783,1.6467,1.13787,-1.19032
1784,1.67678,1.18218,-1.18914
1785,1.67678,1.18218,-1.18914
1786,1.67678,1.18218,-1.18914
1787,1.66367,1.1267,-1.22406
1788,1.67051,1.11906,-1.2403
1789,1.64046,1.11504,-1.20324
1790,1.69663,1.09954,-1.29212
1791,1.69663,1.09954,-1.29212
1792,1.72302,1.08953,-1.33481
1793,1.68222,1.09688,-1.27542
1794,1.68222,1.09688,-1.27542
1795,1.68222,1.09688,-1.27542
1796,1.70016,1.1184,-1.28051
1797,1.70016,1.1184,-1.28051
1798,1.70016,1.1184,-1.28051
1799,1.70016,1.1184,-1.28051
1800,1.71238,1.10232,-1.31039
1801,1.73131,1.09354,-1.34225
1802,1.74951,1.11153,-1.35103
1803,1.74951,1.11153,-1.35103
1804,1.73274,1.13963,-1.30523
1805,1.69775,1.09385,-1.2984
1806,1.77969,1.17135,-1.33986
1807,1.77969,1.17135,-1.33986
1808,1.72562,1.1875,-1.25205
1809,1.7269,1.14843,-1.28969
1810,1.72587,1.08138,-1.34508
1811,1.72587,1.08138,-1.34508
1812,1.71064,1.03545,-1.36167
1813,1.75445,1.10006,-1.36674
1814,1.75445,1.10006,-1.36674
1815,1.75445,1.10006,-1.36674
1816,1.75445,1.10006,-1.36674
1817,1.75445,1.10006,-1.36674
1818,1.75445,1.10006,-1.36674
1819,1.78234,1.11699,-1.38891
1820,1.82604,1.06598,-1.48261
1821,1.82683,1.12911,-1.43611
1822,1.7587,1.15173,-1.32912
1823,1.7587,1.15173,-1.32912
1824,1.7587,1.15173,-1.32912
1825,1.71621,1.14871,-1.27508
1826,1.69683,1.14523,-1.25207
1827,1.68454,1.15566,-1.22561
1828,1.7474,1.1895,-1.28004
1829,1.7474,1.1895,-1.28004
1830,1.71748,1.16016,-1.2664
1831,1.72442,1.1255,-1.30647
1832,1.72442,1.1255,-1.30647
1833,1.72442,1.1255,-1.30647
1834,1.72442,1.1255,-1.30647
1835,1.72442,1.1255,-1.30647
1836,1.72581,1.04443,-1.37389
1837,1.72581,1.04443,-1.37389
1838,1.65732,0.98139,-1.33551
1839,1.65732,0.98139,-1.33551
1840,1.66607,0.956501,-1.36415
1841,1.70439,0.940128,-1.42165
1842,1.71077,0.921124,-1.44162
1843,1.71293,0.935006,-1.43523
1844,1.71293,0.935006,-1.43523
1845,1.76387,0.900388,-1.51676
1846,1.68077,0.85415,-1.44756
1847,1.73158,0.810746,-1.53006
1848,1.74932,0.891043,-1.50537
1849,1.78723,0.891383,-1.54907
1850,1.79215,0.911669,-1.54294
1851,1.82866,0.891856,-1.59643
1852,1.84405,0.928047,-1.5935
1853,1.84405,0.928047,-1.5935
1854,1.78962,0.915327,-1.53783
1855,1.78962,0.915327,-1.53783
1856,1.83348,1.02602,-1.51952
1857,1.83348,1.02602,-1.51952
1858,1.87779,1.04241,-1.56189
1859,1.83216,1.00414,-1.53249
1860,1.86226,1.01011,-1.56451
1861,1.83723,0.990966,-1.54706
1862,1.84301,1.03999,-1.52155
1863,1.85451,1.05367,-1.5261
1864,1.85451,1.05367,-1.5261
1865,1.82968,1.022,-1.51764
1866,1.87464,1.07473,-1.53598
1867,1.85163,0.964646,-1.58051
1868,1.82769,0.930377,-1.57316
1869,1.8088,0.946122,-1.54162
1870,1.75049,0.945486,-1.47318
1871,1.82646,0.964699,-1.55091
1872,1.82646,0.964699,-1.55091
1873,1.80693,0.969616,-1.52474
1874,1.76991,0.966931,-1.48244
1875,1.81872,1.05646,-1.48041
1876,1.81872,1.05646,-1.48041
1877,1.84987,1.04987,-1.52309
1878,1.87701,1.09061,-1.52766
1879,1.87701,1.09061,-1.52766
1880,1.89189,1.113,-1.52986
1881,1.89189,1.113,-1.52986
1882,1.83175,1.11427,-1.45386
1883,1.8562,1.17237,-1.43911
1884,1.90844,1.21606,-1.47083
1885,1.90844,1.21606,-1.47083
1886,1.88857,1.26575,-1.40163
1887,1.88857,1.26575,-1.40163
1888,1.88857,1.26575,-1.40163
1889,1.90727,1.31064,-1.3856
1890,1.90727,1.31064,-1.3856
1891,1.95727,1.30982,-1.45439
1892,1.84532,1.23789,-1.36851
1893,1.87967,1.25623,-1.39823
1894,1.89854,1.26112,-1.41916
1895,1.89854,1.26112,-1.41916
1896,1.89854,1.26112,-1.41916
1897,1.84516,1.21588,-1.38789
1898,1.84589,1.21434,-1.39021
1899,1.84589,1.21434,-1.39021
1900,1.84589,1.21434,-1.39021
1901,1.82521,1.23114,-1.34748
1902,1.82521,1.23114,-1.34748
1903,1.86183,1.29823,-1.33455
1904,1.85926,1.26905,-1.35881
1905,1.85926,1.26905,-1.35881
1906,1.88695,1.29177,-1.37547
1907,1.88695,1.29177,-1.37547
1908,1.88695,1.29177,-1.37547
1909,1.88695,1.29177,-1.37547
1910,1.88695,1.29177,-1.37547
1911,1.88491,1.36271,-1.30226
1912,1.79619,1.29651,-1.24313
1913,1.86436,1.30066,-1.33571
1914,1.86277,1.33154,-1.30266
1915,1.85674,1.33606,-1.28935
1916,1.84299,1.36723,-1.23584
1917,1.86688,1.35766,-1.2814
1918,1.89443,1.42759,-1.24533
1919,1.87984,1.43259,-1.21716
1920,1.87984,1.43259,-1.21716
1921,1.87984,1.43259,-1.21716
1922,1.89064,1.45867,-1.20283
1923,1.93939,1.47232,-1.26234
1924,1.95909,1.51929,-1.23685
1925,2.01602,1.54367,-1.29669
1926,1.95194,1.54016,-1.19915
1927,1.94343,1.48525,-1.25337
1928,1.91967,1.50483,-1.1919
1929,1.91162,1.51514,-1.16561
1930,1.93343,1.48165,-1.24212
1931,1.93343,1.48165,-1.24212
1932,1.93343,1.48165,-1.24212
1933,1.97835,1.54001,-1.24188
1934,1.97835,1.54001,-1.24188
1935,1.97243,1.55628,-1.21179
1936,1.98162,1.5585,-1.22388
1937,1.98054,1.4979,-1.29569
1938,1.93261,1.48274,-1.23954
1939,1.94561,1.5151,-1.2206
1940,1.94561,1.5151,-1.2206
1941,1.91192,1.48927,-1.19896
1942,1.91192,1.48927,-1.19896
1943,1.95546,1.53673,-1.20925
1944,1.94624,1.49767,-1.24291
1945,1.94624,1.49767,-1.24291
1946,1.94603,1.49194,-1.24946
1947,1.86624,1.39377,-1.24107
1948,1.85469,1.38754,-1.23069
1949,1.86562,1.3905,-1.2438
1950,1.87522,1.41,-1.23626
1951,1.84067,1.41835,-1.17318
1952,1.84067,1.41835,-1.17318
1953,1.88877,1.48184,-1.17116
1954,1.8875,1.46971,-1.18431
1955,1.86503,1.42443,-1.20389
1956,1.86503,1.42443,-1.20389
1957,1.82152,1.38685,-1.18092
1958,1.82152,1.38685,-1.18092
1959,1.84273,1.42151,-1.17259
1960,1.86986,1.44513,-1.18658
1961,1.86986,1.44513,-1.18658
1962,1.82606,1.33097,-1.25021
1963,1.82148,1.32528,-1.24957
1964,1.82972,1.33819,-1.24784
1965,1.87932,1.32854,-1.32922
1966,1.90475,1.36933,-1.32402
1967,1.90214,1.39011,-1.29836
1968,1.89793,1.40168,-1.27962
1969,1.89793,1.40168,-1.27962
1970,1.91796,1.44701,-1.25886
1971,1.91796,1.44701,-1.25886
1972,1.88926,1.37575,-1.29485
1973,1.88926,1.37575,-1.29485
1974,1.88926,1.37575,-1.29485
1975,1.91865,1.39932,-1.31267
1976,1.90093,1.37979,-1.30756
1977,1.88676,1.37964,-1.28703
1978,1.84698,1.3581,-1.25176
1979,1.79282,1.33214,-1.19984
1980,1.75907,1.26317,-1.22423
1981,1.75522,1.26168,-1.22023
1982,1.76866,1.29051,-1.20945
1983,1.76866,1.29051,-1.20945
1984,1.80459,1.31277,-1.23822
1985,1.76321,1.26932,-1.22382
1986,1.76321,1.26932,-1.22382
1987,1.76799,1.28785,-1.21129
1988,1.76799,1.28785,-1.21129
1989,1.7907,1.32276,-1.20702
1990,1.77489,1.3018,-1.20646
1991,1.76564,1.29596,-1.19916
1992,1.78797,1.30127,-1.22618
1993,1.7651,1.28602,-1.20902
1994,1.7651,1.28602,-1.20902
1995,1.78394,1.3443,-1.17274
1996,1.77162,1.36035,-1.13494
1997,1.74066,1.33378,-1.11845
1998,1.76593,1.34652,-1.14254
1999,1.76593,1.34652,-1.14254
2000,1.81359,1.39651,-1.1571
2001,1.81359,1.39651,-1.1571
2002,1.86949,1.40196,-1.23673
2003,1.86949,1.40196,-1.23673
2004,1.85474,1.37936,-1.23993
2005,1.85474,1.37936,-1.23993
2006,1.90964,1.413,-1.28459
2007,1.90964,1.413,-1.28459
2008,1.89253,1.43036,-1.23926
2009,1.90631,1.4942,-1.18379
2010,1.91232,1.45651,-1.23917
2011,1.91232,1.45651,-1.23917
2012,1.91232,1.45651,-1.23917
2013,1.91232,1.45651,-1.23917
2014,1.91232,1.45651,-1.23917
2015,1.91232,1.45651,-1.23917
2016,1.91077,1.43008,-1.26724
2017,1.87244,1.4179,-1.22294
2018,1.85228,1.3923,-1.22166
2019,1.85228,1.3923,-1.22166
2020,1.86575,1.42299,-1.2067
2021,1.86575,1.42299,-1.2067
2022,1.86575,1.42299,-1.2067
2023,1.84668,1.42889,-1.16983
2024,1.85488,1.48062,-1.1173
2025,1.85488,1.48062,-1.1173
2026,1.93209,1.58362,-1.10685
2027,1.94589,1.58646,-1.12679
2028,2.06409,1.71096,-1.1546
2029,2.06409,1.71096,-1.1546
2030,2.02614,1.68416,-1.12643
2031,2.02614,1.68416,-1.12643
2032,2.02614,1.68416,-1.12643
2033,2.04553,1.70318,-1.13286
2034,2.04553,1.70318,-1.13286
2035,2.10533,1.73499,-1.19258
2036,2.15776,1.79241,-1.20133
2037,2.15776,1.79241,-1.20133
2038,2.15776,1.79241,-1.20133
2039,2.08609,1.77296,-1.09926
2040,2.08609,1.77296,-1.09926
2041,2.1306,1.85219,-1.05302
2042,2.1306,1.85219,-1.05302
2043,2.09263,1.81379,-1.04368
2044,2.13883,1.88691,-1.00705
2045,2.13883,1.88691,-1.00705
2046,2.14859,1.9127,-0.978777
2047,2.18822,1.90203,-1.08195
2048,2.1115,1.84686,-1.0235
2049,2.1115,1.84686,-1.0235
2050,2.14934,1.89567,-1.01296
2051,2.1011,1.8823,-0.933572
2052,2.14566,1.93851,-0.919796
2053,2.08355,1.88283,-0.892253
2054,2.14548,1.94659,-0.902157
2055,2.14548,1.94659,-0.902157
2056,2.12848,1.92838,-0.900996
2057,2.12848,1.92838,-0.900996
2058,2.12848,1.92838,-0.900996
2059,2.12848,1.92838,-0.900996
2060,2.12848,1.92838,-0.900996
2061,2.08771,1.88065,-0.906459
2062,2.08771,1.88065,-0.906459
2063,2.08771,1.88065,-0.906459
2064,2.09625,1.9086,-0.8669
2065,2.04857,1.84686,-0.886414
2066,2.04857,1.84686,-0.886414
2067,2.04857,1.84686,-0.886414
2068,2.13723,1.92353,-0.931551
2069,2.0937,1.91892,-0.837445
2070,2.14793,1.94967,-0.901332
2071,2.15187,1.96559,-0.875785
2072,2.15187,1.96559,-0.875785
2073,2.18136,1.96994,-0.936851
2074,2.12416,1.89811,-0.953533
2075,2.12416,1.89811,-0.953533
2076,2.12991,1.88623,-0.989276
2077,2.12541,1.86817,-1.01355
2078,2.12541,1.86817,-1.01355
2079,2.0925,1.84762,-0.982282
2080,2.0925,1.84762,-0.982282
2081,2.0519,1.79307,-0.997586
2082,2.0519,1.79307,-0.997586
2083,2.00839,1.74191,-0.999701
2084,2.00839,1.74191,-0.999701
2085,2.00839,1.74191,-0.999701
2086,2.00839,1.74191,-0.999701
2087,2.00839,1.74191,-0.999701
2088,2.03772,1.75772,-1.03089
2089,1.98012,1.66583,-1.07046
2090,1.96176,1.67086,-1.02797
2091,1.96176,1.67086,-1.02797
2092,1.96176,1.67086,-1.02797
2093,1.90624,1.66112,-0.935109
2094,1.90624,1.66112,-0.935109
2095,1.92324,1.70081,-0.897828
2096,1.84497,1.5979,-0.922294
2097,1.85653,1.59217,-0.954822
2098,1.85653,1.59217,-0.954822
2099,1.8742,1.61859,-0.944877
2100,1.8742,1.61859,-0.944877
2101,1.97912,1.69278,-1.02539
2102,1.97912,1.69278,-1.02539
2103,1.94963,1.5802,-1.14194
2104,1.95353,1.57099,-1.16114
2105,2.00757,1.62106,-1.18427
2106,2.00757,1.62106,-1.18427
2107,2.00757,1.62106,-1.18427
2108,1.92282,1.52981,-1.16488
2109,1.96436,1.64669,-1.07104
2110,1.96436,1.64669,-1.07104
2111,1.98928,1.68702,-1.05414
2112,1.95657,1.6619,-1.0326
2113,1.946,1.65838,-1.01819
2114,1.93015,1.65936,-0.985895
2115,1.94114,1.66722,-0.994198
2116,1.94114,1.66722,-0.994198
2117,1.94114,1.66722,-0.994198
2118,1.94873,1.67175,-1.00141
2119,1.91749,1.64833,-0.979694
2120,1.91749,1.64833,-0.979694
2121,1.88973,1.61715,-0.977707
2122,1.88973,1.61715,-0.977707
2123,1.88973,1.61715,-0.977707
2124,1.86678,1.58945,-0.97903
2125,1.83701,1.56378,-0.963946
2126,1.80814,1.53781,-0.951071
2127,1.79589,1.50822,-0.974934
2128,1.79011,1.50872,-0.963448
2129,1.7638,1.48631,-0.949676
2130,1.7638,1.48631,-0.949676
2131,1.66483,1.42045,-0.868327
2132,1.66483,1.42045,-0.868327
2133,1.75936,1.508,-0.906233
2134,1.73897,1.50115,-0.877809
2135,1.73445,1.51719,-0.840495
2136,1.73445,1.51719,-0.840495
2137,1.7099,1.45692,-0.895059
2138,1.7099,1.45692,-0.895059
2139,1.7099,1.45692,-0.895059
2140,1.7099,1.45692,-0.895059
2141,1.75886,1.48524,-0.942144
2142,1.75886,1.48524,-0.942144
2143,1.75886,1.48524,-0.942144
2144,1.75886,1.48524,-0.942144
2145,1.75886,1.48524,-0.942144
2146,1.75886,1.48524,-0.942144
2147,1.84702,1.53492,-1.02738
2148,1.84702,1.53492,-1.02738
2149,1.84702,1.53492,-1.02738
2150,1.90138,1.50794,-1.15818
2151,1.88407,1.52327,-1.10877
2152,1.88407,1.52327,-1.10877
2153,1.9145,1.54208,-1.13461
2154,1.9244,1.53433,-1.16152
2155,1.8793,1.49945,-1.13288
2156,1.87053,1.50466,-1.11126
2157,1.84304,1.51984,-1.04254
2158,1.82469,1.49373,-1.04798
2159,1.77394,1.44053,-1.03524
2160,1.77394,1.44053,-1.03524
2161,1.77889,1.47507,-0.994297
2162,1.75048,1.41815,-1.02618
2163,1.80912,1.44715,-1.08567
2164,1.80912,1.44715,-1.08567
2165,1.77644,1.43301,-1.04987
2166,1.77644,1.43301,-1.04987
2167,1.80326,1.45629,-1.06347
2168,1.80326,1.45629,-1.06347
2169,1.8283,1.49671,-1.05002
2170,1.77758,1.45719,-1.01803
2171,1.81924,1.48217,-1.0549
2172,1.82416,1.51593,-1.01464
2173,1.82416,1.51593,-1.01464
2174,1.77934,1.43816,-1.04772
2175,1.77934,1.43816,-1.04772
2176,1.77934,1.43816,-1.04772
2177,1.82822,1.49786,-1.04823
2178,1.77254,1.4848,-0.968114
2179,1.75725,1.4511,-0.991073
2180,1.75725,1.4511,-0.991073
2181,1.78473,1.43323,-1.06354
2182,1.81272,1.45086,-1.08673
2183,1.84111,1.46116,-1.12012
2184,1.84789,1.48661,-1.09758
2185,1.84789,1.48661,-1.09758
2186,1.87101,1.50537,-1.11109
2187,1.83973,1.49753,-1.06865
2188,1.83973,1.49753,-1.06865
2189,1.83973,1.49753,-1.06865
2190,1.83298,1.47146,-1.09299
2191,1.82661,1.45937,-1.09852
2192,1.77078,1.35116,-1.14457
2193,1.77078,1.35116,-1.14457
2194,1.79343,1.3555,-1.17431
2195,1.79343,1.3555,-1.17431
2196,1.83488,1.3771,-1.21259
2197,1.88428,1.40115,-1.25988
2198,1.86736,1.3964,-1.2398
2199,1.87373,1.41533,-1.22787
2200,1.92012,1.43678,-1.27378
2201,1.91174,1.37547,-1.32772
2202,1.91174,1.37547,-1.32772
2203,1.91174,1.37547,-1.32772
2204,1.96352,1.33068,-1.44385
2205,1.96352,1.33068,-1.44385
2206,1.98414,1.36725,-1.43785
2207,1.93283,1.33892,-1.39397
2208,1.94862,1.35617,-1.39925
2209,1.98101,1.32933,-1.46876
2210,1.94148,1.32729,-1.41691
2211,1.94148,1.32729,-1.41691
2212,1.9337,1.32733,-1.40619
2213,1.9337,1.32733,-1.40619
2214,1.89574,1.29368,-1.38572
2215,1.88379,1.26488,-1.39597
2216,1.88379,1.26488,-1.39597
2217,1.88379,1.26488,-1.39597
2218,1.89484,1.25958,-1.41559
2219,1.89484,1.25958,-1.41559
2220,1.90658,1.26479,-1.42666
2221,1.85292,1.24057,-1.37633
2222,1.84268,1.17984,-1.41543
2223,1.89576,1.23648,-1.43702
2224,1.89576,1.23648,-1.43702
2225,1.8362,1.16818,-1.41669
2226,1.85614,1.22839,-1.39152
2227,1.94114,1.32773,-1.41604
2228,1.93754,1.28123,-1.45345
2229,1.93754,1.28123,-1.45345
2230,1.94147,1.27445,-1.46461
2231,1.95823,1.30215,-1.46256
2232,1.95823,1.30215,-1.46256
2233,1.95823,1.30215,-1.46256
2234,1.94609,1.26543,-1.4785
2235,1.94378,1.34099,-1.40714
2236,1.94378,1.34099,-1.40714
2237,1.92554,1.23703,-1.47562
2238,1.86702,1.18163,-1.44551
2239,1.818,1.07538,-1.46583
2240,1.83864,1.00304,-1.54094
2241,1.83864,1.00304,-1.54094
2242,1.83426,1.00751,-1.53278
2243,1.87063,1.05734,-1.54314
2244,1.92082,1.08612,-1.58426
2245,1.85456,1.05774,-1.52335
2246,1.85456,1.05774,-1.52335
2247,1.88861,1.12775,-1.51494
2248,1.88861,1.12775,-1.51494
2249,1.82997,1.13893,-1.43235
2250,1.82997,1.13893,-1.43235
2251,1.82584,1.13808,-1.42775
2252,1.82584,1.13808,-1.42775
2253,1.82584,1.13808,-1.42775
2254,1.82183,1.17256,-1.39434
2255,1.82108,1.17405,-1.3921
2256,1.82889,1.13746,-1.43214
2257,1.82889,1.13746,-1.43214
2258,1.82889,1.13746,-1.43214
2259,1.8678,1.14729,-1.47391
2260,1.90268,1.16907,-1.50115
2261,1.88035,1.22805,-1.42395
2262,1.96598,1.27156,-1.49941
2263,1.96598,1.27156,-1.49941
2264,1.98483,1.31511,-1.48661
2265,1.98483,1.31511,-1.48661
2266,2.05205,1.34714,-1.54794
2267,2.04199,1.31607,-1.56131
2268,2.04199,1.31607,-1.56131
2269,2.06235,1.44563,-1.47087
2270,2.07107,1.48705,-1.44153
2271,2.07107,1.48705,-1.44153
2272,2.07107,1.48705,-1.44153
2273,2.02773,1.4509,-1.41653
2274,2.02773,1.4509,-1.41653
2275,2.0132,1.44262,-1.40422
2276,2.0132,1.44262,-1.40422
2277,2.02664,1.45528,-1.41047
2278,2.04034,1.46838,-1.41663
2279,1.97748,1.48956,-1.30063
2280,1.97921,1.52444,-1.26228
2281,1.95785,1.51716,-1.23749
2282,1.95785,1.51716,-1.23749
2283,1.95785,1.51716,-1.23749
2284,1.97376,1.55493,-1.2157
2285,1.9971,1.53903,-1.27271
2286,1.9971,1.53903,-1.27271
2287,1.9971,1.53903,-1.27271
2288,1.9448,1.53706,-1.1915
2289,2.01539,1.64256,-1.16782
2290,2.03246,1.62108,-1.22596
2291,2.04101,1.64091,-1.21374
2292,2.04101,1.64091,-1.21374
2293,2.04101,1.64091,-1.21374
2294,2.04101,1.64091,-1.21374
2295,2.05366,1.63842,-1.23819
2296,2.03752,1.65045,-1.19478
2297,2.03096,1.605,-1.2445
2298,1.94633,1.53608,-1.19526
2299,1.94633,1.53608,-1.19526
2300,1.94822,1.52065,-1.21787
2301,1.97743,1.62718,-1.12361
2302,1.93333,1.55612,-1.14728
2303,1.93333,1.55612,-1.14728
2304,1.93333,1.55612,-1.14728
2305,1.93333,1.55612,-1.14728
2306,1.94199,1.59052,-1.11425
2307,1.9747,1.587,-1.17511
2308,1.94008,1.58051,-1.12511
2309,1.94008,1.58051,-1.12511
2310,1.97816,1.64384,-1.10041
2311,1.97816,1.64384,-1.10041
2312,1.97816,1.64384,-1.10041
2313,1.94807,1.66396,-1.01302
2314,1.94807,1.66396,-1.01302
2315,1.94807,1.66396,-1.01302
2316,1.94807,1.66396,-1.01302
2317,1.9493,1.66627,-1.01159
2318,1.9493,1.66627,-1.01159
2319,1.91398,1.61,-1.035
2320,1.99023,1.65091,-1.11154
2321,1.90622,1.52412,-1.14488
2322,1.92374,1.51762,-1.1822
2323,1.92374,1.51762,-1.1822
2324,1.92374,1.51762,-1.1822
2325,1.92374,1.51762,-1.1822
2326,1.95724,1.57959,-1.15571
2327,1.95724,1.57959,-1.15571
2328,1.89164,1.53135,-1.11054
2329,1.89164,1.53135,-1.11054
2330,1.89164,1.53135,-1.11054
2331,1.89164,1.53135,-1.11054
2332,1.88516,1.51441,-1.12267
2333,1.91339,1.51963,-1.16266
2334,1.91339,1.51963,-1.16266
2335,1.91339,1.51963,-1.16266
2336,1.93577,1.56228,-1.143
2337,1.92257,1.58101,-1.09392
2338,1.92257,1.58101,-1.09392
2339,1.87277,1.541,-1.06423
2340,1.87277,1.541,-1.06423
2341,1.87277,1.541,-1.06423
2342,1.87277,1.541,-1.06423
2343,1.87277,1.541,-1.06423
2344,1.87034,1.52965,-1.07627
2345,1.87034,1.52965,-1.07627
2346,1.82646,1.52468,-1.00563
2347,1.86815,1.55551,-1.03457
2348,1.862,1.56774,-1.0046
2349,1.862,1.56774,-1.0046
2350,1.87773,1.55703,-1.04954
2351,1.86215,1.54692,-1.03666
2352,1.88256,1.53468,-1.09031
2353,1.88256,1.53468,-1.09031
2354,1.91773,1.54983,-1.12947
2355,1.86563,1.48601,-1.12799
2356,1.89557,1.5076,-1.14905
2357,1.89338,1.49817,-1.15774
2358,1.95378,1.50911,-1.2409
2359,1.97866,1.51227,-1.27599
2360,1.97866,1.51227,-1.27599
2361,2.00388,1.51497,-1.31165
2362,1.92139,1.49484,-1.20714
2363,1.90877,1.51136,-1.16583
2364,1.91596,1.49567,-1.19745
2365,1.91596,1.49567,-1.19745
2366,1.85647,1.46508,-1.14019
2367,1.87281,1.52929,-1.08106
2368,1.80514,1.4802,-1.03322
2369,1.80514,1.4802,-1.03322
2370,1.84739,1.57027,-0.973194
2371,1.84739,1.57027,-0.973194
2372,1.86841,1.58368,-0.991421
2373,1.81539,1.52348,-0.987241
2374,1.82498,1.51234,-1.02146
2375,1.82498,1.51234,-1.02146
2376,1.82498,1.51234,-1.02146
2377,1.82498,1.51234,-1.02146
2378,1.82498,1.51234,-1.02146
2379,1.82498,1.51234,-1.02146
2380,1.82498,1.51234,-1.02146
2381,1.82498,1.51234,-1.02146
2382,1.82498,1.51234,-1.02146
2383,1.81699,1.561,-0.929909
2384,1.84365,1.62456,-0.871695
2385,1.84215,1.63655,-0.845699
2386,1.8433,1.61889,-0.881446
2387,1.81181,1.62244,-0.80645
2388,1.79835,1.62583,-0.768579
2389,1.74945,1.54406,-0.822462
2390,1.74847,1.53761,-0.832407
2391,1.71694,1.53073,-0.777655
2392,1.71694,1.53073,-0.777655
2393,1.72427,1.54817,-0.759134
2394,1.72427,1.54817,-0.759134
2395,1.72427,1.54817,-0.759134
2396,1.72427,1.54817,-0.759134
2397,1.67043,1.49986,-0.735353
2398,1.67043,1.49986,-0.735353
2399,1.6722,1.47839,-0.781413
2400,1.66752,1.49112,-0.74644
2401,1.64166,1.44929,-0.771113
2402,1.65224,1.47512,-0.744249
2403,1.65224,1.47512,-0.744249
2404,1.65224,1.47512,-0.744249
2405,1.67648,1.49699,-0.754721
2406,1.6275,1.44666,-0.745623
2407,1.6275,1.44666,-0.745623
2408,1.6531,1.46173,-0.772062
2409,1.66962,1.44311,-0.839684
2410,1.66962,1.44311,-0.839684
2411,1.67791,1.45325,-0.83872
2412,1.63241,1.40808,-0.825874
2413,1.59866,1.39016,-0.789401
2414,1.65715,1.45919,-0.785439
2415,1.65715,1.45919,-0.785439
2416,1.66489,1.45107,-0.816254
2417,1.66489,1.45107,-0.816254
2418,1.66489,1.45107,-0.816254
2419,1.66489,1.45107,-0.816254
2420,1.64774,1.46046,-0.762968
2421,1.64774,1.46046,-0.762968
2422,1.60042,1.40725,-0.762239
2423,1.60042,1.40725,-0.762239
2424,1.6467,1.43303,-0.811199
2425,1.6467,1.43303,-0.811199
2426,1.66139,1.43928,-0.829881
2427,1.62487,1.3936,-0.835512
2428,1.63765,1.40798,-0.836372
2429,1.70428,1.4667,-0.867958
2430,1.71034,1.47651,-0.863248
2431,1.73605,1.48787,-0.894492
