t,deltaS
1,-0.3516
2,0.01733
3,-0.3026
4,-0.1303
5,-0.1481
6,-0.05688
7,-0.2179
8,-0.07099
9,-0.08947
10,-0.1792
11,-0.1917
12,-0.169
13,-0.1022
14,-0.1243
15,-0.1039
16,-0.1613
17,-0.0876
18,-0.01128
19,-0.1182
20,-0.07024
21,-0.5218
22,-0.435
23,-0.6136
24,-0.5024
25,-0.1221
26,-0.3599
27,-0.3165
28,-0.5653
29,-0.7402
30,-0.5236
31,-0.3807
32,-0.04987
33,-0.1687
34,-0.1979
35,-0.3344
36,-0.3501
37,-0.1806
38,-0.4068
39,-0.4474
40,-0.02694
41,-1.486
42,-0.6267
43,-0.9832
44,0.04998
45,-1.309
46,-0.04985
47,-0.5563
48,-0.4814
49,-0.1239
50,-1.368
51,-1.394
52,-1.04
53,-0.3658
54,-0.1555
55,0.1606
56,-1.073
57,-1.029
58,-0.5197
59,-0.7742
60,-0.9665
61,-0.2167
62,-0.4872
63,-0.3088
64,0.1778
65,-0.7125
66,-0.9949
67,-0.3214
68,-0.7211
69,-1.106
70,-0.02289
71,-0.3669
72,-0.8775
73,-0.3039
74,-1.411
75,0.4567
76,-0.631
77,-1.426
78,-0.7806
79,-0.887
80,-0.1002
81,-0.6336
82,-0.2045
83,-0.6272
84,0.4647
85,-0.675
86,-0.07011
87,0.06089
88,-0.06573
89,-0.466
90,-0.1528
91,-0.5929
92,0.2253
93,-0.3614
94,-0.1425
95,-0.8596
96,-1.029
97,-0.0907
98,0.3134
99,-1.546
100,-0.7862
101,0.5572
102,-0.4294
103,-1.187
104,-0.3103
105,-0.6322
106,-0.3443
107,-0.556
108,-1.391
109,-0.8552
110,-1.021
111,-0.4067
112,-1.228
113,0.183
114,-0.0219
115,-0.3019
116,-0.3396
117,-0.1146
118,0.04116
119,-0.2136
120,-0.2199
121,0.05607
122,-0.5223
123,-0.2878
124,-0.69
125,-0.3397
126,-0.2914
127,1.171
128,0.5922
129,-0.4917
130,-0.609
131,-0.1274
132,0.2841
133,-0.3191
134,-0.4547
135,-0.1173
136,-0.4371
137,-0.138
138,0.1055
139,-1.641
140,0.05244
141,1.288
142,2.259
143,0.1731
144,-0.3279
145,0.5733
146,-0.8684
147,0.5142
148,-0.3161
149,0.5768
150,-0.4811
151,0.5744
152,0.6094
153,-1.112
154,0.374
155,-0.9413
156,0.5878
157,-1.272
158,-1.398
159,0.4349
160,1.164
161,-0.2327
162,0.755
163,-1.182
164,0.9447
165,-0.5134
166,1.004
167,0.3075
168,-0.03529
169,-0.1002
170,-0.05993
171,-1.202
172,0.6345
173,-0.8668
174,-0.2808
175,0.3544
176,0.09766
177,-0.7717
178,0.9708
179,-0.5682
180,0.244
181,0.5237
182,-0.08705
183,1.563
184,-0.207
185,-0.6517
186,-0.2759
187,-0.7155
188,-0.4055
189,-0.594
190,0.1649
191,-0.198
192,-0.3844
193,-0.1296
194,-0.3255
195,-0.6429
196,-0.4317
197,1.069
198,0.1403
199,0.7038
200,0.0445
201,-0.0136
202,-0.8292
203,0.6849
204,1.53
205,1.254
206,0.4989
207,-0.5462
208,1.28
209,-0.5113
210,0.1177
211,0.9213
212,1.577
213,0.1676
214,0.3097
215,1.269
216,0.7548
217,1.782
218,0.6904
219,1.397
220,-0.3157
221,-0.7584
222,0.34
223,0.2273
224,-0.8565
225,0.9235
226,-0.08242
227,1.067
228,0.6546
229,-1.342
230,2.178
231,-1.201
232,-1.101
233,1.086
234,0.3816
235,-0.2509
236,-2.602
237,-0.7452
238,0.681
239,0.1534
240,0.6326
241,-0.4217
242,1.587
243,0.684
244,1.02
245,0.381
246,0.4825
247,0.1515
248,1.032
249,-0.7095
250,-0.9447
251,-0.0706
252,0.279
253,2.122
254,0.6982
255,0.5409
256,-0.4471
257,-0.5696
258,-0.3759
259,0.1081
260,-0.01553
261,-0.7864
262,0.1911
263,0.4627
264,-0.1766
265,-0.8023
266,0.1429
267,-1.269
268,1.383
269,1.634
270,-0.007457
271,1.418
272,0.7422
273,2.332
274,0.5789
275,-0.8277
276,0.499
277,-0.9585
278,-0.6283
279,0.7386
280,0.2808
281,-0.4044
282,1.317
283,0.6571
284,-0.4623
285,-0.3397
286,0.08431
287,1.374
288,0.6485
289,-0.08254
290,0.5561
291,0.1471
292,-2.372
293,-0.8794
294,-0.001745
295,0.1158
296,0.08763
297,1.723
298,1.39
299,0.3981
300,-1.199
301,0.9644
302,1.363
303,-0.4074
304,-0.9671
305,0.9627
306,1.47
307,-0.9816
308,1.816
309,0.4352
310,1.27
311,1.466
312,0.3526
313,0.9229
314,-0.7178
315,-0.3542
316,-0.6007
317,0.05578
318,0.426
319,1.001
320,-0.4375
321,0.6767
322,-0.1471
323,-0.04278
324,0.4678
325,1.273
326,0.3035
327,0.385
328,-0.1789
329,-0.9734
330,0.6036
331,2.089
332,0.983
333,0.5274
334,0.5007
335,0.06811
336,1.495
337,-0.811
338,0.274
339,0.3585
340,0.247
341,0.4426
342,-0.2081
343,-0.4659
344,-0.07091
345,2.635
346,1.329
347,-0.4048
348,0.3507
349,0.3002
350,-0.1608
351,0.2393
352,-0.0176
353,-0.4356
354,1.613
355,0.6721
356,1.099
357,0.3518
358,1.938
359,1.282
360,-0.3506
361,0.06206
362,0.657
363,1.228
364,-1.731
365,0.711
366,-0.2084
367,0.5664
368,1.569
369,-0.8831
370,0.5969
371,-0.2366
372,1.271
373,1.027
374,2.772
375,0.8665
376,1.05
377,0.1549
378,0.5622
379,-1.041
380,-1.142
381,1.148
382,-0.4242
383,0.6627
384,0.1009
385,0.06835
386,0.3748
387,0.5547
388,1.182
389,-0.8809
390,0.3882
391,0.5713
392,0.6376
393,0.745
394,0.2541
395,-0.2807
396,1.429
397,-0.1822
398,-1.262
399,0.5187
400,1.23
401,-0.09234
402,1.36
403,0.1702
404,-0.2652
405,1.494
406,-0.2097
407,-0.2749
408,-0.7172
409,0.6798
410,0.6278
411,-0.6281
412,0.9872
413,-1.161
414,0.5985
415,0.5781
416,1.523
417,0.333
418,-0.4705
419,0.2998
420,1.016
421,-0.08631
422,1.112
423,-1.215
424,-0.6048
425,-0.3371
426,0.8171
427,-0.5083
428,0.9717
429,0.4762
430,0.1252
431,-0.1816
432,0.9907
433,-0.6539
434,-0.08265
435,1.676
436,-0.139
437,1.433
438,-0.1582
439,-0.214
440,-0.8374
441,-0.5468
442,-1.075
443,0.2841
444,0.9203
445,0.8565
446,1.317
447,-1.056
448,0.03988
449,-0.6302
450,1.077
451,1.14
452,-0.05164
453,-1.539
454,-0.6325
455,1.948
456,0.1822
457,-0.8854
458,0.6651
459,1.763
460,0.8493
461,3.064
462,-1.338
463,1.388
464,-0.3166
465,0.5942
466,-0.1695
467,2.582
468,0.8576
469,0.3984
470,-1.473
471,2.478
472,-0.4685
473,-0.06702
474,-0.922
475,0.6194
476,-0.5465
477,0.1069
478,0.8355
479,1.11
480,1.655
481,-0.3465
482,-0.3018
483,0.1062
484,0.05551
485,1.029
486,0.2436
487,1.208
488,-0.6659
489,0.967
490,0.451
491,0.006206
492,-0.104
493,1.614
494,-0.7598
495,-0.475
496,0.5093
497,-0.5459
498,0.5101
499,-0.351
500,1.737
501,-0.2347
502,1.049
503,1.714
504,-0.01083
505,-0.9177
506,-0.3292
507,0.3804
508,-1.058
509,1.108
510,1.748
511,0.579
512,1.262
513,1.085
514,1.252
515,0.3466
516,0.9646
517,0.3314
518,1.498
519,0.06713
520,1.74
521,0.5659
522,0.2537
523,0.6702
524,-0.2741
525,0.3605
526,-1.219
527,1.565
528,-0.5301
529,-0.6772
530,0.8334
531,0.2822
532,1.159
533,0.6907
534,-0.4078
535,-0.3901
536,0.8115
537,2.956
538,2.473
539,0.06124
540,0.7414
541,-1.016
542,1.009
543,-0.8249
544,-0.05212
545,-0.4428
546,0.7694
547,0.3708
548,2.08
549,-0.05218
550,0.9363
551,-0.05883
552,1.237
553,1.752
554,2.062
555,0.1026
556,-0.6266
557,-0.001307
558,0.6065
559,1.485
560,-0.01182
561,1.417
562,1.027
563,-0.1676
564,-0.2723
565,0.9253
566,0.9122
567,1.215
568,-0.2797
569,-0.2282
570,-0.8148
571,0.6764
572,1.002
573,-0.7276
574,-0.446
575,0.2378
576,1.372
577,0.8546
578,-0.8887
579,1.806
580,0.5029
581,-0.0119
582,0.7172
583,1.101
584,-0.6726
585,0.5256
586,0.5572
587,-0.5102
588,0.4762
589,-0.3526
590,-0.006247
591,0.8538
592,-0.06213
593,0.8795
594,0.6589
595,0.8647
596,1.903
597,0.2519
598,-0.08498
599,0.9201
600,-0.4782
601,1.836
602,1.2
603,-0.7656
604,1.458
605,0.8231
606,0.8226
607,0.1389
608,-0.8683
609,0.07421
610,0.3706
611,-0.9499
612,0.2293
613,-0.7658
614,2.136
615,0.9436
616,0.234
617,0.8855
618,0.361
619,0.06959
620,0.6247
621,1.314
622,0.7273
623,0.8892
624,1.474
625,-0.1247
626,0.4991
627,-0.6111
628,0.7098
629,0.9434
630,0.5885
631,0.8742
632,-1.967
633,0.4999
634,0.8052
635,1.946
636,-0.6151
637,1.598
638,0.3653
639,0.53
640,1.305
641,1.619
642,1.144
643,-1.163
644,-0.7319
645,0.6921
646,0.09495
647,1.896
648,0.449
649,0.9414
650,1.129
651,1.09
652,0.0009512
653,0.04319
654,1.591
655,-0.03578
656,1.295
657,-0.1361
658,0.4585
659,0.5097
660,0.4323
661,0.6386
662,-0.8441
663,-0.745
664,1.152
665,0.7576
666,-0.5446
667,-0.4045
668,0.06711
669,0.5277
670,0.5466
671,-0.6019
672,-0.1473
673,-0.383
674,0.1079
675,0.004752
676,0.612
677,-0.2387
678,1.393
679,0.4677
680,0.7282
681,1.403
682,-0.199
683,0.1619
684,-0.2132
685,-0.6833
686,-0.665
687,0.6061
688,-1.128
689,0.6978
690,0.4811
691,-0.4788
692,-0.1421
693,0.7989
694,1.392
695,0.4123
696,0.1893
697,-0.5595
698,0.6517
699,-0.9632
700,1.395
701,0.6239
702,1.176
703,-0.5246
704,0.1234
705,0.2602
706,1.448
707,-0.04977
708,0.01435
709,-0.1555
710,0.8095
711,-0.6535
712,-0.5626
713,0.3067
714,-0.2944
715,-0.1561
716,1.165
717,1.068
718,0.2215
719,0.7089
720,-1.05
721,-0.1402
722,1.04
723,0.4204
724,0.001305
725,-0.461
726,0.6879
727,1.258
728,-1.459
729,0.7495
730,1.141
731,2.091
732,-0.009046
733,-0.758
734,-0.466
735,1.501
736,1.04
737,0.2158
738,1.389
739,-0.6024
740,0.5559
741,0.603
742,0.9655
743,0.78
744,1.43
745,-0.4355
746,0.5293
747,0.1432
748,2.108
749,-0.007816
750,-0.8576
751,-0.06906
752,0.6122
753,0.9747
754,-1.099
755,1.864
756,0.2461
757,1.753
758,0.2201
759,1.068
760,0.5668
761,0.2076
762,0.4632
763,0.9258
764,1.28
765,0.4572
766,0.8192
767,1.446
768,0.0798
769,-1.125
770,0.01111
771,0.1552
772,-1.488
773,0.7722
774,-0.5357
775,-0.6568
776,0.09016
777,-0.4097
778,1.309
779,0.5639
780,-0.1943
781,0.07101
782,0.375
783,-0.3714
784,-0.0505
785,0.2508
786,0.529
787,-0.6912
788,-1.16
789,1.834
790,-0.7723
791,0.4783
792,0.3176
793,0.2674
794,0.4836
795,-0.01649
796,-0.3273
797,0.1746
798,0.4263
799,0.6252
800,-0.5202
801,-0.6617
802,0.9735
803,0.2633
804,-0.2618
805,-0.883
806,0.1576
807,-0.04012
808,0.6531
809,0.8471
810,-0.06356
811,0.4685
812,0.1431
813,0.3414
814,0.001401
815,0.5135
816,0.548
817,-0.1251
818,0.91
819,-0.4332
820,0.8855
821,0.8349
822,0.476
823,-1.256
824,-0.526
825,1.978
826,1.008
827,1.009
828,-0.2777
829,-0.9084
830,-0.6506
831,0.8587
832,1.807
833,-0.06648
834,-0.1122
835,0.3763
836,1.115
837,-0.3023
838,0.555
839,-0.8353
840,0.9679
841,1.298
842,0.1239
843,-0.1115
844,0.5553
845,0.3452
846,1.014
847,0.3984
848,-0.1316
849,1.186
850,2.239
851,0.7232
852,-0.2559
853,0.08376
854,-1.359
855,0.7815
856,-0.9239
857,0.7426
858,0.1961
859,0.4382
860,0.7479
861,0.4391
862,1.661
863,0.8049
864,-0.4608
865,-0.3623
866,1.606
867,-0.456
868,-0.6224
869,1.002
870,1.078
871,-0.5873
872,0.1051
873,0.8557
874,-0.03363
875,1.722
876,0.8076
877,1.192
878,1.066
879,0.1526
880,0.5933
881,-0.8081
882,0.8678
883,-0.6914
884,1.009
885,1.531
886,0.5194
887,2.508
888,-0.9986
889,-0.8609
890,-1.725
891,0.4695
892,-0.7313
893,-0.09826
894,-0.336
895,0.1806
896,-0.3942
897,1.946
898,0.5705
899,1.334
900,-0.008295
901,0.3096
902,1.598
903,0.8198
904,1.663
905,-1.196
906,0.5405
907,0.6236
908,1.686
909,0.2672
910,0.6588
911,0.5897
912,-0.4582
913,0.9668
914,-0.6987
915,1.824
916,1.497
917,0.6739
918,0.7041
919,0.5485
920,1.683
921,-1.032
922,2.407
923,0.1027
924,1.158
925,0.6192
926,0.7235
927,-0.1448
928,0.7854
929,0.704
930,1.822
931,1.832
932,1.203
933,-0.6399
934,-1.576
935,-0.5296
936,0.8722
937,-0.5987
938,1.813
939,-0.1181
940,-0.178
941,-1.123
942,1.007
943,0.2946
944,1.221
945,1.682
946,-0.09121
947,-0.1411
948,0.5678
949,-0.1535
950,-1.491
951,1.064
952,1.325
953,0.7474
954,1.104
955,0.02351
956,1.508
957,0.3925
958,0.05297
959,-0.3589
960,-0.9271
961,0.8133
962,-0.6952
963,0.4649
964,0.6561
965,-0.4238
966,1.588
967,-0.07277
968,0.4282
969,1.088
970,0.7781
971,-0.9157
972,0.06595
973,-0.1333
974,2.019
975,-1.308
976,-0.2598
977,-0.5302
978,1.654
979,-0.5285
980,-0.7145
981,-0.2777
982,-0.6748
983,0.5038
984,-1.334
985,-0.8173
986,-0.2878
987,0.7926
988,2.182
989,2.343
990,1.309
991,1.152
992,2.388
993,-1.592
994,1.266
995,0.09013
996,0.2272
997,1.216
998,0.7681
999,1.093
1000,1.607
1001,-0.57
1002,-0.3751
1003,0.05288
1004,0.445
1005,0.1066
1006,0.3889
1007,1.224
1008,0.7395
1009,1.473
1010,-0.4293
1011,-0.2993
1012,-0.6888
1013,-0.2043
1014,1.806
1015,1.973
1016,0.1305
1017,1.57
1018,0.01898
1019,-1.223
1020,2.636
1021,0.528
1022,0.0568
1023,0.9492
1024,-0.7266
1025,0.369
1026,-0.2831
1027,0.8998
1028,0.03381
1029,-0.985
1030,0.3329
1031,0.585
1032,0.7399
1033,0.3256
1034,-1.264
1035,1.535
1036,-0.2834
1037,1.551
1038,0.2305
1039,-0.6574
1040,0.8656
1041,0.5261
1042,-0.2828
1043,0.3739
1044,0.3384
1045,1.169
1046,1.105
1047,-0.3346
1048,0.1712
1049,-1.056
1050,-0.03106
1051,0.5525
1052,0.6115
1053,0.245
1054,1.392
1055,0.6306
1056,1.071
1057,-0.8256
1058,0.1388
1059,0.7805
1060,0.9826
1061,-0.212
1062,0.7288
1063,0.601
1064,1.118
1065,0.2145
1066,0.2401
1067,1.639
1068,0.7771
1069,1.471
1070,0.4936
1071,2.596
1072,0.3161
1073,0.26
1074,0.9523
1075,-2.321
1076,0.7402
1077,1.449
1078,1.267
1079,-1.704
1080,0.1188
1081,0.4851
1082,0.849
1083,0.8714
1084,0.6986
1085,0.5626
1086,-0.02162
1087,-0.2334
1088,1.336
1089,0.09676
1090,0.09352
1091,0.4594
1092,1.344
1093,0.4286
1094,-1.17
1095,0.8125
1096,0.1953
1097,-0.4396
1098,0.09843
1099,0.2513
1100,0.9395
1101,0.3229
1102,0.828
1103,0.3752
1104,0.4946
1105,-0.8072
1106,0.2713
1107,0.04133
1108,1.929
1109,-0.3839
1110,-0.6008
1111,0.254
1112,1.924
1113,0.4927
1114,0.001394
1115,-0.9794
1116,-0.665
1117,1.202
1118,1.903
1119,0.8426
1120,0.4233
1121,-0.6236
1122,-0.009796
1123,1.775
1124,1.135
1125,0.6039
1126,1.355
1127,2.16
1128,1.35
1129,1.231
1130,0.9152
1131,-0.5074
1132,0.5286
1133,0.9264
1134,1.127
1135,0.3926
1136,0.8226
1137,0.8917
1138,0.09205
1139,0.9695
1140,1.926
1141,1.125
1142,-1.325
1143,-1.178
1144,0.6829
1145,-0.8113
1146,-0.4258
1147,0.7195
1148,-0.009975
1149,-0.02519
1150,0.511
1151,0.1471
1152,-1.322
1153,0.6341
1154,1.233
1155,-0.9753
1156,-0.01852
1157,-0.6118
1158,-0.36
1159,0.07303
1160,-0.6661
1161,-0.6356
1162,-1.484
1163,-1.566
1164,1.654
1165,1.107
1166,1.638
1167,1.714
1168,1.998
1169,1.232
1170,0.3939
1171,0.7621
1172,0.4353
1173,1.249
1174,1.093
1175,0.6704
1176,-0.3184
1177,0.7065
1178,-0.0128
1179,0.4919
1180,-1.149
1181,1.013
1182,0.4707
1183,1.337
1184,-1.286
1185,-0.247
1186,0.3617
1187,0.101
1188,-0.3591
1189,1.28
1190,0.6817
1191,0.5114
1192,0.6424
1193,-0.09609
1194,1.566
1195,0.305
1196,1.315
1197,1.362
1198,0.5653
1199,0.892
1200,-0.5368
1201,1.748
1202,-0.1289
1203,1.461
1204,-1.255
1205,0.2039
1206,0.4256
1207,-0.1555
1208,0.03464
1209,1.628
1210,-0.04797
1211,0.6516
1212,-0.3541
1213,-0.08526
1214,0.7584
1215,-0.8174
1216,-0.3289
1217,1.11
1218,1.819
1219,1.528
1220,0.9898
1221,1.124
1222,2.323
1223,0.09289
1224,1.235
1225,0.4982
1226,1.132
1227,-0.8579
1228,0.5286
1229,-0.8218
1230,-0.1109
1231,0.91
1232,2.45
1233,0.2419
1234,0.9381
1235,0.3656
1236,1.472
1237,0.8726
1238,0.5665
1239,-0.2066
1240,0.3271
1241,-0.9698
1242,0.9662
1243,1.74
1244,-0.5365
1245,-0.4077
1246,0.2854
1247,0.2659
1248,0.6067
1249,0.0227
1250,1.028
1251,1.688
1252,-0.9265
1253,0.7896
1254,1.057
1255,0.6603
1256,0.6425
1257,-0.5544
1258,0.329
1259,-1.241
1260,-1.221
1261,1.772
1262,1.104
1263,-0.7516
1264,0.623
1265,0.0896
1266,0.2786
1267,1.773
1268,0.9013
1269,1.979
1270,0.8506
1271,0.04009
1272,-0.3019
1273,1.496
1274,-0.2458
1275,-1.505
1276,2.213
1277,1.295
1278,0.2011
1279,0.9265
1280,0.6675
1281,-0.4295
1282,-0.08947
1283,1.446
1284,1.339
1285,-0.0993
1286,0.5909
1287,0.9335
1288,-0.2236
1289,0.3833
1290,0.9108
1291,1.135
1292,1.418
1293,0.8501
1294,0.8622
1295,0.04265
1296,-0.3438
1297,-1.271
1298,1.52
1299,-0.9015
1300,1.216
1301,-2.098
1302,0.4387
1303,0.1378
1304,-1.259
1305,0.3119
1306,1.016
1307,0.9188
1308,-1.081
1309,-0.2032
1310,-0.9667
1311,-0.08105
1312,-0.6613
1313,1.229
1314,0.5523
1315,0.8561
1316,-0.5929
1317,0.4533
1318,0.8454
1319,1.395
1320,1.175
1321,0.606
1322,0.09109
1323,1.946
1324,-0.1379
1325,1.55
1326,0.6805
1327,0.9484
1328,0.6051
1329,0.9109
1330,1.293
1331,0.3441
1332,-0.8627
1333,-0.1045
1334,-0.6536
1335,1.304
1336,-0.1298
1337,1.243
1338,1.522
1339,1.024
1340,1.169
1341,0.9027
1342,0.3836
1343,-0.354
1344,0.148
1345,0.5091
1346,0.7724
1347,0.6877
1348,2.665
1349,0.5106
1350,-0.7677
1351,0.2517
1352,0.2665
1353,-0.7158
1354,1.683
1355,-0.1256
1356,1.628
1357,-0.3311
1358,0.7539
1359,-0.71
1360,1.351
1361,1.617
1362,0.806
1363,0.1402
1364,-0.1535
1365,-0.4266
1366,0.7236
1367,0.7537
1368,-0.2204
1369,-0.3148
1370,2.082
1371,1.213
1372,0.08335
1373,1.089
1374,-0.3193
1375,-0.05122
1376,0.4121
1377,-0.2318
1378,0.3058
1379,0.1536
1380,-0.3237
1381,1.226
1382,-0.353
1383,0.3831
1384,0.9941
1385,0.9998
1386,-0.2248
1387,-0.5769
1388,0.4835
1389,1.759
1390,0.522
1391,1.022
1392,0.1758
1393,-1.476
1394,0.5923
1395,0.3353
1396,-0.23
1397,0.2654
1398,0.7158
1399,0.6865
1400,0.6268
1401,2.236
1402,0.3133
1403,-0.02043
1404,-0.8587
1405,1.687
1406,-0.4117
1407,0.2132
1408,1.099
1409,0.3594
1410,1.493
1411,-0.008963
1412,-0.4036
1413,0.9666
1414,1.425
1415,0.4536
1416,1.086
1417,-0.4701
1418,-0.8145
1419,0.1024
1420,-0.8418
1421,0.8173
1422,-0.1087
1423,-0.2623
1424,0.9258
1425,-1.111
1426,-0.3659
1427,0.2313
1428,0.896
1429,0.1864
1430,-0.08384
1431,0.09075
1432,2.049
1433,1.793
1434,-1.036
1435,-0.2198
1436,0.6324
1437,0.4432
1438,-0.6622
1439,0.5649
1440,0.02744
1441,1.488
1442,-0.1378
1443,0.3079
1444,1.499
1445,0.3041
1446,0.5866
1447,-0.2743
1448,0.5595
1449,0.7386
1450,0.368
1451,1.374
1452,0.3525
1453,0.9223
1454,0.82
1455,1.423
1456,0.1136
1457,0.7103
1458,1.573
1459,1.611
1460,0.3174
1461,0.4517
1462,-0.1217
1463,0.5156
1464,-0.3799
1465,1.507
1466,0.9095
1467,0.6283
1468,1.045
1469,0.4737
1470,0.4995
1471,0.1742
1472,1.161
1473,-1.105
1474,2.833
1475,2.316
1476,0.2473
1477,-0.78
1478,0.7143
1479,0.8596
1480,0.883
1481,-1.117
1482,1.12
1483,1.561
1484,0.7818
1485,-0.09293
1486,-0.7238
1487,0.01841
1488,-1.948
1489,0.9644
1490,-0.3118
1491,1.036
1492,1.11
1493,0.6867
1494,-0.6231
1495,-0.1631
1496,2.032
1497,1.896
1498,-0.7553
1499,0.1285
1500,-1.078
1501,-0.2166
1502,1.197
1503,0.6198
1504,-0.8878
1505,-0.2319
1506,1.927
1507,0.7859
1508,0.3963
1509,0.1573
1510,-0.8156
1511,0.7741
1512,-1.734
1513,-0.1165
1514,-0.1793
1515,0.7469
1516,-0.2951
1517,0.956
1518,-0.6207
1519,0.4583
1520,-0.008863
1521,0.2367
1522,0.2006
1523,0.9294
1524,-1.062
1525,0.7252
1526,1.394
1527,1.058
1528,1.023
1529,0.6194
1530,0.1606
1531,2.314
1532,-0.6436
1533,0.1114
1534,0.5042
1535,1.951
1536,0.4384
1537,-0.4324
1538,2.567
1539,-2.473
1540,0.3678
1541,0.6184
1542,-0.6083
1543,0.7336
1544,1.192
1545,0.5873
1546,2.778
1547,0.4466
1548,1.051
1549,-2.676
1550,-0.5498
1551,1.055
1552,0.7964
1553,-1.682
1554,-0.2563
1555,-0.2592
1556,1.725
1557,-0.3413
1558,0.1871
1559,-0.5168
1560,-0.2611
1561,1.422
1562,0.1976
1563,0.4017
1564,0.998
1565,1.7
1566,0.4694
1567,1.167
1568,0.763
1569,0.7146
1570,1.875
1571,1.698
1572,0.8421
1573,1.147
1574,2.287
1575,0.08574
1576,0.3605
1577,2.204
1578,-0.1838
1579,-0.4262
1580,2.073
1581,2.492
1582,-0.03578
1583,0.3751
1584,-0.5675
1585,0.9687
1586,-0.2747
1587,0.4879
1588,0.3096
1589,0.2768
1590,0.3605
1591,2.121
1592,0.5978
1593,0.651
1594,0.2474
1595,0.3262
1596,1.637
1597,1.416
1598,-0.7071
1599,-1.142
1600,0.5274
1601,1.459
1602,1.155
1603,0.2988
1604,0.131
1605,0.5418
1606,0.4805
1607,2.041
1608,0.2846
1609,0.09538
1610,-0.7803
1611,0.6853
1612,0.2567
1613,0.625
1614,1.093
1615,-0.2326
1616,0.1766
1617,0.4977
1618,1.368
1619,0.5156
1620,-0.04285
1621,-0.4067
1622,0.5458
1623,-0.154
1624,-1.591
1625,-0.4925
1626,-0.2681
1627,0.4877
1628,-1.909
1629,0.8924
1630,0.2362
1631,-0.2078
1632,0.2519
1633,0.5748
1634,0.5672
1635,1.559
1636,1.294
1637,1.563
1638,0.6802
1639,-0.4241
1640,-0.1538
1641,-0.0677
1642,1.253
1643,-0.2146
1644,0.7962
1645,0.2355
1646,-0.2179
1647,-0.1897
1648,-0.2632
1649,-0.576
1650,0.829
1651,-0.0296
1652,-0.4842
1653,-0.05005
1654,0.7696
1655,0.7467
1656,-0.01683
1657,1.529
1658,1.428
1659,1.82
1660,0.7082
1661,1.365
1662,0.5609
1663,-0.01132
1664,1.46
1665,0.6258
1666,0.1527
1667,-0.165
1668,-0.8144
1669,-0.4759
1670,-0.3406
1671,-0.4291
1672,1.173
1673,-0.9533
1674,1.901
1675,0.8201
1676,1.48
1677,0.1176
1678,-0.5991
1679,0.311
1680,-0.1146
1681,-0.07495
1682,0.7253
1683,0.1006
1684,0.1393
1685,0.5408
1686,1.606
1687,-0.185
1688,0.7691
1689,0.4659
1690,0.01096
1691,-0.4557
1692,-0.2283
1693,-0.2012
1694,0.4211
1695,-0.9774
1696,1.703
1697,0.4579
1698,1.787
1699,1.442
1700,0.1028
1701,1.391
1702,-1.892
1703,-0.757
1704,-0.1284
1705,-0.2285
1706,1.485
1707,-0.3054
1708,-0.9544
1709,1.336
1710,0.1537
1711,-0.05359
1712,1.071
1713,-0.2605
1714,0.9403
1715,-1.54
1716,-0.4007
1717,-1.339
1718,0.1074
1719,-0.09303
1720,1.179
1721,-0.01805
1722,0.1097
1723,-1.543
1724,0.02408
1725,-0.2465
1726,0.4219
1727,0.04426
1728,-0.4961
1729,0.9106
1730,-0.3789
1731,1.575
1732,0.9125
1733,0.4024
1734,0.09186
1735,-1.566
1736,-1.522
1737,-0.8698
1738,0.2871
1739,-0.3182
1740,1.398
1741,0.1941
1742,1.136
1743,0.3408
1744,1.393
1745,0.907
1746,1.003
1747,-1.212
1748,0.8855
1749,-1.733
1750,0.4103
1751,0.07269
1752,-0.9083
1753,-0.9007
1754,0.581
1755,0.682
1756,-0.4941
1757,-0.1786
1758,0.8055
1759,0.4245
1760,0.7013
1761,0.3391
1762,0.8058
1763,0.8896
1764,0.9738
1765,-0.5547
1766,-0.008074
1767,-1.638
1768,0.2595
1769,3.006
1770,-0.6956
1771,-0.4015
1772,1.912
1773,0.3731
1774,0.7885
1775,0.01225
1776,-0.156
1777,1.525
1778,-1.33
1779,0.03218
1780,-0.2201
1781,-0.3277
1782,1.852
1783,-1.419
1784,1.29
1785,-0.2407
1786,1.955
1787,0.4995
1788,2.033
1789,1.902
1790,-0.3237
1791,-1.502
1792,1.186
1793,-0.1548
1794,1.566
1795,0.8891
1796,2.641
1797,-2.626
1798,1.097
1799,0.06334
1800,0.7379
1801,0.2063
1802,-0.6842
1803,0.2588
1804,2.17
1805,0.8369
1806,1.309
1807,1.427
1808,1.088
1809,1.897
1810,-0.7083
1811,0.2312
1812,0.1903
1813,0.06502
1814,0.6497
1815,1.223
1816,-1.48
1817,2.244
1818,1.09
1819,0.7016
1820,0.419
1821,0.662
1822,0.04984
1823,-0.8974
1824,-1.721
1825,1.344
1826,-1.78
1827,-0.5771
1828,1.296
1829,0.555
1830,-0.7128
1831,0.9762
1832,1.356
1833,0.4824
1834,0.1436
1835,1.167
1836,0.3781
1837,0.5673
1838,-0.5358
1839,0.1462
1840,1.435
1841,1.327
1842,1.685
1843,0.6799
1844,1.788
1845,0.9586
1846,0.593
1847,1.526
1848,0.3071
1849,1.123
1850,1.177
1851,1.017
1852,0.9979
1853,0.178
1854,0.3607
1855,0.64
1856,0.8717
1857,0.1109
1858,0.3797
1859,0.4093
1860,0.1969
1861,-0.006581
1862,0.8929
1863,0.5224
1864,0.8603
1865,0.3252
1866,1.768
1867,1.613
1868,0.3836
1869,1.636
1870,1.672
1871,0.2498
1872,0.1521
1873,-1.697
1874,0.7513
1875,1.032
1876,0.7182
1877,-0.3192
1878,1.285
1879,-0.3725
1880,0.6367
1881,0.6598
1882,-0.7793
1883,0.2919
1884,-0.3749
1885,1.304
1886,1.242
1887,-0.1462
1888,0.3742
1889,0.05719
1890,1.138
1891,1.181
1892,-0.8055
1893,-0.8805
1894,-0.297
1895,0.04407
1896,-0.0925
1897,1.591
1898,0.4497
1899,0.2509
1900,-0.4163
1901,-0.6426
1902,-0.3804
1903,0.6703
1904,0.7142
1905,-0.7853
1906,0.3935
1907,1.777
1908,-0.6945
1909,-1.095
1910,-0.2343
1911,0.4838
1912,0.5882
1913,1.512
1914,0.5313
1915,1.203
1916,1.148
1917,-0.007991
1918,0.06175
1919,-1.312
1920,-0.1986
1921,-0.176
1922,0.5746
1923,0.2389
1924,-1.687
1925,1.109
1926,-0.1818
1927,-0.521
1928,0.49
1929,1.064
1930,-0.6135
1931,0.8236
1932,-0.2105
1933,0.4137
1934,1.533
1935,0.9724
1936,0.3821
1937,0.01679
1938,1.172
1939,1.199
1940,0.4062
1941,2.798
1942,1.106
1943,-0.6214
1944,0.3117
1945,1.089
1946,0.6913
1947,0.2055
1948,0.6568
1949,1.309
1950,-0.684
1951,0.02455
1952,1.519
1953,-0.3701
1954,1.149
1955,1.331
1956,2.288
1957,0.2229
1958,-0.8281
1959,0.6332
1960,0.2539
1961,0.9309
1962,0.714
1963,0.2971
1964,1.814
1965,0.4927
1966,0.4527
1967,0.9285
1968,0.6983
1969,0.2716
1970,1.112
1971,1.189
1972,0.7396
1973,-0.7183
1974,0.77
1975,-0.05216
1976,0.7291
1977,1.76
1978,0.4657
1979,-1.218
1980,1.808
1981,0.8503
1982,1.908
1983,1.451
1984,0.9753
1985,-0.6383
1986,2.125
1987,2.137
1988,-0.1607
1989,0.663
1990,1.005
1991,-0.3101
1992,0.1325
1993,2.622
1994,0.1901
1995,0.1527
1996,0.6376
1997,-0.2107
1998,-1.741
1999,2.296
2000,0.1949
2001,0.9284
2002,-1.922
2003,0.7853
2004,-0.132
2005,2.291
2006,-0.7841
2007,0.3907
2008,-0.5754
2009,-0.06709
2010,0.9285
2011,1.086
2012,2.315
2013,-1.463
2014,1.1
2015,1.487
2016,2.7
2017,-0.3763
2018,0.825
2019,1.476
2020,1.352
2021,0.2514
2022,0.2844
2023,1.611
2024,1.272
2025,1.63
2026,-0.2438
2027,1.195
2028,-0.2952
2029,0.09929
2030,1.16
2031,1.202
2032,-2.244
2033,1.595
2034,1.051
2035,-0.3059
2036,-0.548
2037,1.21
2038,0.7527
2039,1.265
2040,1.391
2041,2.616
2042,1.013
2043,1.78
2044,1.176
2045,0.1288
2046,0.5744
2047,-0.9182
2048,0.3971
2049,0.6653
2050,1.122
2051,1.85
2052,1.181
2053,-0.3512
2054,0.08226
2055,0.2857
2056,0.1812
2057,-1.133
2058,1.348
2059,0.6677
2060,1.014
2061,-0.09769
2062,0.003829
2063,0.1311
2064,-0.6787
2065,-0.1252
2066,0.8018
2067,-0.2502
2068,-0.9306
2069,0.6858
2070,2.061
2071,-0.3805
2072,1.052
2073,1.19
2074,1.317
2075,0.416
2076,1.42
2077,1.893
2078,1.603
2079,1.202
2080,1.195
2081,-0.3618
2082,-0.505
2083,-0.2535
2084,0.08147
2085,-0.622
2086,0.5703
2087,0.4338
2088,0.8989
2089,1.632
2090,0.276
2091,1.417
2092,-1.119
2093,1.147
2094,1.174
2095,-0.001976
2096,1.141
2097,-0.2331
2098,0.2906
2099,0.2071
2100,0.2482
2101,1.938
2102,0.6586
2103,-0.006323
2104,1.19
2105,1.96
2106,0.7035
2107,0.6147
2108,0.6082
2109,0.1634
2110,0.1424
2111,0.1581
2112,1.322
2113,1.101
2114,-0.6305
2115,1.095
2116,0.2878
2117,-0.00546
2118,0.9014
2119,2.299
2120,0.6095
2121,0.3425
2122,-0.8004
2123,-1.033
2124,-1.143
2125,0.3976
2126,-0.5558
2127,-0.08643
2128,0.9693
2129,0.5337
2130,-0.1268
2131,-1.196
2132,1.215
2133,0.7635
2134,0.9798
2135,0.3826
2136,-0.8874
2137,0.8367
2138,2.051
2139,1.065
2140,0.02703
2141,0.1967
2142,2.024
2143,1.393
2144,1.134
2145,-0.8539
2146,0.903
2147,-1.58
2148,0.687
2149,-0.249
2150,0.05806
2151,-1.007
2152,1.019
2153,-0.6017
2154,-0.2838
2155,1.456
2156,0.1941
2157,2.058
2158,1.174
2159,1.376
2160,0.3132
2161,0.639
2162,0.8066
2163,-1.202
2164,0.7185
2165,-1.351
2166,0.4681
2167,0.2594
2168,-0.276
2169,0.3321
2170,0.4011
2171,-0.8294
2172,-2.263
2173,0.1275
2174,1.345
2175,0.9292
2176,-0.02
2177,0.4331
2178,0.4531
2179,-0.2648
2180,1.413
2181,1.777
2182,0.8404
2183,1.013
2184,-1.184
2185,1.859
2186,0.9214
2187,-0.08809
2188,0.1866
2189,1.46
2190,1.527
2191,-0.7203
2192,0.8767
2193,0.7725
2194,0.228
2195,-0.5235
2196,0.3213
2197,-0.2385
2198,1.124
2199,1.189
2200,0.9239
2201,0.209
2202,1.354
2203,0.01516
2204,2.008
2205,0.453
2206,1.296
2207,-0.7074
2208,1.973
2209,0.2073
2210,0.4231
2211,0.08593
2212,0.5147
2213,-0.1789
2214,0.8317
2215,1.305
2216,-0.4365
2217,-0.8484
2218,1.926
2219,1.808
2220,0.04024
2221,1.881
2222,0.4086
2223,-0.203
2224,-0.4131
2225,0.488
2226,2.502
2227,-0.2674
2228,-0.2697
2229,0.1131
2230,0.09116
2231,1.103
2232,-0.1169
2233,-0.01974
2234,0.2803
2235,0.676
2236,-0.04898
2237,0.4306
2238,1.067
2239,1.153
2240,-1.332
2241,1.612
2242,0.1452
2243,0.4233
2244,-0.4572
2245,1.049
2246,0.4012
2247,1.814
2248,0.947
2249,-0.5463
2250,0.4617
2251,-0.03647
2252,1.362
2253,-0.7665
2254,0.2835
2255,-1.21
2256,0.5352
2257,0.3232
2258,0.6559
2259,-0.213
2260,-2.346
2261,0.9586
2262,0.2812
2263,-0.5236
2264,0.4141
2265,1.246
2266,0.1208
2267,-1.051
2268,1.489
2269,-0.3969
2270,1.399
2271,0.7067
2272,-0.01588
2273,0.1121
2274,0.3639
2275,-1.047
2276,-0.5695
2277,-2.156
2278,-0.09796
2279,-0.657
2280,-0.05537
2281,0.2632
2282,-0.1297
2283,0.3816
2284,-0.04825
2285,0.4049
2286,0.6493
2287,-0.9961
2288,-0.9776
2289,-0.1364
2290,0.4668
2291,-0.622
2292,-0.6694
2293,1.024
2294,-0.143
2295,-0.1714
2296,0.8658
2297,-0.4253
2298,2.008
2299,-0.6488
2300,0.216
2301,0.62
2302,-0.08257
2303,0.5301
2304,-0.4633
2305,0.467
2306,-0.5096
2307,0.0486
2308,0.04335
2309,0.3204
2310,0.7258
2311,0.4183
2312,1.079
2313,0.2863
2314,0.02419
2315,1.32
2316,-0.2135
2317,0.6578
2318,0.1076
2319,-1.199
2320,0.6534
2321,1.399
2322,-0.3329
2323,0.2987
2324,0.4918
2325,0.3058
2326,0.6244
2327,0.1238
2328,-0.6949
2329,1.32
2330,-0.8001
2331,1.215
2332,0.4905
2333,-0.4917
2334,0.5314
2335,-0.08977
2336,0.178
2337,-1.798
2338,1.252
2339,0.6543
2340,0.2785
2341,0.9526
2342,0.5133
2343,-0.2532
2344,1.584
2345,2.218
2346,-0.7899
2347,3.047
2348,0.015
2349,0.7647
2350,2.213
2351,1.113
2352,0.01503
2353,0.1345
2354,1.85
2355,0.7162
2356,-1.324
2357,1.369
2358,-0.4096
2359,0.9379
2360,-0.1971
2361,0.4216
2362,0.7057
2363,-0.04326
2364,0.8773
2365,-0.8616
2366,1.119
2367,-0.1074
2368,0.5388
2369,0.7647
2370,0.564
2371,0.4094
2372,-0.5505
2373,1.335
2374,-0.06387
2375,1.572
2376,1.194
2377,0.7882
2378,-0.9319
2379,1.12
2380,-0.7572
2381,1.893
2382,-0.04998
2383,0.8494
2384,0.3619
2385,-0.5382
2386,0.2799
2387,-0.1297
2388,0.825
2389,-0.6625
2390,0.4288
2391,0.2568
2392,-1.033
2393,-0.06869
2394,0.9071
2395,-0.4955
2396,0.5779
2397,-0.05545
2398,-0.1292
2399,-0.1758
2400,-0.0562
2401,-0.459
2402,0.9874
2403,1.664
2404,-1.126
2405,0.1285
2406,1.166
2407,1.42
2408,-0.02486
2409,1.056
2410,1.975
2411,-0.8718
2412,0.3678
2413,0.9806
2414,-0.8092
2415,-0.1563
2416,0.8314
2417,0.2332
2418,1.024
2419,1.158
2420,0.6092
2421,0.3923
2422,1.676
2423,0.214
2424,0.7018
2425,0.2701
2426,-1.821
2427,0.1647
2428,1.459
2429,0.5742
2430,0.9092
2431,0.4907
2432,-0.4718
2433,1.973
2434,-0.04601
2435,1.224
2436,0.1796
2437,-1.467
2438,0.2219
2439,-0.7048
2440,0.4965
2441,-0.1685
2442,0.839
2443,0.5217
2444,-0.3128
2445,-1.386
2446,1.465
2447,1.086
2448,-0.4252
2449,1.071
2450,-1.652
2451,1.843
2452,-0.4023
2453,0.49
2454,1.379
2455,0.135
2456,0.335
2457,1.338
2458,0.3621
2459,0.6178
2460,0.6329
2461,-0.9121
2462,0.008111
2463,0.4706
2464,0.5525
2465,0.3257
2466,0.7143
2467,-0.3267
2468,0.9297
2469,1.034
2470,-0.5246
2471,1.934
2472,0.1729
2473,0.355
2474,0.3875
2475,0.3741
2476,0.09831
2477,1.577
2478,2.268
2479,0.5151
2480,-0.5471
2481,1.847
2482,1.329
2483,1.078
2484,-0.2484
2485,1.039
2486,-0.6824
2487,-0.3909
2488,0.8459
2489,0.5688
2490,-0.0917
2491,0.9271
2492,2.18
2493,0.5352
2494,0.3878
2495,0.2251
2496,0.8717
2497,2.125
2498,-0.38
2499,2.013
2500,0.1319
2501,-0.1789
2502,1.073
2503,-0.2026
2504,0.2845
2505,1.206
2506,1.823
2507,-0.9
2508,0.6077
2509,-0.2286
2510,0.2193
2511,-0.7653
2512,0.88
2513,1.208
2514,0.4092
2515,-0.9019
2516,-0.4945
2517,0.4115
2518,1.064
2519,1.349
2520,0.8565
2521,0.332
2522,0.6233
2523,0.7056
2524,-1.223
2525,0.8385
2526,0.405
2527,0.8976
2528,0.31
2529,0.5552
2530,-0.8328
2531,1.044
2532,-0.6187
2533,-0.7832
2534,2.429
2535,1.36
2536,1.654
2537,-0.5223
2538,0.1618
2539,0.3934
2540,0.6795
2541,-0.2029
2542,-1.194
2543,0.3116
2544,0.2648
2545,0.2238
2546,0.3547
2547,0.5929
2548,-0.1998
2549,-0.9566
2550,0.05475
2551,0.2868
2552,0.6805
2553,1.024
2554,0.5311
2555,1.158
2556,-0.02053
2557,-0.5743
2558,-0.2692
2559,0.5006
2560,0.7223
2561,0.05427
2562,0.07194
2563,-0.7247
2564,1.038
2565,0.1117
2566,-0.1996
2567,-0.7077
2568,0.6017
2569,1.367
2570,-0.4853
2571,1.265
2572,0.2951
2573,1.626
2574,0.9766
2575,-0.3179
2576,0.7775
2577,1.347
2578,1.032
2579,0.6009
2580,0.1388
2581,-0.05289
2582,0.8584
2583,0.1719
2584,0.1525
2585,0.6557
2586,-0.05811
2587,-0.7796
2588,1.416
2589,0.3455
2590,1.606
2591,0.6059
2592,-0.002045
2593,-1.014
2594,0.3345
2595,0.4052
2596,0.5658
2597,1.732
2598,-0.3308
2599,1.65
2600,0.08088
2601,-0.4348
2602,1.031
2603,1.516
2604,0.1805
2605,1.979
2606,2.111
2607,-0.4253
2608,0.03351
2609,0.6415
2610,0.2324
2611,0.1647
2612,-0.08376
2613,0.6726
2614,-0.2181
2615,2.284
2616,2.516
2617,-0.8049
2618,0.5044
2619,0.643
2620,0.03564
2621,1.047
2622,0.3825
2623,0.8412
2624,-1.47
2625,0.7798
2626,-0.1314
2627,-0.5534
2628,2.296
2629,0.4479
2630,1.049
2631,0.8471
2632,0.1446
2633,1.933
2634,0.7427
2635,0.1343
2636,-0.6578
2637,-1.209
2638,0.4809
2639,-0.4149
2640,1.582
2641,1.912
2642,0.7525
2643,1.247
2644,-0.05419
2645,1.104
2646,0.7115
2647,-0.2248
2648,-0.07402
2649,1.035
2650,0.92
2651,0.4032
2652,0.2203
2653,1.385
2654,-0.07191
2655,1.473
2656,-0.2107
2657,0.6966
2658,0.05343
2659,-1.089
2660,-0.3822
2661,-0.498
2662,0.9969
2663,1.537
2664,0.4075
2665,0.6737
2666,-0.7787
2667,0.3757
2668,-0.7099
2669,0.158
2670,-0.212
2671,0.8126
2672,1.092
2673,0.9747
2674,0.925
2675,0.8097
2676,0.2952
2677,0.9747
2678,1.969
2679,-0.9074
2680,0.479
2681,-0.6048
2682,1.093
2683,0.2117
2684,0.3774
2685,-1.147
2686,0.4505
2687,1.452
2688,0.5731
2689,1.675
2690,0.3187
2691,-0.3608
2692,-0.3505
2693,1.231
2694,0.8628
2695,0.8208
2696,-0.02466
2697,0.8396
2698,0.6175
2699,0.9735
2700,0.8329
2701,-0.8754
2702,0.7993
2703,-1.143
2704,0.7112
2705,1.317
2706,0.5376
2707,0.2747
2708,0.7124
2709,-0.386
2710,0.6922
2711,0.6747
2712,0.9158
2713,1.795
2714,1.548
2715,0.9222
2716,0.1827
2717,-0.5952
2718,0.06543
2719,-0.03642
2720,0.1279
2721,-0.5123
2722,0.1319
2723,-0.2484
2724,-0.4619
2725,-0.3752
2726,-0.5117
2727,0.3472
2728,-0.1877
2729,0.6345
2730,0.0772
2731,0.2555
2732,-0.1902
2733,1.551
2734,1.37
2735,-0.01461
2736,-0.6442
2737,1.595
2738,-1.219
2739,0.8916
2740,0.3629
2741,1.581
2742,-0.008333
2743,0.0002004
2744,0.5499
2745,0.2339
2746,-1.564
2747,0.8125
2748,0.7891
2749,-0.8828
2750,1.173
2751,0.5876
2752,0.7317
2753,1.509
2754,0.9622
2755,0.1878
2756,0.1728
2757,0.01077
2758,-0.1106
2759,-0.4717
2760,0.3925
2761,0.34
2762,0.2883
2763,0.6434
2764,0.8824
2765,-0.6755
2766,0.7838
2767,1.033
2768,0.5758
2769,0.3213
2770,-0.03249
2771,0.7644
2772,0.7103
2773,0.7539
2774,1.047
2775,-0.9886
2776,-2.648
2777,0.4767
2778,-1.668
2779,-0.1781
2780,1.49
2781,-0.4005
2782,-0.2104
2783,-1.256
2784,-0.3999
2785,-0.8616
2786,0.495
2787,-0.6083
2788,0.778
2789,0.9477
2790,-0.6081
2791,0.4563
2792,0.1752
2793,-1.488
2794,0.6487
2795,0.8598
2796,1.37
2797,-0.3143
2798,-0.09385
2799,-1.318
2800,-0.5943
2801,1.629
2802,1.275
2803,0.04548
2804,-0.007163
2805,0.6588
2806,0.02855
2807,0.1949
2808,1.235
2809,-0.1377
2810,1.336
2811,-0.2688
2812,-0.368
2813,1.742
2814,-0.1367
2815,0.7989
2816,0.003739
2817,1.009
2818,-0.2285
2819,-0.6476
2820,-1.722
2821,-0.5695
2822,-0.1947
2823,0.5936
2824,-1.039
2825,0.3465
2826,0.1539
2827,0.7982
2828,0.3193
2829,-0.4433
2830,0.7655
2831,-0.1276
2832,0.3336
2833,0.7539
2834,2.454
2835,0.8521
2836,0.02042
2837,0.3415
2838,0.1726
2839,1.473
2840,-0.2714
2841,-0.7562
2842,0.5058
2843,1.105
2844,0.7884
2845,-0.8985
2846,0.7838
2847,0.3764
2848,-0.907
2849,0.1223
2850,-0.3692
2851,0.6532
2852,0.2073
2853,0.6493
2854,0.1501
2855,-1.478
2856,0.3769
2857,0.434
2858,1.577
2859,2.448
2860,0.4992
2861,0.7979
2862,0.6128
2863,-0.1409
2864,0.3285
2865,1.28
2866,0.9796
2867,1.296
2868,0.3639
2869,0.4653
2870,0.7291
2871,0.9105
2872,0.3249
2873,0.4586
2874,1.773
2875,-0.9172
2876,1.028
2877,-1.72
2878,-0.03706
2879,-0.8891
2880,-1.411
2881,-0.01943
2882,1.912
2883,-0.3232
2884,1.809
2885,-1.936
2886,1.393
2887,-0.6238
2888,1.192
2889,-0.167
2890,1.085
2891,1.096
2892,-1.124
2893,0.125
2894,0.898
2895,0.7609
2896,1.278
2897,0.799
2898,0.765
2899,1.108
2900,0.7192
2901,0.3981
2902,0.4561
2903,1.045
2904,0.7351
2905,0.2629
2906,2.643
2907,0.003005
2908,0.3991
2909,-1.158
2910,1.538
2911,-0.1767
2912,0.08008
2913,0.2073
2914,0.05645
2915,-1.056
2916,0.8356
2917,0.3746
2918,0.6302
2919,0.3892
2920,1.779
2921,-0.4336
2922,0.715
2923,1.297
2924,0.2789
2925,-0.5704
2926,0.637
2927,0.2164
2928,0.02861
2929,0.6808
2930,0.9384
2931,-0.2301
2932,1.751
2933,1.251
2934,1.177
2935,-0.7819
2936,1.54
2937,-1.654
2938,0.8053
2939,1.099
2940,1.689
2941,0.4158
2942,0.3311
2943,1.489
2944,1.249
2945,2.12
2946,1.101
2947,0.7858
2948,-0.8146
2949,2.022
2950,-0.1119
2951,-0.3323
2952,-0.7855
2953,1.1
2954,2.082
2955,-0.3731
2956,2.284
2957,0.452
2958,-0.07207
2959,0.1997
2960,0.3064
2961,0.3956
2962,0.8252
2963,1.292
2964,0.6408
2965,-0.03247
2966,1.468
2967,0.02245
2968,1.922
2969,0.3999
2970,0.07002
2971,-0.22
2972,1.849
2973,1.34
2974,0.3526
2975,0.7235
2976,1.331
2977,1.362
2978,0.0928
2979,0.4148
2980,0.02603
2981,1.483
2982,1.402
2983,2.307
2984,0.8881
2985,-0.1042
2986,0.6
2987,0.5731
2988,1.371
2989,-0.8624
2990,1.487
2991,1.669
2992,2.205
2993,0.1108
2994,1.259
2995,-1.3
2996,1.203
2997,1.398
2998,0.8732
2999,-0.8458
3000,-0.5107
3001,-0.6121
3002,1.108
3003,0.2487
3004,0.2282
3005,-0.4809
3006,0.7054
3007,2.006
3008,-0.1533
3009,0.5482
3010,0.5241
3011,-0.6832
3012,0.7445
3013,1.915
3014,0.3091
3015,1.434
3016,-0.1492
3017,0.6038
3018,0.2248
3019,0.6688
3020,0.2244
3021,2.07
3022,-0.156
3023,0.4157
3024,1.309
3025,1.411
3026,0.7925
3027,-0.02345
3028,0.3629
3029,0.7257
3030,1.336
3031,1.53
3032,0.4825
3033,-1.15
3034,0.8868
3035,1.059
3036,1.304
3037,1.146
3038,0.9279
3039,0.253
3040,1.057
3041,0.648
3042,0.6613
3043,0.6595
3044,0.8558
3045,0.05342
3046,1.611
3047,0.09148
3048,-1.021
3049,-0.0002444
3050,0.9868
3051,2.304
3052,0.3202
3053,1.021
3054,1.024
3055,0.5968
3056,0.6224
3057,-0.4114
3058,0.5914
3059,0.8841
3060,-2.808
3061,-0.5127
3062,1.453
3063,0.6275
3064,-0.8537
3065,-0.3531
3066,0.1477
3067,-0.54
3068,-0.3683
3069,1.175
3070,1.183
3071,-0.06042
3072,0.3627
3073,0.5524
3074,-0.9913
3075,0.8808
3076,0.0917
3077,0.2887
3078,0.3132
3079,-0.3271
3080,0.464
3081,0.07509
3082,-0.09734
3083,1.027
3084,1.058
3085,-1.625
3086,1.281
3087,0.8944
3088,3.284
3089,2.076
3090,-0.174
3091,1.107
3092,0.4054
3093,0.3006
3094,0.2318
3095,1.045
3096,-0.4661
3097,-0.05355
3098,0.2856
3099,1.267
3100,-0.04896
3101,0.6784
3102,-0.2023
3103,-0.6258
3104,-0.3768
3105,2.308
3106,-1.217
3107,0.3602
3108,2.277
3109,0.7838
3110,0.7519
3111,2.212
3112,0.0959
3113,0.7313
3114,0.928
3115,0.1611
3116,0.7554
3117,0.274
3118,-0.1876
3119,-0.4705
3120,1.784
3121,0.5233
3122,-0.2113
3123,1.277
3124,-0.466
3125,0.1987
3126,1.043
3127,0.02179
3128,0.4248
3129,0.004259
3130,0.3769
3131,1.819
3132,1.339
3133,1.201
3134,0.4475
3135,-0.3954
3136,0.5566
3137,-0.8563
3138,1.507
3139,0.8426
3140,1.316
3141,0.4418
3142,1.351
3143,-0.1901
3144,-0.769
3145,1.245
3146,0.5735
3147,1.504
3148,0.3997
3149,1.045
3150,-0.2081
3151,-0.9563
3152,-0.3433
3153,1.718
3154,-0.1048
3155,-0.04745
3156,-0.01155
3157,-0.4196
3158,0.1576
3159,0.6316
3160,-0.4771
3161,0.1616
3162,1.118
3163,0.4806
3164,-1.143
3165,0.2589
3166,-0.7933
3167,0.1934
3168,-0.6216
3169,0.5017
3170,0.8525
3171,0.258
3172,-1.03
3173,2.015
3174,-0.8854
3175,-0.2908
3176,-0.8633
3177,-0.6534
3178,0.5681
3179,0.2786
3180,-1.692
3181,1.459
3182,3.014
3183,-0.02724
3184,0.5454
3185,2.301
3186,1.547
3187,2.087
3188,0.5416
3189,0.7089
3190,1.287
3191,0.2893
3192,-0.1039
3193,1.272
3194,1.366
3195,3.623
3196,1.434
3197,0.8359
3198,-1.604
3199,-0.07727
3200,1.759
3201,2.363
3202,0.9343
3203,-0.3281
3204,0.2691
3205,0.3938
3206,-1.036
3207,1.012
3208,0.5034
3209,-1.476
3210,0.682
3211,2.167
3212,0.3445
3213,1.771
3214,0.5189
3215,0.482
3216,1.048
3217,-0.1154
3218,0.8393
3219,0.8563
3220,1.405
3221,0.6594
3222,-1.9
3223,-1.354
3224,-0.4732
3225,-0.8872
3226,1.222
3227,1.761
3228,0.2983
3229,-0.5055
3230,1.501
3231,0.3672
3232,0.6276
3233,0.5162
3234,-0.8756
3235,-0.443
3236,-0.5465
3237,-0.196
3238,0.9252
3239,0.2246
3240,-1.641
3241,0.8989
3242,1.47
3243,1.107
3244,0.9293
3245,-0.1453
3246,-0.05508
3247,0.4778
3248,0.3855
3249,0.6516
3250,1.328
3251,0.4709
3252,-0.3713
3253,0.3569
3254,1.285
3255,-0.5854
3256,1.347
3257,-0.9935
3258,-0.2809
3259,0.9814
3260,0.334
3261,1.018
3262,-0.862
3263,1.127
3264,-0.5171
3265,0.5921
3266,1.111
3267,-0.6489
3268,0.5941
3269,0.4783
3270,0.7626
3271,1.228
3272,1.623
3273,2.696
3274,-0.0558
3275,1.278
3276,0.7872
3277,-1.714
3278,1.47
3279,2.474
3280,-0.8563
3281,-0.2191
3282,-0.1829
3283,0.1058
3284,-0.3789
3285,-0.1892
3286,0.9981
3287,1.906
3288,-0.5191
3289,0.688
3290,0.03354
3291,1.381
3292,1.768
3293,1.453
3294,0.9965
3295,0.7856
3296,2.143
3297,0.03244
3298,0.86
3299,0.2455
3300,1.428
3301,-0.5039
3302,1.171
3303,-0.7129
3304,1.248
3305,-1.067
3306,1.253
3307,-0.7835
3308,-0.04866
3309,1.835
3310,0.5692
3311,0.6052
3312,-0.07453
3313,0.1094
3314,-0.7328
3315,1.327
3316,0.4438
3317,1.05
3318,0.2717
3319,0.2923
3320,1.441
3321,0.8097
3322,0.5741
3323,0.7938
3324,0.6549
3325,-0.7321
3326,0.9054
3327,-1.113
3328,0.3296
3329,0.8347
3330,1.307
3331,0.6892
3332,0.08443
3333,-0.04107
3334,1.491
3335,1.059
3336,-0.5177
3337,-0.8415
3338,0.3825
3339,-0.0285
3340,0.6706
3341,2.316
3342,1.317
3343,-0.4587
3344,0.1336
3345,0.2108
3346,-0.4447
3347,0.2226
3348,0.3987
3349,1.41
3350,0.06141
3351,1.165
3352,0.6639
3353,0.6768
3354,-0.134
3355,1.439
3356,-0.02404
3357,-0.09343
3358,0.08771
3359,0.3672
3360,0.4994
3361,-0.6207
3362,-0.1888
3363,-0.6236
3364,1.063
3365,1.001
3366,2.266
3367,1.601
3368,1.601
3369,2.927
3370,0.05718
3371,-0.7863
3372,1.016
3373,1.141
3374,0.1346
3375,1.216
3376,-0.3375
3377,1.02
3378,-0.0872
3379,-0.424
3380,-0.3328
3381,-0.7938
3382,1.849
3383,0.4311
3384,0.9035
3385,1.651
3386,1.123
3387,0.5408
3388,0.9098
3389,-0.1334
3390,1.946
3391,0.0984
3392,-0.03427
3393,-0.2421
3394,0.1379
3395,-0.1417
3396,1.142
3397,0.9064
3398,1.205
3399,2.251
3400,-0.102
3401,0.4483
3402,1.452
3403,1.351
3404,0.04209
3405,-0.9628
3406,-0.8959
3407,-0.0952
3408,-0.3098
3409,0.9378
3410,-0.4452
3411,0.6613
3412,0.5779
3413,0.1723
3414,0.2081
3415,2.073
3416,1.884
3417,0.7184
3418,0.1184
3419,1.568
3420,-0.3567
3421,0.2776
3422,1.154
3423,-0.4628
3424,-0.1293
3425,1.401
3426,1.212
3427,0.208
3428,-0.8008
3429,-2.192
3430,-0.09273
3431,1.563
3432,0.02327
3433,1.02
3434,0.9202
3435,1.083
3436,0.9671
3437,-0.3467
3438,0.6807
3439,-0.06579
3440,-0.09632
3441,0.6832
3442,0.1078
3443,-1.263
3444,2.256
3445,-0.221
3446,-0.2187
3447,1.435
3448,-1.555
3449,-0.4382
3450,1.617
3451,0.1885
3452,-0.9178
3453,0.3488
3454,-0.345
3455,1.606
3456,-1.134
3457,0.2381
3458,-1.208
3459,0.6779
3460,-0.6601
3461,1.126
3462,0.4943
3463,1.903
3464,-0.9752
3465,1.871
3466,1.645
3467,-2.531
3468,-0.1281
3469,1.691
3470,0.5005
3471,-1.106
3472,-0.7251
3473,0.1454
3474,0.6846
3475,0.3
3476,-0.1092
3477,1.11
3478,2.228
3479,-0.2736
3480,-0.7602
3481,0.4517
3482,0.2388
3483,-0.5939
3484,0.1921
3485,0.2217
3486,0.8711
3487,1.394
3488,0.3097
3489,0.9628
3490,1.473
3491,0.151
3492,-1.108
3493,-0.2635
3494,-0.4484
3495,0.588
3496,0.3262
3497,0.9911
3498,0.8994
3499,-0.941
3500,0.6573
3501,-0.3687
3502,-0.1952
3503,-0.1616
3504,0.5167
3505,0.4492
3506,-0.6083
3507,-0.1498
3508,-0.6151
3509,-1.258
3510,0.112
3511,0.262
3512,0.9653
3513,1.219
3514,0.7597
3515,0.07264
3516,2.292
3517,1.343
3518,0.4296
3519,1.702
3520,-0.5563
3521,-0.2504
3522,1.301
3523,1.346
3524,0.3284
3525,-0.3342
3526,2.455
3527,1.358
3528,2.952
3529,0.3788
3530,0.3853
3531,0.3914
3532,-1.656
3533,1.721
3534,1.134
3535,0.578
3536,0.001416
3537,1.021
3538,-1.171
3539,1.593
3540,-0.2326
3541,2.268
3542,-0.3463
3543,2.251
3544,-0.692
3545,1.685
3546,1.701
3547,-0.7505
3548,0.6536
3549,0.06222
3550,0.7741
3551,1.278
3552,-0.1638
3553,0.2075
3554,0.7793
3555,0.02756
3556,1.176
3557,2.209
3558,-0.953
3559,0.6186
3560,0.845
3561,0.292
3562,2.063
3563,0.5693
3564,1.064
3565,0.6926
3566,0.8811
3567,-0.1252
3568,2.212
3569,0.4249
3570,1.123
3571,0.869
3572,-0.8415
3573,-0.6784
3574,-0.000987
3575,0.7628
3576,0.3579
3577,0.6224
3578,2.981
3579,0.8186
3580,0.7211
3581,0.2537
3582,0.2333
3583,0.3403
3584,-0.6247
3585,-0.467
3586,-0.3463
3587,-0.1328
3588,-0.04252
3589,0.1759
3590,0.7181
3591,1.728
3592,0.1542
3593,1.353
3594,-0.03707
3595,0.826
3596,0.4053
3597,-0.8966
3598,0.7964
3599,-1.654
3600,0.2903
3601,-0.5444
3602,0.7146
3603,-0.07901
3604,1.205
3605,0.6651
3606,-0.02464
3607,-0.2213
3608,0.5881
3609,-0.2812
3610,-0.1308
3611,-0.3004
3612,1.32
3613,0.9905
3614,1.431
3615,0.2398
3616,0.648
3617,-0.02555
3618,0.7123
3619,-0.3719
3620,0.5692
3621,1.774
3622,1.353
3623,-0.5888
3624,1.713
3625,-0.613
3626,-0.4532
3627,0.4026
3628,0.1113
3629,1.581
3630,1.749
3631,-0.5675
3632,0.5525
3633,0.1287
3634,-0.1285
3635,0.5188
3636,-1.728
3637,1.19
3638,0.8148
3639,2.264
3640,0.9048
3641,-0.4373
3642,-0.07534
3643,2.725
3644,1.146
3645,0.7676
3646,0.7589
3647,1.269
3648,0.09368
3649,0.7711
3650,0.3022
3651,0.6291
3652,0.6297
3653,-0.3999
3654,0.7456
3655,0.05478
3656,-0.2399
3657,0.007501
3658,-1.418
3659,-1.148
3660,0.3974
3661,1.218
3662,0.1086
3663,0.8083
3664,-0.07832
3665,0.3745
3666,-0.09429
3667,-0.4128
3668,-0.2542
3669,0.4139
3670,2.219
3671,-1.373
3672,1.082
3673,0.3762
3674,1.167
3675,0.7423
3676,1.589
3677,-1.183
3678,-0.1733
3679,0.6689
3680,0.3411
3681,0.3712
3682,-0.04598
3683,1.377
3684,-0.2844
3685,0.3541
3686,-0.07586
3687,-0.2902
3688,-0.4855
3689,0.3822
3690,-0.1153
3691,0.7227
3692,-0.2583
3693,1.34
3694,-0.3195
3695,0.2133
3696,1.041
3697,-0.8707
3698,-0.9646
3699,0.06049
3700,0.1022
3701,0.4878
3702,-0.8234
3703,0.6212
3704,0.7464
3705,2.158
3706,1.193
3707,1.284
3708,1.612
3709,0.1541
3710,1.418
3711,0.2189
3712,-1.056
3713,-0.5958
3714,0.3291
3715,-0.6493
3716,1.496
3717,-0.06472
3718,-0.1886
3719,0.06931
3720,-0.4081
3721,0.463
3722,-0.7907
3723,-1.067
3724,0.2466
3725,0.01844
3726,-0.6112
3727,0.6033
3728,-0.6514
3729,0.1643
3730,-0.2705
3731,1.829
3732,0.4405
3733,0.5772
3734,1.432
3735,1.911
3736,1.424
3737,1.06
3738,1.518
3739,-0.1672
3740,1.096
3741,0.8063
3742,1.276
3743,1.063
3744,0.237
3745,1.128
3746,0.4773
3747,0.7219
3748,0.2082
3749,0.1649
3750,0.6456
3751,-0.09717
3752,-0.4533
3753,1.738
3754,-0.4618
3755,0.1895
3756,-0.2273
3757,1.599
3758,0.6591
3759,0.4115
3760,1.566
3761,-1.043
3762,0.1911
3763,-0.8318
3764,0.6983
3765,-1.931
3766,-0.3469
3767,-0.4594
3768,0.5944
3769,-0.8435
3770,-0.2529
3771,-0.2892
3772,0.7441
3773,-0.8843
3774,0.6595
3775,1.259
3776,-0.3086
3777,-0.7823
3778,1.073
3779,-0.6156
3780,-0.06403
3781,0.8508
3782,0.6535
3783,-0.2748
3784,0.7811
3785,-0.1071
3786,-0.9574
3787,1.229
3788,1.844
3789,-0.5069
3790,-0.7042
3791,-1.124
3792,0.4061
3793,0.866
3794,0.7475
3795,0.1163
3796,-0.3628
3797,-0.8568
3798,1.335
3799,1.473
3800,0.01673
3801,-0.1401
3802,0.8722
3803,-0.4274
3804,0.9834
3805,1.317
3806,0.2027
3807,-0.7395
3808,0.3284
3809,0.3273
3810,0.2892
3811,0.3882
3812,-1.033
3813,0.9234
3814,-0.2455
3815,1.793
3816,-0.2272
3817,1.512
3818,2.061
3819,-0.08566
3820,-0.6437
3821,0.4754
3822,1.526
3823,0.08489
3824,0.7616
3825,0.182
3826,0.9418
3827,-0.06454
3828,-0.4653
3829,0.3968
3830,-0.8605
3831,0.3136
3832,-0.3638
3833,0.589
3834,1.471
3835,1.56
3836,0.5674
3837,-0.1294
3838,1.327
3839,0.5205
3840,0.9756
3841,-0.5431
3842,0.9832
3843,1.248
3844,-0.9116
3845,0.2141
3846,0.7148
3847,1.235
3848,-0.9215
3849,0.5153
3850,1.05
3851,0.3288
3852,-0.5514
3853,1.669
3854,1.648
3855,0.8609
3856,-0.8137
3857,1.019
3858,1.088
3859,1.803
3860,0.1522
3861,0.262
3862,0.1177
3863,0.9803
3864,-0.02694
3865,0.9002
3866,-0.372
3867,0.2887
3868,-1.068
3869,-0.4472
3870,0.838
3871,0.8516
3872,0.8791
3873,-0.439
3874,-1.579
3875,-1.286
3876,-0.03143
3877,0.8263
3878,1.548
3879,0.4844
3880,-0.199
3881,1.344
3882,0.1913
3883,0.1697
3884,-0.1607
3885,-0.3426
3886,-1
3887,0.8078
3888,0.8032
3889,0.3643
3890,-0.8158
3891,0.9351
3892,1.086
3893,0.07783
3894,0.3041
3895,0.9833
3896,-0.9783
3897,1.658
3898,-0.2302
3899,0.478
3900,-0.4649
3901,-0.07662
3902,-0.4468
3903,-0.5957
3904,-0.3656
3905,-0.1325
3906,1.36
3907,-0.1654
3908,0.6093
3909,-0.005252
3910,-0.3007
3911,1.135
3912,0.1855
3913,1.346
3914,1.254
3915,-0.4929
3916,1.236
3917,0.3742
3918,0.2086
3919,1.403
3920,0.1388
3921,-0.5345
3922,-0.9573
3923,0.1645
3924,1.177
3925,0.4067
3926,0.3288
3927,1.646
3928,0.3503
3929,1.139
3930,0.7855
3931,1.038
3932,-1.298
3933,0.4942
3934,-0.2459
3935,-1.633
3936,-0.05945
3937,0.6504
3938,0.08313
3939,-0.7834
3940,1.348
3941,0.7693
3942,0.9228
3943,0.9545
3944,0.6499
3945,1.544
3946,0.5052
3947,0.5856
3948,-0.008432
3949,1.662
3950,1.648
3951,-0.4089
3952,0.5047
3953,0.4182
3954,0.7626
3955,2.03
3956,0.4127
3957,0.4087
3958,1.348
3959,0.9915
3960,0.8987
3961,1.307
3962,1.195
3963,0.5397
3964,-0.4148
3965,-0.3358
3966,-0.07327
3967,0.1849
3968,-0.6956
3969,-1.88
3970,-1.152
3971,-0.3898
3972,0.9834
3973,1.833
3974,0.2126
3975,-1.719
3976,0.7826
3977,-0.2771
3978,0.2642
3979,1.002
3980,0.3195
3981,-0.8494
3982,0.2218
3983,0.4231
3984,1.339
3985,0.3871
3986,1.644
3987,0.1129
3988,1.098
3989,1.314
3990,0.02623
3991,0.6572
3992,0.03584
3993,0.3569
3994,0.3018
3995,-0.3483
3996,-0.1604
3997,1.061
3998,0.7202
3999,0.392
4000,-0.8243
4001,-0.5376
4002,-0.3968
4003,1.186
4004,0.2171
4005,-0.2101
4006,-1.234
4007,0.3041
4008,-0.338
4009,0.3612
4010,-1.143
4011,0.7252
4012,-1.25
4013,0.7209
4014,0.9781
4015,0.1057
4016,1.601
4017,1.629
4018,0.1008
4019,-0.7176
4020,-0.3153
4021,-0.2115
4022,-1.049
4023,0.7103
4024,0.462
4025,-0.1199
4026,-2.004
4027,-0.1769
4028,-0.5371
4029,0.9255
4030,-0.06649
4031,-1.37
4032,-0.4829
4033,1.525
4034,-0.5788
4035,3.175
4036,-0.5253
4037,2.409
4038,-0.06576
4039,0.2242
4040,-0.5585
4041,-1.323
4042,-0.05067
4043,1.809
4044,1.453
4045,1.389
4046,0.9934
4047,1.045
4048,-0.4295
4049,-0.05115
4050,-0.11
4051,-0.07671
4052,0.8501
4053,0.4307
4054,0.5131
4055,2.047
4056,2.027
4057,-0.1533
4058,0.4939
4059,-2.218
4060,1.168
4061,1.434
4062,-0.3249
4063,0.8253
4064,0.3848
4065,-0.6175
4066,0.3904
4067,0.6331
4068,1.034
4069,1.336
4070,0.7787
4071,-1.144
4072,0.5537
4073,0.2196
4074,1.125
4075,0.3594
4076,-0.8282
4077,-0.7861
4078,0.1966
4079,0.1934
4080,1.28
4081,-0.6445
4082,0.4522
4083,-0.4244
4084,-0.5084
4085,-0.6133
4086,0.8815
4087,1.891
4088,-0.1428
4089,1.358
4090,0.3374
4091,1.122
4092,-0.908
4093,0.3846
4094,-1.162
4095,-0.9426
4096,0.4594
4097,-0.4814
4098,1.928
4099,0.7125
4100,0.4252
4101,0.7377
4102,0.6322
4103,-1.316
4104,0.6442
4105,0.7822
4106,1.877
4107,-0.4412
4108,1.057
4109,1.422
4110,0.819
4111,-0.1328
4112,0.0845
4113,1.75
4114,-1.975
4115,0.5306
4116,-0.4708
4117,0.2525
4118,0.2288
4119,-0.9384
4120,-1.734
4121,1.98
4122,-0.8832
4123,0.1573
4124,0.777
4125,0.7907
4126,0.3002
4127,-0.25
4128,0.6317
4129,0.6861
4130,0.4466
4131,0.6728
4132,-0.9022
4133,1.437
4134,2.408
4135,1.528
4136,1.24
4137,0.9789
4138,1.156
4139,0.8551
4140,2.081
4141,-0.6568
4142,1.892
4143,0.5454
4144,1.737
4145,1.181
4146,0.8592
4147,0.9103
4148,0.02505
4149,0.6739
4150,0.08122
4151,0.9115
4152,-1.133
4153,-0.7921
4154,-1.064
4155,0.2466
4156,0.2635
4157,0.9694
4158,-0.3017
4159,0.2897
4160,1.571
4161,0.2381
4162,-0.02163
4163,-1.276
4164,1.099
4165,0.4554
4166,-0.343
4167,1.044
4168,1.092
4169,0.597
4170,0.3573
4171,0.9333
4172,0.2434
4173,0.4359
4174,0.2667
4175,0.8315
4176,0.2924
4177,0.1258
4178,-0.8068
4179,-0.05252
4180,0.05837
4181,0.2975
4182,-0.1244
4183,1.807
4184,0.9592
4185,0.5586
4186,0.4366
4187,0.9204
4188,1.238
4189,1.181
4190,1.27
4191,0.8926
4192,1.069
4193,0.7619
4194,0.531
4195,1.557
4196,0.06947
4197,0.1165
4198,0.4702
4199,-0.745
4200,0.05868
4201,0.3497
4202,1.171
4203,0.6482
4204,-0.8122
4205,0.4495
4206,0.1142
4207,1.401
4208,1.456
4209,-1.709
4210,0.699
4211,1.44
4212,0.707
4213,0.8137
4214,1.004
4215,1.573
4216,0.9297
4217,0.2507
4218,-0.4917
4219,-1.619
4220,0.2211
4221,2.3
4222,-0.2215
4223,1.695
4224,-0.9783
4225,0.001611
4226,1.373
4227,0.8699
4228,0.5342
4229,-0.6437
4230,-0.2052
4231,0.642
4232,-1.863
4233,1.168
4234,0.8723
4235,0.1194
4236,-0.1288
4237,-0.1232
4238,0.9746
4239,1.36
4240,1.009
4241,0.8353
4242,-0.1565
4243,-1.455
4244,0.7612
4245,0.02747
4246,1.006
4247,0.5565
4248,1.197
4249,0.7528
4250,-1.025
4251,1.738
4252,1.81
4253,0.02937
4254,-0.5076
4255,0.6709
4256,0.6794
4257,0.8717
4258,0.6361
4259,2.467
4260,1.355
4261,0.04085
4262,-0.1426
4263,1.366
4264,1.327
4265,0.4353
4266,-0.2977
4267,1.096
4268,0.147
4269,0.4538
4270,-0.1324
4271,1.603
4272,-0.1201
4273,0.2669
4274,1.422
4275,0.3779
4276,0.6598
4277,0.6968
4278,0.1649
4279,-1.283
4280,-1.62
4281,0.0619
4282,-1.402
4283,0.5692
4284,0.9314
4285,0.3062
4286,-0.2055
4287,0.8918
4288,-0.3282
4289,-0.6275
4290,0.2219
4291,-0.4144
4292,0.2331
4293,0.2833
4294,0.03027
4295,1.04
4296,-0.3665
4297,-0.6324
4298,0.4901
4299,0.495
4300,0.9154
4301,0.1721
4302,-0.1122
4303,1.559
4304,-0.06724
4305,-0.07527
4306,1.372
4307,-0.6235
4308,1.65
4309,0.5042
4310,-0.5657
4311,-0.06308
4312,0.6077
4313,0.2784
4314,-0.03741
4315,0.9128
4316,0.7672
4317,-0.1672
4318,-0.1862
4319,0.7241
4320,-1.027
4321,1.715
4322,-1.467
4323,1.617
4324,1.957
4325,1.008
4326,0.6181
4327,-0.3751
4328,0.9686
4329,1.424
4330,-0.6595
4331,0.3169
4332,-0.1532
4333,0.1555
4334,0.06858
4335,-0.374
4336,0.5445
4337,1.28
4338,0.4865
4339,-0.6118
4340,0.8249
4341,0.5223
4342,-0.7704
4343,-0.2579
4344,0.5958
4345,0.8434
4346,0.5961
4347,0.8949
4348,0.3399
4349,0.1372
4350,0.8546
4351,1.342
4352,1.235
4353,1.544
4354,-0.8695
4355,2.09
4356,1.402
4357,-0.5143
4358,-0.7248
4359,0.8917
4360,0.8569
4361,0.882
4362,-0.2939
4363,-0.9429
4364,2.085
4365,1.131
4366,-0.5513
4367,0.4691
4368,-0.6975
4369,-0.427
4370,0.2168
4371,0.2963
4372,-0.2399
4373,1.132
4374,0.4071
4375,0.3038
4376,0.1143
4377,0.5151
4378,0.2482
4379,0.1153
4380,0.3195
4381,-0.3841
4382,-0.9463
4383,-0.5614
4384,1.566
4385,0.1401
4386,1.07
4387,-0.7181
4388,1.062
4389,0.764
4390,1.628
4391,1.856
4392,-1.687
4393,1.754
4394,1.403
4395,0.06475
4396,-0.9662
4397,-0.435
4398,0.6168
4399,0.002127
4400,0.8848
4401,2.035
4402,0.6285
4403,0.5597
4404,-0.7544
4405,0.9106
4406,0.852
4407,1.439
4408,-0.1736
4409,1.105
4410,0.2581
4411,0.4623
4412,1.281
4413,1.331
4414,0.8843
4415,0.3735
4416,1.841
4417,0.2422
4418,0.3889
4419,0.1243
4420,0.4687
4421,0.1878
4422,2.221
4423,-0.1048
4424,2.066
4425,0.3611
4426,0.1194
4427,0.319
4428,0.1398
4429,-1.038
4430,0.9742
4431,0.9019
4432,1.712
4433,1.643
4434,0.423
4435,0.1779
4436,-0.8356
4437,0.5035
4438,-0.2131
4439,2.267
4440,0.9287
4441,0.3967
4442,1.198
4443,0.09672
4444,-0.6338
4445,0.6978
4446,0.9892
4447,1.044
4448,0.01201
4449,-0.2348
4450,0.6596
4451,0.9808
4452,2.094
4453,0.2612
4454,1.232
4455,-0.301
4456,-0.2354
4457,2.655
4458,2.218
4459,0.5591
4460,-0.2731
4461,1.145
4462,0.6226
4463,1.656
4464,-1.089
4465,-0.4397
4466,2.229
4467,1.945
4468,-0.2438
4469,0.1487
4470,-0.04486
4471,0.07663
4472,0.3233
4473,1.972
4474,0.756
4475,0.3268
4476,1.355
4477,0.8779
4478,-0.9207
4479,0.01804
4480,0.5041
4481,0.5485
4482,-2.05
4483,1.28
4484,1.02
4485,1.32
4486,1.205
4487,0.1976
4488,-0.7665
4489,0.1581
4490,-0.8601
4491,-0.5085
4492,0.7957
4493,-0.6651
4494,-1.832
4495,-0.8226
4496,1.642
4497,0.01829
4498,-0.6129
4499,-0.2837
4500,0.4978
4501,0.1534
4502,0.7468
4503,0.2671
4504,-0.9648
4505,0.2791
4506,-0.1742
4507,-0.5701
4508,1.05
4509,0.5521
4510,-0.5932
4511,0.9155
4512,0.2597
4513,0.2536
4514,-1.01
4515,0.4932
4516,-0.3141
4517,1.556
4518,1.298
4519,0.8574
4520,0.2315
4521,0.5972
4522,1.321
4523,0.422
4524,1.297
4525,-0.6837
4526,-0.1357
4527,-0.9419
4528,1.121
4529,1.137
4530,2.205
4531,1.117
4532,0.9812
4533,0.4122
4534,0.07169
4535,0.7129
4536,0.423
4537,1.305
4538,0.1496
4539,1.914
4540,0.5499
4541,0.3867
4542,0.3212
4543,1.565
4544,0.9652
4545,0.1139
4546,-0.0005297
4547,1.544
4548,0.9512
4549,1.966
4550,0.654
4551,1.343
4552,0.1782
4553,0.1672
4554,-0.2097
4555,0.6632
4556,0.4743
4557,0.235
4558,2.007
4559,1.286
4560,-0.2088
4561,2.029
4562,1.609
4563,0.1334
4564,-0.02332
4565,1.21
4566,0.08824
4567,0.2853
4568,0.2838
4569,-0.6681
4570,0.3484
4571,-0.327
4572,-1.594
4573,1.101
4574,-0.3236
4575,-1.201
4576,-0.043
4577,0.7711
4578,1.518
4579,0.5317
4580,0.4851
4581,0.4191
4582,-1.184
4583,-1.095
4584,0.6139
4585,1.543
4586,0.1059
4587,2.041
4588,0.05345
4589,-0.6177
4590,1.089
4591,0.2933
4592,1.248
4593,-0.3799
4594,0.4485
4595,-0.0281
4596,0.6466
4597,0.4768
4598,-1.114
4599,2.22
4600,1.161
4601,1.089
4602,1.335
4603,1.211
4604,2.296
4605,-0.6098
4606,-0.1788
4607,-0.2419
4608,0.8426
4609,0.9708
4610,0.7262
4611,0.6651
4612,2.14
4613,-0.3181
4614,1.276
4615,0.3206
4616,0.0325
4617,-0.5263
4618,-0.04016
4619,0.657
4620,-0.2931
4621,0.4598
4622,-0.7583
4623,-0.8057
4624,0.6769
4625,1.309
4626,1.172
4627,1.468
4628,0.3463
4629,1.99
4630,0.08614
4631,-0.7375
4632,1.241
4633,0.3728
4634,0.7373
4635,0.03218
4636,1.429
4637,1.182
4638,-0.1633
4639,-0.4757
4640,-0.29
4641,-0.8305
4642,0.3579
4643,-0.4844
4644,0.2561
4645,1.58
4646,0.9181
4647,-0.02342
4648,0.4971
4649,-0.458
4650,1.068
4651,-0.5805
4652,-0.297
4653,1.074
4654,0.3673
4655,-0.3967
4656,-1.257
4657,0.3974
4658,1.693
4659,0.208
4660,0.02336
4661,1.535
4662,-1.365
4663,0.1208
4664,-1.671
4665,-0.2277
4666,0.5608
4667,1.378
4668,-0.1669
4669,-0.6007
4670,-0.536
4671,1.788
4672,-0.03879
4673,0.9599
4674,1.578
4675,0.3623
4676,2.184
4677,1.406
4678,0.984
4679,0.6443
4680,0.3682
4681,-0.125
4682,-0.4367
4683,0.2087
4684,1.34
4685,-0.5937
4686,0.6434
4687,-0.7639
4688,-0.08404
4689,0.1953
4690,0.9899
4691,1.595
4692,0.1117
4693,-1.218
4694,-1.159
4695,0.0715
4696,-0.07412
4697,-0.4126
4698,0.855
4699,-0.2361
4700,0.4861
4701,0.6326
4702,-1.067
4703,1.045
4704,1.284
4705,0.06987
4706,-0.3313
4707,-0.0137
4708,0.4476
4709,0.6312
4710,0.3441
4711,1.05
4712,0.7114
4713,1.379
4714,-0.6142
4715,1.531
4716,-0.2993
4717,0.4049
4718,-0.3952
4719,-0.1369
4720,2.025
4721,-0.8554
4722,0.7799
4723,0.6899
4724,0.9831
4725,-1.406
4726,0.6845
4727,1.231
4728,0.7095
4729,0.09934
4730,1.737
4731,-1.035
4732,-0.5702
4733,-0.0524
4734,2.521
4735,0.516
4736,0.4647
4737,1.582
4738,0.03713
4739,0.05807
4740,-1.208
4741,1.458
4742,0.09383
4743,1.845
4744,1.06
4745,0.8554
4746,0.2811
4747,0.5354
4748,0.2859
4749,-0.1588
4750,1.67
4751,-0.4079
4752,-0.727
4753,1.118
4754,1.652
4755,-0.2086
4756,-1.331
4757,1.295
4758,1.099
4759,-0.8162
4760,0.8646
4761,1.188
4762,0.8438
4763,1.434
4764,0.843
4765,1.333
4766,-0.7951
4767,0.9062
4768,1.086
4769,-0.4175
4770,-0.0151
4771,-0.4249
4772,-0.954
4773,0.745
4774,-0.04471
4775,1.304
4776,-0.435
4777,0.5895
4778,-0.06706
4779,-0.5953
4780,1.509
4781,0.02667
4782,0.8207
4783,-0.1982
4784,0.5553
4785,0.8892
4786,1.641
4787,-0.3342
4788,0.1752
4789,-0.1296
4790,0.5542
4791,0.9762
4792,1.796
4793,1.037
4794,0.2752
4795,-0.005468
4796,0.09047
4797,0.3802
4798,-0.07374
4799,0.3324
4800,0.3106
4801,0.2826
4802,0.9313
4803,0.9413
4804,1.003
4805,0.3348
4806,0.5216
4807,1.164
4808,-0.3125
4809,0.535
4810,1.031
4811,-0.1218
4812,-0.7867
4813,-0.4701
4814,-0.537
4815,0.05773
4816,0.1872
4817,0.4959
4818,0.904
4819,0.4146
4820,1.272
4821,1.497
4822,0.8263
4823,1.592
4824,0.8759
4825,0.3261
4826,2.3
4827,0.3717
4828,1.245
4829,-0.7997
4830,1.932
4831,-0.324
4832,0.1436
4833,-0.6868
4834,1.711
4835,-0.1625
4836,1.719
4837,-1.282
4838,1.007
4839,-0.1493
4840,-0.1366
4841,-0.7489
4842,-1.215
4843,0.3868
4844,0.2428
4845,-1.086
4846,1.775
4847,0.7981
4848,-0.2025
4849,1.214
4850,-0.596
4851,-0.5965
4852,2.497
4853,0.3225
4854,1.006
4855,0.2895
4856,-0.855
4857,0.2028
4858,-0.6157
4859,0.3473
4860,1.09
4861,-1.62
4862,1.526
4863,2.562
4864,-0.7328
4865,0.3318
4866,0.1101
4867,-0.6314
4868,1.884
4869,0.4219
4870,-0.1458
4871,0.9667
4872,0.2453
4873,-0.534
4874,0.5408
4875,-0.1015
4876,-1.153
4877,-0.8039
4878,1.617
4879,-0.04601
4880,-1.238
4881,0.02587
4882,0.6526
4883,0.3648
4884,-0.519
4885,-0.2936
4886,-0.4145
4887,0.5138
4888,1.522
4889,1.967
4890,1.51
4891,0.8901
4892,1.484
4893,-0.4118
4894,-0.2604
4895,-0.09364
4896,-0.2229
4897,-1.047
4898,0.09637
4899,1.968
4900,0.8903
4901,-0.06742
4902,1.453
4903,0.2714
4904,-0.659
4905,-0.3805
4906,0.8202
4907,-0.2301
4908,0.485
4909,3.037
4910,0.8208
4911,0.471
4912,1.423
4913,0.4211
4914,1.215
4915,-3.021
4916,0.3485
4917,0.987
4918,0.534
4919,-0.02033
4920,0.1215
4921,-0.5843
4922,-0.06556
4923,0.4284
4924,-0.1668
4925,1.115
4926,1.765
4927,0.9498
4928,-0.2347
4929,-1.644
4930,1.233
4931,1.612
4932,-1.142
4933,1.073
4934,-0.2933
4935,-0.01745
4936,0.1468
4937,1.676
4938,-0.3042
4939,-0.183
4940,1.359
4941,0.1162
4942,-0.6503
4943,-1.184
4944,1.574
4945,0.403
4946,-0.8924
4947,0.6899
4948,0.2106
4949,1.949
4950,0.2664
4951,0.2701
4952,0.3093
4953,-1.148
4954,-0.2383
4955,1.27
4956,-0.6921
4957,0.5112
4958,0.6648
4959,2.449
4960,1.576
4961,-0.1441
4962,0.2169
4963,1.024
4964,0.6638
4965,-0.1972
4966,0.5734
4967,1.414
4968,0.008405
4969,-0.2872
4970,0.8843
4971,0.7349
4972,1.014
4973,0.5869
4974,1.003
4975,-0.1635
4976,0.3834
4977,1.45
4978,-0.2814
4979,-0.5887
4980,-0.4955
4981,0.8106
4982,1.656
4983,-1.206
4984,0.5676
4985,-0.2343
4986,0.04874
4987,1.928
4988,-0.2433
4989,0.2715
4990,-1.363
4991,0.09527
4992,1.553
4993,-0.7844
4994,1.497
4995,-0.5226
4996,0.7361
4997,-0.3229
4998,0.2886
4999,1.733
5000,-0.9438
5001,1.659
5002,0.5846
5003,0.01254
5004,2.117
5005,-0.1025
5006,-0.2912
5007,1.155
5008,-0.5381
5009,0.3443
5010,0.6316
5011,0.392
5012,-0.7392
5013,0.8512
5014,-0.7288
5015,1.017
5016,-1.225
5017,-0.3417
5018,-0.2449
5019,0.1527
5020,0.202
5021,1.096
5022,1.556
5023,0.3722
5024,0.3206
5025,0.6931
5026,0.5633
5027,-1.075
5028,1.023
5029,1.228
5030,1.823
5031,0.2125
5032,-0.2467
5033,-1.57
5034,1.077
5035,-0.855
5036,0.3171
5037,0.2348
5038,0.8653
5039,-0.02217
5040,1.408
5041,-0.1133
5042,1.085
5043,0.1712
5044,-1.683
5045,1.349
5046,0.6806
5047,-0.416
5048,-0.08297
5049,0.3038
5050,0.6622
5051,1.032
5052,-0.04303
5053,0.2944
5054,0.2528
5055,-0.2448
5056,0.7154
5057,0.1365
5058,-0.7516
5059,0.5384
5060,0.04689
5061,0.992
5062,0.5544
5063,0.6367
5064,-1.103
5065,-0.6216
5066,1.364
5067,0.8691
5068,-0.2308
5069,0.9065
5070,2.213
5071,0.9641
5072,0.1889
5073,0.7812
5074,-1.315
5075,-0.2435
5076,-0.8218
5077,1.767
5078,-0.1092
5079,-0.1413
5080,0.4073
5081,1.064
5082,3.017
5083,1.91
5084,0.5871
5085,-0.3087
5086,1.476
5087,0.5263
5088,0.1082
5089,0.9173
5090,0.8439
5091,0.2749
5092,-0.8807
5093,0.4275
5094,-0.4441
5095,-0.0214
5096,-0.8674
5097,1.333
5098,0.5386
5099,0.7018
5100,0.692
5101,-1.067
5102,1.765
5103,-0.6296
5104,1.427
5105,-0.2643
5106,0.933
5107,1.458
5108,0.2264
5109,0.966
5110,1.335
5111,2.86
5112,0.7042
5113,-0.9877
5114,-1.974
5115,0.9649
5116,1.35
5117,0.5366
5118,0.09264
5119,0.07012
5120,0.08219
5121,1.223
5122,0.4709
5123,0.1465
5124,1.32
5125,0.2675
5126,-0.5654
5127,-0.08361
5128,0.8037
5129,-0.2819
5130,0.2951
5131,0.406
5132,-0.1873
5133,0.2447
5134,0.6905
5135,0.7515
5136,0.8825
5137,-0.1472
5138,-0.2468
5139,1.03
5140,1.202
5141,0.7616
5142,1.775
5143,1.95
5144,-0.5843
5145,0.5246
5146,0.9634
5147,0.5431
5148,-0.2068
5149,1.244
5150,-0.2825
5151,0.9682
5152,-0.9863
5153,0.1513
5154,1.47
5155,0.8649
5156,1.178
5157,1.658
5158,1.192
5159,0.9968
5160,-0.7395
5161,-1.44
5162,-0.911
5163,-0.5608
5164,1.1
5165,1.077
5166,-0.4321
5167,0.7375
5168,1.74
5169,-1.131
5170,1.804
5171,-0.02907
5172,-0.6175
5173,-1.11
5174,-1.085
5175,0.2238
5176,1.332
5177,2.775
5178,0.1849
5179,-0.6677
5180,1.72
5181,1.846
5182,0.5156
5183,0.9877
5184,0.943
5185,0.09159
5186,-1.715
5187,2.251
5188,0.6973
5189,0.392
5190,0.2861
5191,2.632
5192,0.8409
5193,2.14
5194,2.592
5195,0.7274
5196,0.1429
5197,0.2483
5198,-1.682
5199,0.5896
5200,1.527
5201,0.897
5202,-0.6361
5203,-0.1653
5204,0.3766
5205,0.5607
5206,1.198
5207,0.4835
5208,0.2121
5209,0.6603
5210,0.2714
5211,0.1052
5212,-0.06624
5213,-0.1132
5214,1.021
5215,0.05932
5216,0.3303
5217,1.401
5218,2.199
5219,1.751
5220,0.768
5221,-0.6945
5222,-0.3664
5223,0.5455
5224,-0.3812
5225,1.722
5226,0.2054
5227,-0.07606
5228,1.046
5229,0.1059
5230,-0.2102
5231,0.6402
5232,0.6416
5233,0.2211
5234,-0.5869
5235,0.216
5236,1.237
5237,0.5431
5238,0.03616
5239,0.9056
5240,2.122
5241,0.4952
5242,1.326
5243,0.7792
5244,-0.6968
5245,-1.211
5246,0.6576
5247,0.004492
5248,-0.1089
5249,-0.3209
5250,-0.3741
5251,0.3573
5252,-0.4548
5253,1.999
5254,0.8318
5255,1.848
5256,0.4901
5257,0.6612
5258,0.8085
5259,-1.241
5260,0.3223
5261,-1.012
5262,0.04924
5263,1.425
5264,-0.1413
5265,0.8319
5266,-1.045
5267,-0.2764
5268,-0.2611
5269,1.622
5270,1.638
5271,0.192
5272,0.8159
5273,-0.6641
5274,1.613
5275,-0.1698
5276,-0.7716
5277,1.043
5278,0.07036
5279,1.56
5280,1.01
5281,-0.5214
5282,1.13
5283,0.2895
5284,-0.4018
5285,0.07242
5286,-0.8144
5287,0.4381
5288,1.018
5289,0.6493
5290,0.9544
5291,-0.1049
5292,0.8106
5293,0.06283
5294,1.421
5295,0.3936
5296,-0.3605
5297,0.6873
5298,0.4775
5299,-0.1775
5300,-0.8516
5301,-0.6298
5302,1.079
5303,0.9683
5304,0.6869
5305,1.272
5306,-0.2985
5307,0.6571
5308,0.2546
5309,0.2735
5310,0.8796
5311,-0.8675
5312,-0.4417
5313,1.112
5314,-0.1078
5315,1.316
5316,0.01354
5317,1.646
5318,0.9238
5319,0.9019
5320,-0.9132
5321,1.263
5322,-0.516
5323,-0.1991
5324,0.9579
5325,-0.1673
5326,1.229
5327,-0.9932
5328,0.07344
5329,-0.6844
5330,1.035
5331,-0.8684
5332,1.702
5333,0.4209
5334,0.8317
5335,0.07687
5336,2.256
5337,-0.1676
5338,0.6305
5339,0.8041
5340,-0.3975
5341,-0.9635
5342,0.8727
5343,0.7641
5344,0.4533
5345,0.6574
5346,-0.02901
5347,1.929
5348,0.5725
5349,0.7866
5350,-1.114
5351,0.4471
5352,1.448
5353,0.7556
5354,0.8026
5355,0.846
5356,0.6734
5357,-0.3923
5358,-0.2794
5359,0.3705
5360,0.6878
5361,-0.6417
5362,0.8179
5363,0.09101
5364,1.668
5365,1.529
5366,0.6096
5367,-0.7828
5368,-0.5468
5369,0.9968
5370,0.5278
5371,0.2377
5372,-0.376
5373,-0.3796
5374,0.497
5375,-1.457
5376,-0.135
5377,1.224
5378,1.016
5379,-1.134
5380,-0.1314
5381,-0.5065
5382,-0.5489
5383,2.493
5384,0.6138
5385,0.6923
5386,0.1984
5387,1.662
5388,-0.2176
5389,1.272
5390,-0.5878
5391,0.3352
5392,0.3176
5393,-0.6162
5394,1.376
5395,1.36
5396,0.6201
5397,0.4108
5398,0.5257
5399,0.2029
5400,0.09463
5401,0.9038
5402,0.2411
5403,1.196
5404,-0.1744
5405,-0.6167
5406,0.1148
5407,0.8455
5408,0.8071
5409,0.4235
5410,1.301
5411,1.917
5412,0.4046
5413,0.111
5414,0.8313
5415,1.168
5416,-1.113
5417,-0.4361
5418,1.84
5419,-0.04024
5420,0.05464
5421,0.3922
5422,-0.4946
5423,-1.241
5424,-0.6014
5425,1.609
5426,0.9241
5427,-0.05314
5428,-1.353
5429,1.371
5430,0.261
5431,0.9191
5432,-0.07411
5433,0.7322
5434,-0.4697
5435,-1.034
5436,0.3967
5437,-0.3666
5438,-0.9166
5439,0.261
5440,0.5455
5441,-0.164
5442,1.974
5443,0.5507
5444,-2.064
5445,-0.08649
5446,0.5836
5447,0.479
5448,-0.1445
5449,0.3548
5450,0.2087
5451,1.014
5452,0.9396
5453,1.59
5454,-0.6965
5455,1.221
5456,1.199
5457,1.096
5458,1.238
5459,3.205
5460,2.004
5461,0.1737
5462,0.9977
5463,1.793
5464,1.175
5465,0.8179
5466,0.8798
5467,-0.2547
5468,0.8938
5469,-0.2143
5470,0.7035
5471,1.12
5472,0.7995
5473,1.912
5474,-0.2931
5475,0.2699
5476,1.585
5477,0.3967
5478,0.3263
5479,0.5543
5480,-0.3837
5481,-0.3323
5482,0.6349
5483,1.236
5484,0.2544
5485,0.9871
5486,0.4166
5487,0.7799
5488,-0.664
5489,0.06741
5490,1.898
5491,-0.8803
5492,0.1296
5493,0.1581
5494,-0.8079
5495,0.9132
5496,0.2264
5497,-0.04635
5498,-0.4014
5499,-0.282
5500,1.013
5501,-0.1306
5502,0.05505
5503,-1.099
5504,0.2282
5505,0.2062
5506,-0.4929
5507,1.597
5508,0.4209
5509,1.169
5510,0.1902
5511,1.675
5512,1.535
5513,1.192
5514,1.143
5515,-0.04359
5516,0.5211
5517,0.03601
5518,0.5099
5519,0.7783
5520,-1.814
5521,0.681
5522,-0.6833
5523,-0.9127
5524,0.5522
5525,1.14
5526,-0.6287
5527,-0.342
5528,-0.0406
5529,0.6158
5530,-0.2529
5531,0.8885
5532,1.145
5533,-0.722
5534,0.03932
5535,-0.2932
5536,1.084
5537,1.634
5538,0.2495
5539,0.7307
5540,1.061
5541,0.3187
5542,1.362
5543,2.009
5544,-0.1477
5545,2.274
5546,0.896
5547,2.108
5548,0.4137
5549,-0.4798
5550,-0.05428
5551,0.3106
5552,1.125
5553,1.012
5554,-0.4506
5555,-0.6429
5556,0.9918
5557,1.408
5558,-1.137
5559,-0.4047
5560,-0.414
5561,0.2939
5562,-0.2275
5563,-0.608
5564,-0.332
5565,-0.6851
5566,0.8933
5567,0.8112
5568,-0.1228
5569,0.9914
5570,0.4664
5571,0.617
5572,0.07376
5573,0.02009
5574,-0.106
5575,1.401
5576,-0.1023
5577,1.12
5578,0.4385
5579,-0.8621
5580,0.9844
5581,2.251
5582,-0.006953
5583,1.772
5584,-0.5063
5585,-1.31
5586,-0.2155
5587,-0.8758
5588,1.181
5589,2.009
5590,-0.2786
5591,-0.1946
5592,-1.975
5593,-0.4764
5594,0.8859
5595,0.1514
5596,0.6686
5597,-0.06037
5598,-0.7375
5599,-0.5563
5600,1.773
5601,0.4128
5602,-0.06088
5603,0.1335
5604,-0.4262
5605,0.5548
5606,-0.7949
5607,0.1498
5608,2.357
5609,-0.3387
5610,-0.8176
5611,-0.3881
5612,0.4219
5613,-0.5921
5614,0.8827
5615,1.418
5616,-0.4856
5617,1.108
5618,0.312
5619,-1.006
5620,-0.6192
5621,-0.4932
5622,-0.3542
5623,1.701
5624,1.209
5625,0.2982
5626,0.1976
5627,-0.6098
5628,0.3393
5629,-1.107
5630,-0.8369
5631,0.5662
5632,1.225
5633,-1.409
5634,0.152
5635,1.085
5636,-1.341
5637,-0.5455
5638,0.4675
5639,0.7901
5640,-0.01679
5641,0.05054
5642,0.1518
5643,1.371
5644,-0.2962
5645,0.1291
5646,1.517
5647,-0.2885
5648,0.1714
5649,1.83
5650,1.397
5651,1.031
5652,-0.4149
5653,0.3456
5654,2.113
5655,-0.2695
5656,0.7055
5657,-1.068
5658,-0.6328
5659,0.5396
5660,0.0207
5661,0.8206
5662,1.525
5663,1.19
5664,0.2774
5665,-0.008874
5666,0.7374
5667,1.712
5668,0.7746
5669,0.2862
5670,1.042
5671,2.002
5672,0.4316
5673,0.478
5674,-0.21
5675,2
5676,1.37
5677,0.6023
5678,0.02254
5679,-0.5785
5680,0.6288
5681,0.4667
5682,-0.5646
5683,0.2407
5684,0.8634
5685,-0.6918
5686,0.316
5687,1.118
5688,0.7902
5689,1.702
5690,0.2585
5691,0.2331
5692,1.053
5693,-0.3372
5694,0.1198
5695,-1.338
5696,1.175
5697,0.8193
5698,-1.008
5699,-0.05578
5700,-0.5611
5701,0.03977
5702,1.614
5703,1.093
5704,0.1575
5705,0.09427
5706,0.7697
5707,2.312
5708,-1.569
5709,0.04948
5710,-0.2717
5711,-0.1764
5712,0.1539
5713,1.935
5714,2.169
5715,0.0428
5716,-1.22
5717,0.6699
5718,0.1972
5719,-0.949
5720,0.8473
5721,1.271
5722,0.2321
5723,-1.242
5724,-1.615
5725,0.6613
5726,0.2797
5727,0.6006
5728,0.3294
5729,0.5877
5730,-0.6184
5731,1.716
5732,0.8826
5733,2.382
5734,-0.1808
5735,0.2716
5736,-1.116
5737,-0.4555
5738,0.5622
5739,-1.291
5740,-0.2658
5741,0.4688
5742,-1.518
5743,-0.1698
5744,0.4688
5745,-0.05435
5746,1.298
5747,-0.6922
5748,0.7255
5749,1.252
5750,1.235
5751,0.6575
5752,1.903
5753,-0.4089
5754,0.6534
5755,-0.6314
5756,0.4745
5757,-0.4325
5758,1.025
5759,1.393
5760,1.608
5761,-1.076
5762,0.4161
5763,0.1596
5764,-1.336
5765,-0.9983
5766,2.152
5767,0.5673
5768,-0.03669
5769,0.6084
5770,0.1225
5771,-0.6521
5772,0.3731
5773,0.5859
5774,2.041
5775,0.1075
5776,-1.189
5777,1.705
5778,1.036
5779,0.3456
5780,-0.8578
5781,1.281
5782,1.295
5783,0.5521
5784,0.2569
5785,0.3699
5786,-0.4361
5787,0.7164
5788,1.524
5789,-0.03058
5790,-0.6865
5791,0.802
5792,-1.855
5793,1.444
5794,1.43
5795,1.862
5796,-0.2711
5797,0.4578
5798,-0.7357
5799,-0.4512
5800,0.5312
5801,0.7226
5802,0.3554
5803,0.6568
5804,1.6
5805,2.484
5806,1.318
5807,0.8875
5808,1.581
5809,0.377
5810,-0.6006
5811,-0.3041
5812,0.3266
5813,-0.2514
5814,-0.5938
5815,-0.4586
5816,-1.106
5817,0.9957
5818,1.055
5819,2.478
5820,1.565
5821,0.9365
5822,1.339
5823,-0.9088
5824,0.7072
5825,2.348
5826,-0.2532
5827,-0.3761
5828,0.1698
5829,2.831
5830,1.028
5831,-0.01205
5832,0.5399
5833,-0.09317
5834,0.5105
5835,0.694
5836,1.783
5837,1.068
5838,0.1722
5839,0.6014
5840,1.071
5841,1.18
5842,-0.5554
5843,1.085
5844,0.5827
5845,-0.9134
5846,-0.2018
5847,0.7321
5848,0.5376
5849,0.6087
5850,-0.4673
5851,-1.031
5852,-0.1206
5853,-0.07651
5854,0.958
5855,1.82
5856,1.877
5857,1.034
5858,0.4873
5859,1.387
5860,0.06939
5861,0.3811
5862,2.457
5863,-0.3676
5864,1.756
5865,0.5616
5866,1.169
5867,0.3097
5868,-0.08279
5869,1.486
5870,0.1896
5871,-0.0298
5872,-0.6645
5873,0.7947
5874,0.566
5875,-0.2031
5876,0.7441
5877,-0.8019
5878,0.7929
5879,1.532
5880,-0.08485
5881,0.5327
5882,1.411
5883,0.421
5884,0.1766
5885,0.1956
5886,0.5908
5887,-0.5156
5888,-0.5595
5889,0.01413
5890,-0.9115
5891,-0.7673
5892,0.6935
5893,1.653
5894,2.013
5895,0.6149
5896,-0.1338
5897,0.5108
5898,1.27
5899,0.7104
5900,1.667
5901,1.419
5902,0.4855
5903,1.43
5904,-1.449
5905,0.5245
5906,-0.01177
5907,-0.9533
5908,-0.4644
5909,-0.3819
5910,1.308
5911,-0.4369
5912,0.3742
5913,0.2113
5914,0.3329
5915,2.21
5916,0.2994
5917,-0.4072
5918,3.298
5919,0.08805
5920,1.267
5921,0.7132
5922,1.135
5923,1.779
5924,0.2602
5925,1.524
5926,-0.5494
5927,0.4995
5928,-0.2877
5929,0.6184
5930,-0.8999
5931,0.9108
5932,2.251
5933,0.3515
5934,-0.004926
5935,1.319
5936,1.706
5937,0.6138
5938,0.2907
5939,0.2902
5940,1.28
5941,1.905
5942,1.217
5943,-0.1416
5944,1.474
5945,-0.5671
5946,-0.2984
5947,0.6183
5948,0.2448
5949,0.2931
5950,1.062
5951,0.2462
5952,0.748
5953,0.4262
5954,1
5955,-0.5502
5956,-0.2534
5957,-0.1178
5958,0.9168
5959,1.846
5960,0.816
5961,-0.5789
5962,0.2033
5963,-0.2438
5964,-0.4765
5965,0.2653
5966,-0.3664
5967,1.082
5968,0.1678
5969,0.5977
5970,1.024
5971,-0.4552
5972,-0.2546
5973,1.264
5974,1.749
5975,-0.1487
5976,0.165
5977,-0.07323
5978,0.6056
5979,0.9221
5980,1.164
5981,0.1097
5982,1.24
5983,0.4721
5984,0.675
5985,1.121
5986,-0.04296
5987,-0.1235
5988,-0.9628
5989,0.6221
5990,0.4304
5991,1.326
5992,-0.8339
5993,1.913
5994,1.488
5995,-1.003
5996,0.5148
5997,0.6552
5998,1.066
5999,0.5241
6000,0.8679
6001,-0.4211
6002,-0.198
6003,2.569
6004,-0.01754
6005,-0.7564
6006,-1.018
6007,-0.4449
6008,0.05059
6009,1.028
6010,1.852
6011,-0.3093
6012,0.07579
6013,1.56
6014,0.1747
6015,1.057
6016,-0.3179
6017,0.1028
6018,0.05265
6019,0.5321
6020,0.02082
6021,0.1806
6022,0.1986
6023,0.2427
6024,0.4952
6025,-0.68
6026,-0.6862
6027,0.4489
6028,2.071
6029,1.217
6030,0.4835
6031,-0.3192
6032,0.7026
6033,1.164
6034,0.5162
6035,0.2077
6036,-0.8851
6037,0.6237
6038,0.02233
6039,0.3797
6040,1.501
6041,-0.3578
6042,0.855
6043,1.366
6044,0.4551
6045,0.5891
6046,1.907
6047,1.071
6048,0.2425
6049,-0.4376
6050,1.158
6051,-0.05483
6052,2.452
6053,2.206
6054,1.11
6055,0.5942
6056,1.856
6057,0.525
6058,1.478
6059,0.4382
6060,2.742
6061,-0.4829
6062,1.118
6063,-1.019
6064,-0.6138
6065,-0.3775
6066,1.408
6067,0.03747
6068,-0.217
6069,-1.27
6070,2.381
6071,0.9572
6072,0.9901
6073,1.217
6074,0.3324
6075,0.6609
6076,0.3453
6077,0.27
6078,0.8813
6079,1.857
6080,-0.8403
6081,0.6288
6082,1.87
6083,-0.1192
6084,0.1752
6085,1.254
6086,0.682
6087,1.051
6088,-1.025
6089,-1.038
6090,0.2185
6091,1.468
6092,0.5293
6093,1.174
6094,1.014
6095,1.021
6096,0.1823
6097,-0.86
6098,1.817
6099,0.2048
6100,0.292
6101,0.007868
6102,0.3095
6103,1.007
6104,-0.02139
6105,0.7517
6106,-0.1188
6107,0.8442
6108,0.7774
6109,1.052
6110,0.8091
6111,2.29
6112,1.091
6113,2.075
6114,1.576
6115,0.1337
6116,1.232
6117,0.92
6118,0.2155
6119,0.3887
6120,1.344
6121,0.2229
6122,1.443
6123,0.237
6124,0.7279
6125,0.6157
6126,0.906
6127,2.058
6128,-1.366
6129,0.46
6130,1.431
6131,-0.6123
6132,0.6788
6133,0.6004
6134,2.115
6135,-0.9714
6136,0.3566
6137,0.9518
6138,-0.07127
6139,-0.2427
6140,0.1802
6141,0.5899
6142,-0.1922
6143,1.147
6144,2.254
6145,1.361
6146,-0.2228
6147,0.8208
6148,1.841
6149,0.3149
6150,1.5
6151,-0.6116
6152,-0.4459
6153,0.0127
6154,0.2551
6155,0.05757
6156,0.8861
6157,0.4046
6158,-0.518
6159,-0.1443
6160,-0.4396
6161,1.094
6162,0.2584
6163,0.7574
6164,0.1217
6165,1.14
6166,-0.8312
6167,0.06846
6168,-0.4507
6169,-0.6017
6170,-0.8765
6171,0.907
6172,-0.5357
6173,-0.2904
6174,0.07707
6175,1.099
6176,0.2438
6177,0.8381
6178,0.3179
6179,0.183
6180,0.3304
6181,0.009341
6182,0.3444
6183,1.588
6184,0.1924
6185,2.115
6186,-0.6213
6187,-0.6487
6188,-0.6513
6189,-0.04106
6190,-0.3641
6191,1.392
6192,0.09923
6193,-0.05185
6194,1.006
6195,0.04366
6196,0.3218
6197,0.07749
6198,-0.4724
6199,0.4753
6200,1.007
6201,1.441
6202,-0.2887
6203,-0.3246
6204,0.9443
6205,-0.6522
6206,0.02571
6207,-0.04195
6208,1.429
6209,1.055
6210,1.624
6211,-0.1175
6212,1.265
6213,0.1289
6214,0.8583
6215,0.03237
6216,-0.7772
6217,-1.264
6218,0.6431
6219,1.175
6220,-0.4051
6221,-0.06669
6222,1.926
6223,-0.1116
6224,2.151
6225,-0.8566
6226,0.7669
6227,2.077
6228,1.76
6229,-0.8777
6230,0.9463
6231,0.5083
6232,1.134
6233,-0.9297
6234,0.2852
6235,0.42
6236,0.3407
6237,0.9675
6238,0.4762
6239,-0.4425
6240,0.2489
6241,0.4979
6242,1.648
6243,0.2482
6244,-1.855
6245,0.183
6246,0.9954
6247,0.05957
6248,0.98
6249,0.658
6250,0.8524
6251,1.059
6252,0.7618
6253,0.5015
6254,0.9804
6255,1.321
6256,-0.2783
6257,0.1152
6258,1.697
6259,1.438
6260,-0.5489
6261,0.212
6262,0.3895
6263,0.7225
6264,-0.3874
6265,0.1414
6266,2.527
6267,-0.2148
6268,-0.488
6269,-0.1024
6270,-0.6869
6271,0.1642
6272,0.2767
6273,-0.5705
6274,-0.6511
6275,1.7
6276,-0.7203
6277,0.9609
6278,0.517
6279,-0.5031
6280,0.539
6281,0.7661
6282,0.8674
6283,0.2853
6284,-0.1557
6285,2.053
6286,0.785
6287,1.981
6288,0.2823
6289,-0.8053
6290,0.1482
6291,1.253
6292,0.801
6293,2.289
6294,-0.6519
6295,0.1357
6296,0.2105
6297,-0.3044
6298,-0.7197
6299,0.3608
6300,-1.313
6301,0.4806
6302,-0.6598
6303,0.2561
6304,0.269
6305,-0.9434
6306,0.5731
6307,0.5082
6308,0.3689
6309,-0.9334
6310,0.7524
6311,0.689
6312,0.3555
6313,0.4757
6314,-0.2004
6315,-0.2431
6316,0.989
6317,-0.4305
6318,2.518
6319,-0.015
6320,-0.7207
6321,-0.04544
6322,0.3141
6323,0.7636
6324,1.056
6325,-0.04194
6326,-0.5292
6327,-0.3291
6328,-0.5014
6329,1.067
6330,0.04417
6331,-0.1024
6332,0.7721
6333,0.9962
6334,0.5841
6335,-0.271
6336,-1.132
6337,1.199
6338,0.7203
6339,1.086
6340,2.239
6341,0.3742
6342,0.3493
6343,-0.3869
6344,-1.314
6345,1.705
6346,0.9559
6347,0.2228
6348,-0.3274
6349,0.8752
6350,-0.2374
6351,-0.6337
6352,1.187
6353,0.3246
6354,2.198
6355,0.2173
6356,-0.171
6357,0.753
6358,0.8126
6359,0.4918
6360,0.0803
6361,-0.3846
6362,-0.8567
6363,0.07724
6364,0.2472
6365,-0.4075
6366,0.3509
6367,-0.4574
6368,0.9137
6369,-0.06164
6370,0.2816
6371,0.9918
6372,1.325
6373,-0.453
6374,-0.523
6375,1.973
6376,-0.6445
6377,-0.2072
6378,0.1782
6379,0.2331
6380,-0.4605
6381,-0.8146
6382,0.1483
6383,0.8579
6384,-0.8013
6385,0.6378
6386,0.4903
6387,0.9554
6388,-2.565
6389,1.06
6390,0.1329
6391,0.3767
6392,-0.2661
6393,1.396
6394,-0.8052
6395,0.9897
6396,0.6752
6397,0.578
6398,-1.281
6399,0.07266
6400,2.291
6401,-0.3091
6402,2.002
6403,1.741
6404,3.223
6405,1.528
6406,1.94
6407,0.1892
6408,-0.2226
6409,0.8037
6410,1.99
6411,-0.211
6412,-0.7011
6413,-0.4316
6414,1.134
6415,0.6923
6416,0.6229
6417,-1.536
6418,0.3209
6419,-0.01377
6420,0.6953
6421,-0.1172
6422,0.2955
6423,1.483
6424,-1.043
6425,0.313
6426,0.7558
6427,-0.3139
6428,0.9971
6429,-0.7413
6430,0.9367
6431,-0.5248
6432,0.4338
6433,1.708
6434,0.2054
6435,-0.04712
6436,0.09641
6437,-0.6789
6438,0.5876
6439,-0.6116
6440,-1.387
6441,1.128
6442,0.1676
6443,0.6472
6444,-0.9726
6445,0.7906
6446,1.177
6447,-0.3534
6448,0.816
6449,-0.4419
6450,0.7133
6451,-1.205
6452,0.1972
6453,1.019
6454,0.4322
6455,1.518
6456,0.3592
6457,1.922
6458,0.6985
6459,1.183
6460,0.4355
6461,-0.763
6462,1.714
6463,-0.643
6464,1.96
6465,-0.1575
6466,-0.02362
6467,2.749
6468,-0.3608
6469,-0.3614
6470,0.5749
6471,0.2098
6472,1.027
6473,-0.3384
6474,0.127
6475,1.344
6476,0.2393
6477,0.5734
6478,1.537
6479,-0.2797
6480,1.303
6481,-1.188
6482,0.7564
6483,1.256
6484,0.7474
6485,0.5803
6486,0.3518
6487,0.3768
6488,0.7114
6489,0.9469
6490,0.3238
6491,0.8311
6492,0.9979
6493,0.4204
6494,0.2702
6495,-0.3165
6496,-0.7038
6497,0.06756
6498,0.9226
6499,-0.6925
6500,0.2134
6501,1.143
6502,0.284
6503,1.275
6504,-0.2291
6505,1.254
6506,1.037
6507,0.4026
6508,1.566
6509,0.7749
6510,1.858
6511,0.3346
6512,-0.35
6513,-0.08469
6514,0.5788
6515,-0.5472
6516,1.958
6517,-0.3718
6518,0.4322
6519,-0.2858
6520,0.1272
6521,0.003104
6522,0.8673
6523,0.2399
6524,-1.412
6525,0.1053
6526,-0.2265
6527,1.729
6528,-0.1058
6529,-0.886
6530,1.352
6531,0.4985
6532,1.484
6533,0.5621
6534,0.005608
6535,0.5923
6536,0.6278
6537,0.4151
6538,-0.5997
6539,0.8264
6540,0.9542
6541,0.161
6542,1.512
6543,0.8082
6544,0.6269
6545,1.188
6546,-0.02663
6547,1.09
6548,-0.003474
6549,0.7703
6550,-0.1943
6551,-1.315
6552,-0.001286
6553,0.5533
6554,0.5672
6555,0.5466
6556,0.7768
6557,-0.08193
6558,-0.4318
6559,0.9033
6560,0.6915
6561,-0.4057
6562,-0.1188
6563,-0.1998
6564,-0.2292
6565,1.525
6566,-0.3485
6567,1.058
6568,0.07517
6569,0.3053
6570,-0.8691
6571,1.759
6572,-0.1897
6573,0.1293
6574,-0.5107
6575,0.02529
6576,-0.3212
6577,-1.14
6578,1.803
6579,1.499
6580,-1.198
6581,0.4758
6582,0.3598
6583,1.732
6584,1.512
6585,-0.9468
6586,0.7722
6587,1.489
6588,0.5713
6589,-0.01325
6590,1.385
6591,0.03011
6592,0.51
6593,0.7164
6594,-1.067
6595,0.9242
6596,1.065
6597,-0.5063
6598,1.02
6599,0.09085
6600,1.611
6601,1.396
6602,0.693
6603,0.5958
6604,0.533
6605,-0.5901
6606,-0.2469
6607,0.3733
6608,-0.495
6609,1.38
6610,0.5866
6611,0.7945
6612,1.308
6613,-0.3257
6614,0.2114
6615,-0.9087
6616,-0.1137
6617,-0.9737
6618,0.586
6619,2.175
6620,0.6169
6621,0.001735
6622,1.484
6623,0.2786
6624,-0.5858
6625,1.692
6626,1.59
6627,-0.4019
6628,-0.7566
6629,0.7305
6630,0.8028
