t,accP
1,0
2,0
3,0
4,1
5,1
6,1
7,1
8,1
9,1
10,1
11,1
12,1
13,1
14,1
15,1
16,1
17,1
18,1
19,1
20,1
21,1
22,1
23,1
24,1
25,1
26,1
27,1
28,1
29,0
30,1
31,1
32,1
33,1
34,1
35,1
36,1
37,1
38,1
39,1
40,1
41,1
42,1
43,1
44,1
45,1
46,1
47,1
48,1
49,1
50,1
51,1
52,1
53,1
54,0
55,1
56,1
57,1
58,0
59,0
60,1
61,1
62,1
63,1
64,1
65,1
66,1
67,1
68,1
69,1
70,1
71,1
72,0
73,1
74,1
75,1
76,1
77,1
78,0
79,1
80,1
81,1
82,1
83,1
84,0
85,1
86,1
87,1
88,1
89,0
90,1
91,1
92,1
93,0
94,1
95,1
96,1
97,1
98,1
99,1
100,1
101,0
102,1
103,1
104,1
105,1
106,1
107,1
108,0
109,1
110,1
111,1
112,1
113,1
114,1
115,0
116,1
117,0
118,1
119,1
120,1
121,1
122,0
123,1
124,1
125,1
126,1
127,1
128,1
129,1
130,0
131,0
132,1
133,1
134,0
135,1
136,1
137,0
138,0
139,1
140,0
141,1
142,1
143,1
144,1
145,1
146,1
147,1
148,1
149,1
150,0
151,1
152,1
153,0
154,1
155,0
156,0
157,1
158,0
159,0
160,1
161,1
162,1
163,1
164,1
165,1
166,1
167,1
168,1
169,1
170,1
171,1
172,1
173,0
174,1
175,1
176,1
177,1
178,1
179,0
180,0
181,0
182,0
183,0
184,1
185,1
186,1
187,1
188,0
189,1
190,1
191,1
192,1
193,1
194,0
195,1
196,1
197,1
198,0
199,1
200,1
201,0
202,1
203,1
204,1
205,1
206,0
207,1
208,1
209,1
210,0
211,1
212,0
213,1
214,1
215,1
216,1
217,1
218,1
219,1
220,1
221,1
222,1
223,1
224,1
225,1
226,1
227,1
228,0
229,1
230,0
231,0
232,0
233,1
234,1
235,1
236,1
237,1
238,1
239,1
240,1
241,0
242,1
243,0
244,1
245,0
246,0
247,1
248,1
249,1
250,1
251,1
252,1
253,1
254,0
255,1
256,1
257,1
258,1
259,1
260,1
261,1
262,1
263,0
264,0
265,1
266,0
267,0
268,1
269,1
270,0
271,0
272,0
273,1
274,0
275,1
276,1
277,0
278,1
279,0
280,1
281,1
282,0
283,0
284,1
285,0
286,1
287,1
288,1
289,0
290,0
291,1
292,1
293,0
294,1
295,1
296,1
297,0
298,1
299,0
300,0
301,1
302,1
303,1
304,0
305,1
306,1
307,1
308,1
309,1
310,1
311,1
312,0
313,1
314,1
315,0
316,0
317,0
318,1
319,0
320,0
321,1
322,0
323,0
324,1
325,1
326,1
327,0
328,1
329,1
330,0
331,0
332,1
333,0
334,0
335,1
336,1
337,1
338,1
339,1
340,1
341,1
342,1
343,0
344,1
345,1
346,1
347,1
348,1
349,1
350,1
351,1
352,1
353,1
354,0
355,0
356,1
357,1
358,1
359,1
360,0
361,1
362,0
363,1
364,1
365,1
366,1
367,1
368,1
369,0
370,1
371,1
372,0
373,1
374,1
375,0
376,1
377,1
378,0
379,1
380,1
381,1
382,1
383,1
384,1
385,1
386,0
387,1
388,0
389,0
390,1
391,1
392,0
393,1
394,1
395,1
396,0
397,1
398,0
399,1
400,1
401,1
402,1
403,0
404,1
405,1
406,1
407,1
408,1
409,0
410,0
411,0
412,1
413,1
414,1
415,1
416,1
417,0
418,1
419,1
420,1
421,1
422,1
423,0
424,0
425,1
426,1
427,1
428,1
429,1
430,0
431,1
432,1
433,0
434,1
435,1
436,0
437,1
438,1
439,0
440,1
441,1
442,0
443,1
444,1
445,1
446,1
447,0
448,0
449,0
450,1
451,1
452,0
453,0
454,0
455,0
456,1
457,1
458,1
459,0
460,1
461,1
462,1
463,1
464,1
465,0
466,0
467,0
468,0
469,1
470,0
471,0
472,0
473,1
474,1
475,1
476,0
477,1
478,1
479,0
480,1
481,1
482,1
483,1
484,1
485,1
486,1
487,1
488,0
489,1
490,1
491,0
492,1
493,0
494,1
495,1
496,1
497,1
498,0
499,0
500,1
501,1
502,1
503,0
504,1
505,0
506,1
507,0
508,0
509,1
510,1
511,1
512,0
513,1
514,0
515,1
516,1
517,1
518,1
519,0
520,1
521,1
522,1
523,0
524,1
525,1
526,1
527,0
528,0
529,1
530,1
531,1
532,1
533,0
534,0
535,0
536,0
537,1
538,1
539,1
540,0
541,0
542,1
543,1
544,1
545,0
546,1
547,1
548,1
549,0
550,1
551,1
552,0
553,1
554,1
555,0
556,1
557,1
558,0
559,0
560,1
561,0
562,1
563,1
564,1
565,1
566,1
567,1
568,1
569,1
570,1
571,1
572,1
573,1
574,1
575,0
576,1
577,0
578,1
579,0
580,1
581,0
582,0
583,1
584,1
585,1
586,1
587,0
588,1
589,1
590,0
591,0
592,0
593,1
594,1
595,1
596,1
597,0
598,0
599,0
600,0
601,0
602,1
603,1
604,0
605,1
606,0
607,1
608,1
609,1
610,1
611,1
612,1
613,0
614,1
615,1
616,0
617,1
618,1
619,1
620,1
621,1
622,1
623,1
624,1
625,1
626,1
627,0
628,0
629,0
630,0
631,1
632,1
633,0
634,1
635,1
636,0
637,1
638,0
639,0
640,1
641,1
642,0
643,1
644,1
645,1
646,0
647,1
648,1
649,1
650,1
651,1
652,1
653,1
654,0
655,1
656,0
657,1
658,0
659,1
660,1
661,1
662,1
663,1
664,1
665,1
666,1
667,0
668,0
669,0
670,1
671,0
672,0
673,1
674,1
675,1
676,0
677,0
678,1
679,0
680,1
681,0
682,1
683,0
684,0
685,1
686,1
687,1
688,1
689,1
690,1
691,1
692,0
693,1
694,1
695,1
696,1
697,1
698,1
699,0
700,0
701,0
702,0
703,1
704,1
705,1
706,0
707,1
708,0
709,1
710,1
711,1
712,0
713,1
714,0
715,0
716,0
717,0
718,1
719,0
720,0
721,0
722,0
723,1
724,1
725,1
726,0
727,0
728,0
729,0
730,1
731,0
732,0
733,0
734,1
735,0
736,0
737,1
738,1
739,1
740,0
741,0
742,0
743,1
744,1
745,1
746,1
747,1
748,1
749,1
750,0
751,1
752,1
753,1
754,1
755,1
756,1
757,0
758,0
759,0
760,1
761,1
762,0
763,0
764,0
765,1
766,1
767,1
768,1
769,0
770,1
771,0
772,0
773,0
774,0
775,1
776,1
777,1
778,0
779,1
780,0
781,0
782,0
783,0
784,1
785,0
786,1
787,1
788,1
789,0
790,0
791,1
792,1
793,1
794,0
795,1
796,1
797,0
798,1
799,1
800,0
801,0
802,1
803,1
804,1
805,1
806,1
807,1
808,1
809,1
810,1
811,1
812,1
813,0
814,0
815,1
816,1
817,1
818,0
819,1
820,1
821,1
822,1
823,0
824,1
825,1
826,1
827,1
828,1
829,1
830,0
831,1
832,1
833,1
834,1
835,0
836,1
837,0
838,0
839,1
840,0
841,0
842,1
843,1
844,1
845,1
846,1
847,1
848,0
849,1
850,0
851,1
852,1
853,1
854,1
855,1
856,0
857,0
858,0
859,0
860,0
861,0
862,1
863,1
864,0
865,1
866,0
867,1
868,1
869,1
870,0
871,1
872,1
873,1
874,1
875,1
876,1
877,1
878,0
879,0
880,1
881,1
882,0
883,1
884,1
885,1
886,0
887,1
888,1
889,1
890,1
891,1
892,1
893,0
894,1
895,0
896,1
897,0
898,0
899,0
900,1
901,0
902,1
903,1
904,0
905,1
906,0
907,1
908,0
909,1
910,0
911,1
912,1
913,1
914,0
915,1
916,1
917,0
918,1
919,0
920,1
921,1
922,1
923,1
924,0
925,1
926,1
927,1
928,1
929,1
930,1
931,0
932,1
933,0
934,0
935,0
936,1
937,1
938,1
939,0
940,1
941,1
942,1
943,0
944,0
945,1
946,1
947,0
948,0
949,1
950,0
951,0
952,1
953,1
954,0
955,0
956,0
957,1
958,0
959,1
960,1
961,1
962,1
963,1
964,1
965,0
966,0
967,1
968,1
969,1
970,1
971,0
972,0
973,1
974,0
975,0
976,1
977,1
978,1
979,1
980,1
981,1
982,1
983,1
984,0
985,1
986,1
987,1
988,1
989,1
990,1
991,1
992,0
993,1
994,1
995,1
996,1
997,0
998,1
999,0
1000,0
1001,1
1002,1
1003,1
1004,0
1005,0
1006,1
1007,1
1008,1
1009,0
1010,1
1011,1
1012,0
1013,1
1014,1
1015,1
1016,1
1017,1
1018,0
1019,1
1020,0
1021,1
1022,1
1023,1
1024,1
1025,1
1026,0
1027,1
1028,1
1029,0
1030,1
1031,1
1032,0
1033,1
1034,1
1035,1
1036,1
1037,1
1038,1
1039,0
1040,1
1041,0
1042,1
1043,1
1044,1
1045,1
1046,1
1047,1
1048,1
1049,1
1050,1
1051,0
1052,1
1053,0
1054,0
1055,1
1056,1
1057,0
1058,0
1059,1
1060,1
1061,1
1062,0
1063,0
1064,0
1065,0
1066,1
1067,1
1068,0
1069,1
1070,0
1071,1
1072,0
1073,0
1074,1
1075,1
1076,1
1077,1
1078,1
1079,1
1080,1
1081,0
1082,1
1083,1
1084,0
1085,0
1086,0
1087,1
1088,0
1089,1
1090,1
1091,1
1092,1
1093,1
1094,1
1095,1
1096,1
1097,1
1098,1
1099,1
1100,1
1101,0
1102,1
1103,1
1104,1
1105,0
1106,1
1107,0
1108,0
1109,1
1110,1
1111,0
1112,1
1113,1
1114,0
1115,1
1116,1
1117,1
1118,0
1119,1
1120,1
1121,1
1122,1
1123,1
1124,1
1125,0
1126,1
1127,0
1128,1
1129,1
1130,1
1131,1
1132,1
1133,0
1134,1
1135,0
1136,0
1137,1
1138,1
1139,1
1140,0
1141,0
1142,1
1143,1
1144,1
1145,0
1146,1
1147,1
1148,1
1149,0
1150,0
1151,1
1152,0
1153,0
1154,0
1155,1
1156,1
1157,1
1158,1
1159,1
1160,1
1161,1
1162,1
1163,1
1164,0
1165,1
1166,0
1167,1
1168,0
1169,1
1170,1
1171,0
1172,1
1173,1
1174,0
1175,1
1176,0
1177,0
1178,1
1179,1
1180,0
1181,0
1182,1
1183,0
1184,0
1185,1
1186,0
1187,1
1188,1
1189,1
1190,0
1191,1
1192,0
1193,1
1194,1
1195,1
1196,1
1197,1
1198,0
1199,0
1200,1
1201,1
1202,0
1203,0
1204,1
1205,1
1206,0
1207,0
1208,1
1209,1
1210,1
1211,0
1212,1
1213,1
1214,0
1215,1
1216,0
1217,1
1218,1
1219,1
1220,1
1221,0
1222,1
1223,1
1224,0
1225,1
1226,1
1227,1
1228,1
1229,1
1230,1
1231,1
1232,0
1233,0
1234,0
1235,1
1236,0
1237,0
1238,1
1239,0
1240,1
1241,0
1242,0
1243,1
1244,0
1245,1
1246,0
1247,1
1248,1
1249,0
1250,1
1251,1
1252,1
1253,1
1254,1
1255,1
1256,1
1257,1
1258,0
1259,0
1260,1
1261,1
1262,1
1263,0
1264,1
1265,1
1266,1
1267,1
1268,1
1269,0
1270,0
1271,1
1272,1
1273,1
1274,1
1275,1
1276,1
1277,1
1278,0
1279,1
1280,1
1281,1
1282,1
1283,0
1284,0
1285,0
1286,0
1287,1
1288,1
1289,1
1290,1
1291,1
1292,1
1293,0
1294,0
1295,1
1296,0
1297,1
1298,1
1299,1
1300,0
1301,1
1302,0
1303,0
1304,0
1305,1
1306,1
1307,1
1308,0
1309,0
1310,0
1311,1
1312,0
1313,1
1314,0
1315,0
1316,0
1317,1
1318,1
1319,0
1320,1
1321,1
1322,1
1323,0
1324,1
1325,1
1326,1
1327,1
1328,0
1329,1
1330,1
1331,0
1332,1
1333,1
1334,1
1335,1
1336,1
1337,1
1338,1
1339,0
1340,1
1341,1
1342,0
1343,0
1344,0
1345,1
1346,0
1347,0
1348,0
1349,0
1350,0
1351,1
1352,1
1353,1
1354,0
1355,1
1356,1
1357,1
1358,1
1359,1
1360,1
1361,1
1362,0
1363,0
1364,1
1365,0
1366,0
1367,1
1368,1
1369,1
1370,1
1371,1
1372,0
1373,1
1374,1
1375,1
1376,1
1377,0
1378,1
1379,1
1380,1
1381,0
1382,1
1383,0
1384,0
1385,1
1386,0
1387,0
1388,0
1389,0
1390,1
1391,0
1392,1
1393,1
1394,1
1395,1
1396,1
1397,1
1398,0
1399,1
1400,1
1401,0
1402,0
1403,0
1404,0
1405,1
1406,0
1407,1
1408,1
1409,1
1410,1
1411,1
1412,1
1413,1
1414,0
1415,1
1416,1
1417,1
1418,0
1419,1
1420,1
1421,1
1422,1
1423,0
1424,0
1425,1
1426,1
1427,1
1428,1
1429,0
1430,1
1431,1
1432,1
1433,1
1434,0
1435,1
1436,0
1437,1
1438,1
1439,1
1440,0
1441,0
1442,0
1443,1
1444,1
1445,1
1446,0
1447,1
1448,1
1449,0
1450,1
1451,1
1452,0
1453,1
1454,1
1455,0
1456,1
1457,0
1458,1
1459,0
1460,1
1461,1
1462,1
1463,1
1464,1
1465,1
1466,0
1467,0
1468,1
1469,1
1470,1
1471,1
1472,0
1473,1
1474,1
1475,1
1476,1
1477,1
1478,0
1479,1
1480,1
1481,1
1482,1
1483,1
1484,0
1485,1
1486,1
1487,1
1488,1
1489,1
1490,0
1491,1
1492,1
1493,1
1494,0
1495,1
1496,0
1497,1
1498,0
1499,0
1500,1
1501,0
1502,1
1503,1
1504,1
1505,0
1506,1
1507,1
1508,1
1509,0
1510,1
1511,1
1512,0
1513,1
1514,1
1515,0
1516,0
1517,0
1518,1
1519,1
1520,1
1521,1
1522,1
1523,1
1524,1
1525,0
1526,0
1527,1
1528,1
1529,1
1530,1
1531,1
1532,1
1533,0
1534,1
1535,0
1536,1
1537,0
1538,1
1539,1
1540,1
1541,1
1542,1
1543,1
1544,1
1545,1
1546,1
1547,0
1548,0
1549,1
1550,1
1551,0
1552,1
1553,0
1554,1
1555,1
1556,0
1557,1
1558,1
1559,1
1560,0
1561,1
1562,1
1563,1
1564,0
1565,1
1566,0
1567,0
1568,0
1569,1
1570,1
1571,1
1572,1
1573,1
1574,1
1575,0
1576,0
1577,0
1578,1
1579,0
1580,1
1581,1
1582,1
1583,0
1584,0
1585,0
1586,1
1587,1
1588,1
1589,1
1590,1
1591,1
1592,0
1593,1
1594,1
1595,1
1596,1
1597,1
1598,0
1599,0
1600,0
1601,1
1602,0
1603,1
1604,1
1605,1
1606,1
1607,1
1608,0
1609,1
1610,1
1611,1
1612,1
1613,1
1614,0
1615,1
1616,1
1617,1
1618,1
1619,1
1620,1
1621,1
1622,1
1623,1
1624,1
1625,1
1626,0
1627,1
1628,1
1629,1
1630,1
1631,1
1632,1
1633,1
1634,0
1635,0
1636,0
1637,1
1638,0
1639,1
1640,0
1641,0
1642,1
1643,0
1644,0
1645,1
1646,1
1647,1
1648,1
1649,1
1650,1
1651,0
1652,1
1653,0
1654,1
1655,1
1656,0
1657,0
1658,1
1659,1
1660,1
1661,1
1662,0
1663,1
1664,1
1665,0
1666,1
1667,1
1668,1
1669,1
1670,1
1671,1
1672,1
1673,1
1674,0
1675,0
1676,1
1677,0
1678,0
1679,0
1680,1
1681,0
1682,0
1683,0
1684,1
1685,1
1686,0
1687,1
1688,0
1689,0
1690,1
1691,1
1692,0
1693,0
1694,1
1695,1
1696,1
1697,0
1698,1
1699,1
1700,1
1701,0
1702,0
1703,0
1704,1
1705,1
1706,1
1707,1
1708,1
1709,0
1710,0
1711,1
1712,0
1713,1
1714,0
1715,1
1716,1
1717,1
1718,0
1719,1
1720,0
1721,1
1722,0
1723,0
1724,1
1725,1
1726,0
1727,1
1728,1
1729,0
1730,1
1731,0
1732,1
1733,0
1734,1
1735,1
1736,1
1737,0
1738,1
1739,0
1740,1
1741,1
1742,1
1743,0
1744,1
1745,1
1746,1
1747,1
1748,0
1749,0
1750,1
1751,0
1752,1
1753,1
1754,1
1755,1
1756,1
1757,1
1758,1
1759,1
1760,0
1761,1
1762,0
1763,1
1764,1
1765,0
1766,1
1767,1
1768,0
1769,1
1770,1
1771,0
1772,1
1773,0
1774,0
1775,0
1776,0
1777,1
1778,1
1779,1
1780,1
1781,0
1782,1
1783,0
1784,1
1785,0
1786,1
1787,1
1788,1
1789,1
1790,1
1791,0
1792,1
1793,1
1794,1
1795,0
1796,0
1797,1
1798,0
1799,1
1800,0
1801,0
1802,1
1803,1
1804,1
1805,1
1806,1
1807,1
1808,0
1809,0
1810,1
1811,0
1812,1
1813,1
1814,0
1815,1
1816,1
1817,1
1818,0
1819,0
1820,1
1821,1
1822,1
1823,0
1824,0
1825,0
1826,1
1827,0
1828,0
1829,1
1830,1
1831,0
1832,1
1833,1
1834,0
1835,1
1836,1
1837,1
1838,1
1839,1
1840,1
1841,0
1842,1
1843,0
1844,1
1845,1
1846,0
1847,1
1848,1
1849,0
1850,0
1851,0
1852,0
1853,0
1854,0
1855,1
1856,0
1857,0
1858,1
1859,0
1860,1
1861,0
1862,1
1863,1
1864,0
1865,1
1866,1
1867,1
1868,1
1869,1
1870,1
1871,1
1872,1
1873,1
1874,1
1875,1
1876,0
1877,0
1878,0
1879,1
1880,0
1881,0
1882,1
1883,1
1884,0
1885,1
1886,0
1887,1
1888,0
1889,1
1890,0
1891,0
1892,0
1893,1
1894,0
1895,1
1896,1
1897,1
1898,1
1899,1
1900,0
1901,1
1902,0
1903,1
1904,1
1905,0
1906,1
1907,0
1908,0
1909,0
1910,0
1911,1
1912,1
1913,1
1914,1
1915,1
1916,1
1917,1
1918,0
1919,1
1920,0
1921,1
1922,1
1923,0
1924,1
1925,0
1926,1
1927,0
1928,1
1929,1
1930,1
1931,1
1932,1
1933,1
1934,0
1935,1
1936,1
1937,0
1938,0
1939,1
1940,1
1941,0
1942,1
1943,1
1944,1
1945,0
1946,0
1947,1
1948,0
1949,1
1950,1
1951,0
1952,1
1953,1
1954,0
1955,1
1956,1
1957,0
1958,0
1959,1
1960,1
1961,1
1962,0
1963,1
1964,1
1965,0
1966,1
1967,1
1968,1
1969,0
1970,1
1971,1
1972,1
1973,1
1974,1
1975,1
1976,1
1977,0
1978,0
1979,1
1980,1
1981,0
1982,0
1983,0
1984,0
1985,0
1986,0
1987,0
1988,1
1989,1
1990,0
1991,0
1992,1
1993,1
1994,0
1995,1
1996,0
1997,0
1998,1
1999,0
2000,0
2001,0
2002,1
2003,0
2004,0
2005,1
2006,1
2007,0
2008,1
2009,1
2010,1
2011,0
2012,1
2013,1
2014,0
2015,1
2016,1
2017,0
2018,0
2019,1
2020,0
2021,1
2022,0
2023,1
2024,1
2025,0
2026,1
2027,1
2028,1
2029,0
2030,1
2031,1
2032,1
2033,0
2034,1
2035,1
2036,0
2037,1
2038,1
2039,1
2040,1
2041,1
2042,1
2043,1
2044,0
2045,0
2046,0
2047,0
2048,1
2049,0
2050,1
2051,1
2052,1
2053,1
2054,1
2055,1
2056,1
2057,0
2058,1
2059,1
2060,1
2061,1
2062,1
2063,0
2064,1
2065,1
2066,0
2067,1
2068,1
2069,1
2070,1
2071,1
2072,0
2073,0
2074,1
2075,1
2076,1
2077,1
2078,0
2079,1
2080,1
2081,1
2082,1
2083,1
2084,0
2085,0
2086,1
2087,1
2088,1
2089,1
2090,0
2091,0
2092,1
2093,1
2094,1
2095,1
2096,1
2097,1
2098,1
2099,0
2100,0
2101,1
2102,1
2103,1
2104,1
2105,1
2106,0
2107,0
2108,0
2109,1
2110,1
2111,0
2112,1
2113,1
2114,0
2115,1
2116,1
2117,0
2118,1
2119,1
2120,0
2121,1
2122,1
2123,0
2124,1
2125,1
2126,1
2127,0
2128,1
2129,1
2130,1
2131,1
2132,1
2133,1
2134,0
2135,1
2136,0
2137,1
2138,1
2139,1
2140,0
2141,1
2142,1
2143,0
2144,1
2145,1
2146,0
2147,0
2148,1
2149,1
2150,1
2151,1
2152,0
2153,1
2154,0
2155,0
2156,1
2157,0
2158,1
2159,0
2160,0
2161,0
2162,1
2163,1
2164,0
2165,0
2166,1
2167,1
2168,0
2169,1
2170,1
2171,0
2172,0
2173,1
2174,1
2175,0
2176,0
2177,1
2178,1
2179,0
2180,0
2181,0
2182,1
2183,1
2184,0
2185,1
2186,1
2187,0
2188,0
2189,0
2190,1
2191,1
2192,1
2193,0
2194,0
2195,0
2196,1
2197,1
2198,1
2199,0
2200,1
2201,0
2202,1
2203,1
2204,1
2205,1
2206,1
2207,1
2208,1
2209,0
2210,1
2211,1
2212,1
2213,1
2214,1
2215,1
2216,0
2217,1
2218,1
2219,0
2220,1
2221,1
2222,1
2223,0
2224,1
2225,1
2226,1
2227,1
2228,1
2229,1
2230,0
2231,1
2232,1
2233,0
2234,1
2235,1
2236,0
2237,1
2238,0
2239,1
2240,0
2241,1
2242,1
2243,1
2244,1
2245,1
2246,0
2247,1
2248,0
2249,1
2250,1
2251,1
2252,0
2253,1
2254,0
2255,0
2256,1
2257,0
2258,0
2259,0
2260,1
2261,1
2262,0
2263,0
2264,0
2265,1
2266,1
2267,0
2268,1
2269,0
2270,1
2271,1
2272,0
2273,1
2274,0
2275,1
2276,1
2277,0
2278,1
2279,1
2280,1
2281,1
2282,0
2283,1
2284,0
2285,1
2286,1
2287,1
2288,1
2289,1
2290,1
2291,1
2292,1
2293,0
2294,1
2295,1
2296,1
2297,1
2298,1
2299,1
2300,1
2301,1
2302,0
2303,1
2304,1
2305,1
2306,1
2307,0
2308,1
2309,0
2310,0
2311,1
2312,1
2313,1
2314,0
2315,0
2316,0
2317,1
2318,0
2319,0
2320,1
2321,1
2322,1
2323,1
2324,1
2325,0
2326,0
2327,1
2328,1
2329,1
2330,0
2331,1
2332,1
2333,1
2334,1
2335,1
2336,1
2337,0
2338,0
2339,1
2340,1
2341,0
2342,1
2343,0
2344,0
2345,1
2346,1
2347,0
2348,0
2349,0
2350,1
2351,0
2352,1
2353,1
2354,1
2355,1
2356,0
2357,1
2358,1
2359,0
2360,1
2361,0
2362,1
2363,1
2364,1
2365,1
2366,1
2367,0
2368,0
2369,0
2370,0
2371,0
2372,0
2373,1
2374,1
2375,1
2376,1
2377,1
2378,0
2379,1
2380,1
2381,1
2382,0
2383,0
2384,1
2385,0
2386,0
2387,1
2388,0
2389,1
2390,1
2391,1
2392,1
2393,0
2394,0
2395,1
2396,1
2397,1
2398,1
2399,1
2400,1
2401,1
2402,0
2403,0
2404,0
2405,1
2406,0
2407,1
2408,1
2409,0
2410,1
2411,0
2412,0
2413,1
2414,1
2415,0
2416,1
2417,0
2418,1
2419,1
2420,1
2421,1
2422,0
2423,1
2424,0
2425,1
2426,0
2427,1
2428,1
2429,1
2430,1
2431,0
2432,1
2433,1
2434,1
2435,1
2436,0
2437,1
2438,1
2439,0
2440,1
2441,1
2442,1
2443,1
2444,1
2445,1
2446,1
2447,0
2448,0
2449,0
2450,1
2451,0
2452,1
2453,0
2454,1
2455,1
2456,0
2457,0
2458,1
2459,1
2460,1
2461,0
2462,0
2463,1
2464,0
2465,1
2466,1
2467,1
2468,0
2469,0
2470,1
2471,0
2472,1
2473,0
2474,1
2475,0
2476,1
2477,1
2478,1
2479,1
2480,1
2481,1
2482,1
2483,1
2484,1
2485,1
2486,1
2487,0
2488,1
2489,1
2490,1
2491,0
2492,1
2493,1
2494,1
2495,0
2496,1
2497,0
2498,0
2499,1
2500,0
2501,1
2502,1
2503,1
2504,1
2505,1
2506,1
2507,0
2508,0
2509,1
2510,0
2511,1
2512,1
2513,1
2514,1
2515,1
2516,0
2517,1
2518,1
2519,1
2520,1
2521,1
2522,1
2523,0
2524,1
2525,1
2526,1
2527,1
2528,1
2529,1
2530,0
2531,0
2532,1
2533,1
2534,1
2535,1
2536,1
2537,0
2538,1
2539,1
2540,1
2541,1
2542,1
2543,1
2544,1
2545,1
2546,1
2547,1
2548,1
2549,1
2550,1
2551,1
2552,0
2553,1
2554,1
2555,0
2556,0
2557,0
2558,1
2559,0
2560,1
2561,0
2562,1
2563,1
2564,0
2565,1
2566,1
2567,0
2568,1
2569,1
2570,1
2571,0
2572,1
2573,0
2574,0
2575,1
2576,0
2577,1
2578,0
2579,1
2580,0
2581,1
2582,1
2583,1
2584,1
2585,0
2586,1
2587,1
2588,0
2589,1
2590,1
2591,0
2592,1
2593,1
2594,0
2595,1
2596,1
2597,0
2598,1
2599,1
2600,1
2601,1
2602,1
2603,0
2604,0
2605,1
2606,0
2607,0
2608,1
2609,1
2610,1
2611,1
2612,0
2613,0
2614,1
2615,1
2616,1
2617,0
2618,1
2619,0
2620,0
2621,0
2622,1
2623,1
2624,1
2625,1
2626,1
2627,0
2628,1
2629,0
2630,1
2631,0
2632,1
2633,1
2634,0
2635,0
2636,1
2637,1
2638,0
2639,0
2640,1
2641,0
2642,1
2643,1
2644,1
2645,1
2646,0
2647,1
2648,1
2649,1
2650,1
2651,1
2652,1
2653,1
2654,1
2655,1
2656,1
2657,1
2658,0
2659,1
2660,1
2661,1
2662,1
2663,1
2664,1
2665,1
2666,0
2667,1
2668,1
2669,0
2670,1
2671,1
2672,0
2673,1
2674,1
2675,0
2676,1
2677,1
2678,0
2679,1
2680,1
2681,0
2682,0
2683,0
2684,1
2685,1
2686,1
2687,0
2688,1
2689,0
2690,1
2691,0
2692,1
2693,1
2694,1
2695,1
2696,1
2697,1
2698,1
2699,0
2700,1
2701,1
2702,1
2703,0
2704,1
2705,1
2706,1
2707,0
2708,1
2709,0
2710,1
2711,0
2712,1
2713,1
2714,1
2715,1
2716,0
2717,1
2718,1
2719,0
2720,1
2721,1
2722,0
2723,0
2724,1
2725,0
2726,1
2727,1
2728,1
2729,1
2730,1
2731,0
2732,1
2733,0
2734,1
2735,0
2736,1
2737,0
2738,0
2739,0
2740,0
2741,0
2742,1
2743,1
2744,1
2745,1
2746,1
2747,0
2748,1
2749,1
2750,1
2751,0
2752,1
2753,0
2754,1
2755,1
2756,0
2757,0
2758,1
2759,0
2760,1
2761,1
2762,1
2763,1
2764,0
2765,1
2766,1
2767,1
2768,1
2769,1
2770,0
2771,1
2772,1
2773,0
2774,0
2775,0
2776,1
2777,0
2778,1
2779,1
2780,1
2781,1
2782,1
2783,1
2784,1
2785,1
2786,1
2787,1
2788,0
2789,0
2790,0
2791,0
2792,1
2793,1
2794,0
2795,1
2796,0
2797,1
2798,0
2799,0
2800,1
2801,0
2802,1
2803,1
2804,0
2805,0
2806,1
2807,1
2808,1
2809,1
2810,0
2811,1
2812,1
2813,1
2814,0
2815,1
2816,1
2817,1
2818,0
2819,1
2820,1
2821,1
2822,1
2823,1
2824,1
2825,0
2826,0
2827,1
2828,1
2829,0
2830,1
2831,0
2832,1
2833,1
2834,1
2835,1
2836,0
2837,0
2838,1
2839,1
2840,0
2841,1
2842,1
2843,0
2844,0
2845,1
2846,1
2847,1
2848,1
2849,0
2850,1
2851,0
2852,0
2853,1
2854,1
2855,1
2856,1
2857,1
2858,0
2859,1
2860,0
2861,0
2862,1
2863,1
2864,0
2865,1
2866,0
2867,0
2868,0
2869,1
2870,1
2871,0
2872,0
2873,1
2874,1
2875,0
2876,1
2877,1
2878,1
2879,0
2880,0
2881,1
2882,0
2883,1
2884,1
2885,0
2886,1
2887,1
2888,1
2889,0
2890,1
2891,1
2892,1
2893,1
2894,0
2895,1
2896,0
2897,0
2898,0
2899,1
2900,1
2901,1
2902,1
2903,0
2904,1
2905,0
2906,1
2907,1
2908,0
2909,0
2910,1
2911,1
2912,1
2913,1
2914,0
2915,1
2916,1
2917,1
2918,1
2919,0
2920,1
2921,1
2922,0
2923,0
2924,1
2925,1
2926,0
2927,0
2928,1
2929,1
2930,1
2931,1
2932,0
2933,0
2934,0
2935,1
2936,1
2937,1
2938,1
2939,1
2940,0
2941,0
2942,1
2943,1
2944,1
2945,0
2946,1
2947,1
2948,1
2949,0
2950,0
2951,1
2952,0
2953,0
2954,1
2955,1
2956,0
2957,0
2958,1
2959,1
2960,0
2961,0
2962,1
2963,1
2964,1
2965,1
2966,0
2967,1
2968,1
2969,1
2970,0
2971,0
2972,0
2973,1
2974,1
2975,1
2976,0
2977,0
2978,1
2979,1
2980,1
2981,1
2982,1
2983,1
2984,0
2985,1
2986,0
2987,1
2988,1
2989,0
2990,0
2991,1
2992,0
2993,1
2994,0
2995,1
2996,0
2997,1
2998,1
2999,1
3000,1
3001,1
3002,1
3003,1
3004,1
3005,1
3006,1
3007,1
3008,0
3009,1
3010,1
3011,0
3012,1
3013,1
3014,1
3015,1
3016,1
3017,0
3018,1
3019,1
3020,0
3021,0
3022,0
3023,0
3024,1
3025,0
3026,1
3027,1
3028,0
3029,1
3030,0
3031,0
3032,1
3033,1
3034,0
3035,0
3036,1
3037,0
3038,1
3039,0
3040,1
3041,1
3042,0
3043,0
3044,0
3045,1
3046,1
3047,0
3048,1
3049,0
3050,1
3051,1
3052,1
3053,1
3054,0
3055,0
3056,1
3057,1
3058,1
3059,0
3060,0
3061,1
3062,1
3063,1
3064,0
3065,1
3066,0
3067,0
3068,0
3069,1
3070,0
3071,0
3072,0
3073,0
3074,1
3075,1
3076,0
3077,1
3078,0
3079,0
3080,0
3081,1
3082,1
3083,1
3084,1
3085,1
3086,1
3087,1
3088,1
3089,0
3090,1
3091,0
3092,1
3093,1
3094,1
3095,1
3096,0
3097,1
3098,0
3099,1
3100,0
3101,1
3102,1
3103,0
3104,1
3105,1
3106,0
3107,1
3108,0
3109,0
3110,0
3111,1
3112,1
3113,1
3114,1
3115,0
3116,1
3117,0
3118,1
3119,0
3120,1
3121,0
3122,0
3123,1
3124,0
3125,1
3126,1
3127,0
3128,1
3129,1
3130,0
3131,1
3132,1
3133,1
3134,1
3135,1
3136,1
3137,1
3138,0
3139,0
3140,1
3141,1
3142,1
3143,1
3144,1
3145,1
3146,1
3147,1
3148,1
3149,1
3150,0
3151,1
3152,1
3153,1
3154,1
3155,1
3156,0
3157,1
3158,1
3159,1
3160,1
3161,0
3162,1
3163,1
3164,0
3165,1
3166,1
3167,1
3168,1
3169,0
3170,1
3171,1
3172,0
3173,0
3174,0
3175,1
3176,1
3177,0
3178,1
3179,1
3180,0
3181,0
3182,1
3183,1
3184,1
3185,1
3186,1
3187,0
3188,1
3189,1
3190,1
3191,1
3192,1
3193,1
3194,1
3195,1
3196,1
3197,1
3198,1
3199,0
3200,0
3201,0
3202,1
3203,1
3204,1
3205,1
3206,1
3207,1
3208,1
3209,1
3210,0
3211,1
3212,0
3213,1
3214,0
3215,0
3216,1
3217,1
3218,1
3219,0
3220,1
3221,1
3222,1
3223,1
3224,1
3225,1
3226,1
3227,1
3228,0
3229,0
3230,1
3231,1
3232,1
3233,1
3234,1
3235,1
3236,1
3237,1
3238,1
3239,0
3240,0
3241,0
3242,1
3243,1
3244,0
3245,1
3246,1
3247,0
3248,1
3249,1
3250,0
3251,0
3252,1
3253,0
3254,1
3255,1
3256,1
3257,1
3258,1
3259,1
3260,1
3261,0
3262,0
3263,1
3264,0
3265,0
3266,1
3267,1
3268,1
3269,1
3270,1
3271,1
3272,0
3273,1
3274,1
3275,0
3276,1
3277,1
3278,1
3279,0
3280,1
3281,0
3282,1
3283,1
3284,1
3285,0
3286,0
3287,1
3288,0
3289,1
3290,1
3291,1
3292,0
3293,1
3294,1
3295,0
3296,1
3297,1
3298,0
3299,1
3300,1
3301,0
3302,0
3303,1
3304,1
3305,1
3306,1
3307,1
3308,0
3309,0
3310,1
3311,1
3312,1
3313,1
3314,1
3315,1
3316,0
3317,0
3318,1
3319,1
3320,1
3321,1
3322,1
3323,0
3324,0
3325,1
3326,1
3327,1
3328,1
3329,0
3330,1
3331,1
3332,0
3333,1
3334,1
3335,0
3336,0
3337,0
3338,1
3339,1
3340,1
3341,1
3342,0
3343,1
3344,0
3345,1
3346,1
3347,1
3348,1
3349,0
3350,0
3351,0
3352,1
3353,0
3354,1
3355,0
3356,0
3357,0
3358,0
3359,1
3360,1
3361,1
3362,0
3363,1
3364,1
3365,1
3366,0
3367,1
3368,1
3369,1
3370,0
3371,0
3372,1
3373,1
3374,1
3375,1
3376,0
3377,1
3378,1
3379,0
3380,0
3381,0
3382,0
3383,1
3384,1
3385,0
3386,1
3387,0
3388,1
3389,1
3390,1
3391,0
3392,0
3393,1
3394,0
3395,1
3396,1
3397,1
3398,1
3399,1
3400,1
3401,0
3402,0
3403,0
3404,1
3405,1
3406,1
3407,1
3408,1
3409,1
3410,0
3411,1
3412,1
3413,0
3414,0
3415,1
3416,1
3417,0
3418,0
3419,1
3420,1
3421,0
3422,1
3423,1
3424,1
3425,0
3426,1
3427,1
3428,0
3429,1
3430,1
3431,1
3432,1
3433,0
3434,0
3435,1
3436,0
3437,1
3438,1
3439,1
3440,0
3441,1
3442,1
3443,1
3444,1
3445,1
3446,1
3447,1
3448,1
3449,1
3450,1
3451,1
3452,1
3453,1
3454,1
3455,1
3456,0
3457,0
3458,1
3459,0
3460,1
3461,0
3462,1
3463,1
3464,1
3465,1
3466,1
3467,1
3468,1
3469,1
3470,1
3471,1
3472,1
3473,1
3474,0
3475,1
3476,1
3477,0
3478,1
3479,1
3480,1
3481,0
3482,1
3483,1
3484,1
3485,1
3486,1
3487,1
3488,1
3489,0
3490,0
3491,0
3492,1
3493,1
3494,0
3495,1
3496,1
3497,1
3498,1
3499,0
3500,1
3501,1
3502,0
3503,1
3504,1
3505,1
3506,0
3507,1
3508,1
3509,0
3510,0
3511,1
3512,0
3513,0
3514,1
3515,0
3516,0
3517,1
3518,1
3519,1
3520,0
3521,0
3522,0
3523,0
3524,1
3525,1
3526,1
3527,0
3528,0
3529,0
3530,1
3531,1
3532,0
3533,1
3534,1
3535,1
3536,1
3537,0
3538,1
3539,1
3540,1
3541,1
3542,0
3543,1
3544,1
3545,1
3546,0
3547,1
3548,1
3549,0
3550,1
3551,1
3552,1
3553,0
3554,0
3555,0
3556,1
3557,0
3558,0
3559,1
3560,0
3561,0
3562,0
3563,1
3564,1
3565,1
3566,1
3567,1
3568,1
3569,0
3570,0
3571,1
3572,0
3573,0
3574,1
3575,0
3576,0
3577,1
3578,1
3579,1
3580,0
3581,1
3582,1
3583,0
3584,1
3585,1
3586,1
3587,0
3588,0
3589,1
3590,0
3591,0
3592,1
3593,1
3594,1
3595,1
3596,1
3597,1
3598,0
3599,1
3600,0
3601,0
3602,1
3603,0
3604,0
3605,1
3606,1
3607,1
3608,1
3609,0
3610,0
3611,1
3612,0
3613,1
3614,1
3615,1
3616,0
3617,1
3618,1
3619,0
3620,1
3621,0
3622,1
3623,1
3624,1
3625,1
3626,1
3627,0
3628,1
3629,1
3630,1
3631,0
3632,1
3633,0
3634,1
3635,1
3636,0
3637,1
3638,1
3639,0
3640,0
3641,0
3642,0
3643,1
3644,0
3645,1
3646,1
3647,0
3648,1
3649,0
3650,1
3651,1
3652,0
3653,1
3654,0
3655,0
3656,0
3657,0
3658,1
3659,1
3660,1
3661,0
3662,1
3663,0
3664,1
3665,0
3666,1
3667,1
3668,1
3669,1
3670,0
3671,0
3672,1
3673,0
3674,1
3675,1
3676,1
3677,0
3678,0
3679,1
3680,1
3681,1
3682,0
3683,1
3684,0
3685,0
3686,1
3687,0
3688,1
3689,0
3690,1
3691,1
3692,1
3693,1
3694,1
3695,1
3696,1
3697,1
3698,1
3699,1
3700,0
3701,0
3702,0
3703,1
3704,1
3705,1
3706,1
3707,1
3708,0
3709,1
3710,1
3711,1
3712,1
3713,1
3714,0
3715,0
3716,0
3717,1
3718,0
3719,1
3720,1
3721,0
3722,1
3723,1
3724,0
3725,0
3726,0
3727,1
3728,1
3729,1
3730,1
3731,1
3732,1
3733,0
3734,1
3735,1
3736,1
3737,1
3738,1
3739,0
3740,0
3741,1
3742,1
3743,0
3744,1
3745,1
3746,0
3747,1
3748,1
3749,0
3750,1
3751,1
3752,0
3753,1
3754,1
3755,1
3756,0
3757,0
3758,0
3759,1
3760,0
3761,0
3762,1
3763,0
3764,0
3765,0
3766,1
3767,1
3768,1
3769,1
3770,0
3771,1
3772,0
3773,0
3774,0
3775,1
3776,0
3777,0
3778,1
3779,1
3780,1
3781,1
3782,0
3783,1
3784,1
3785,1
3786,0
3787,1
3788,1
3789,1
3790,0
3791,1
3792,1
3793,0
3794,0
3795,1
3796,1
3797,1
3798,0
3799,0
3800,0
3801,1
3802,1
3803,0
3804,0
3805,0
3806,0
3807,0
3808,1
3809,0
3810,1
3811,1
3812,1
3813,1
3814,1
3815,0
3816,1
3817,1
3818,0
3819,1
3820,1
3821,0
3822,1
3823,1
3824,0
3825,0
3826,0
3827,0
3828,0
3829,0
3830,0
3831,0
3832,1
3833,0
3834,0
3835,1
3836,0
3837,1
3838,1
3839,1
3840,1
3841,1
3842,1
3843,1
3844,1
3845,0
3846,1
3847,1
3848,1
3849,1
3850,1
3851,0
3852,1
3853,1
3854,0
3855,1
3856,1
3857,1
3858,1
3859,0
3860,1
3861,0
3862,1
3863,1
3864,1
3865,1
3866,0
3867,1
3868,1
3869,1
3870,1
3871,0
3872,0
3873,0
3874,0
3875,1
3876,1
3877,0
3878,1
3879,1
3880,0
3881,1
3882,1
3883,1
3884,0
3885,1
3886,1
3887,1
3888,0
3889,0
3890,0
3891,1
3892,1
3893,1
3894,0
3895,1
3896,0
3897,1
3898,1
3899,1
3900,1
3901,0
3902,1
3903,1
3904,1
3905,1
3906,1
3907,0
3908,1
3909,1
3910,1
3911,1
3912,0
3913,1
3914,0
3915,1
3916,1
3917,1
3918,1
3919,1
3920,1
3921,0
3922,0
3923,0
3924,0
3925,0
3926,0
3927,1
3928,0
3929,1
3930,1
3931,1
3932,0
3933,1
3934,1
3935,1
3936,0
3937,1
3938,0
3939,1
3940,1
3941,1
3942,1
3943,1
3944,1
3945,1
3946,1
3947,0
3948,1
3949,0
3950,1
3951,0
3952,1
3953,1
3954,1
3955,0
3956,0
3957,0
3958,0
3959,1
3960,0
3961,1
3962,1
3963,1
3964,0
3965,0
3966,0
3967,0
3968,0
3969,0
3970,0
3971,1
3972,1
3973,0
3974,0
3975,1
3976,1
3977,0
3978,0
3979,1
3980,1
3981,1
3982,0
3983,1
3984,1
3985,1
3986,0
3987,0
3988,0
3989,1
3990,1
3991,1
3992,1
3993,1
3994,0
3995,1
3996,0
3997,1
3998,1
3999,1
4000,0
4001,0
4002,1
4003,1
4004,0
4005,1
4006,1
4007,1
4008,0
4009,1
4010,0
4011,1
4012,1
4013,1
4014,1
4015,1
4016,1
4017,1
4018,0
4019,1
4020,1
4021,1
4022,1
4023,1
4024,1
4025,1
4026,1
4027,1
4028,0
4029,0
4030,0
4031,1
4032,0
4033,1
4034,1
4035,0
4036,0
4037,1
4038,1
4039,0
4040,1
4041,1
4042,0
4043,0
4044,0
4045,1
4046,1
4047,1
4048,1
4049,1
4050,0
4051,1
4052,1
4053,1
4054,0
4055,0
4056,1
4057,0
4058,1
4059,1
4060,1
4061,0
4062,1
4063,1
4064,0
4065,1
4066,1
4067,1
4068,0
4069,1
4070,1
4071,1
4072,1
4073,0
4074,1
4075,1
4076,0
4077,1
4078,1
4079,0
4080,0
4081,0
4082,1
4083,1
4084,1
4085,0
4086,1
4087,0
4088,1
4089,0
4090,0
4091,0
4092,0
4093,0
4094,0
4095,0
4096,1
4097,1
4098,1
4099,0
4100,1
4101,0
4102,0
4103,1
4104,1
4105,1
4106,0
4107,1
4108,1
4109,0
4110,1
4111,0
4112,1
4113,1
4114,1
4115,0
4116,1
4117,1
4118,1
4119,0
4120,1
4121,0
4122,0
4123,1
4124,0
4125,1
4126,1
4127,1
4128,0
4129,0
4130,1
4131,1
4132,1
4133,1
4134,1
4135,0
4136,1
4137,1
4138,0
4139,1
4140,0
4141,1
4142,1
4143,1
4144,1
4145,1
4146,0
4147,1
4148,1
4149,1
4150,1
4151,1
4152,1
4153,1
4154,1
4155,0
4156,0
4157,1
4158,1
4159,1
4160,0
4161,1
4162,0
4163,1
4164,1
4165,1
4166,0
4167,1
4168,1
4169,1
4170,0
4171,0
4172,0
4173,1
4174,0
4175,0
4176,1
4177,0
4178,1
4179,1
4180,1
4181,0
4182,1
4183,0
4184,1
4185,1
4186,1
4187,1
4188,1
4189,1
4190,0
4191,0
4192,1
4193,1
4194,1
4195,0
4196,0
4197,1
4198,0
4199,0
4200,0
4201,0
4202,1
4203,1
4204,0
4205,0
4206,1
4207,1
4208,1
4209,1
4210,1
4211,1
4212,1
4213,1
4214,1
4215,1
4216,0
4217,0
4218,1
4219,1
4220,1
4221,0
4222,0
4223,0
4224,1
4225,1
4226,0
4227,1
4228,1
4229,1
4230,1
4231,1
4232,1
4233,1
4234,1
4235,1
4236,1
4237,1
4238,0
4239,1
4240,1
4241,1
4242,0
4243,1
4244,1
4245,1
4246,1
4247,1
4248,1
4249,0
4250,0
4251,0
4252,0
4253,0
4254,1
4255,0
4256,1
4257,1
4258,0
4259,1
4260,0
4261,1
4262,1
4263,1
4264,1
4265,1
4266,0
4267,1
4268,0
4269,0
4270,1
4271,1
4272,1
4273,1
4274,1
4275,0
4276,1
4277,1
4278,1
4279,0
4280,1
4281,1
4282,0
4283,0
4284,0
4285,1
4286,1
4287,1
4288,1
4289,1
4290,0
4291,1
4292,1
4293,1
4294,0
4295,1
4296,0
4297,1
4298,1
4299,1
4300,1
4301,1
4302,0
4303,1
4304,0
4305,1
4306,1
4307,0
4308,0
4309,1
4310,1
4311,0
4312,0
4313,0
4314,1
4315,1
4316,1
4317,1
4318,1
4319,1
4320,0
4321,0
4322,1
4323,0
4324,0
4325,1
4326,1
4327,1
4328,1
4329,1
4330,0
4331,1
4332,1
4333,1
4334,1
4335,0
4336,1
4337,1
4338,1
4339,1
4340,1
4341,0
4342,1
4343,1
4344,1
4345,0
4346,1
4347,0
4348,1
4349,1
4350,1
4351,1
4352,0
4353,1
4354,1
4355,1
4356,0
4357,1
4358,1
4359,1
4360,1
4361,1
4362,1
4363,0
4364,1
4365,1
4366,0
4367,0
4368,0
4369,1
4370,1
4371,0
4372,1
4373,1
4374,1
4375,1
4376,1
4377,1
4378,0
4379,0
4380,0
4381,0
4382,0
4383,1
4384,0
4385,1
4386,1
4387,0
4388,1
4389,1
4390,1
4391,0
4392,0
4393,1
4394,1
4395,1
4396,1
4397,1
4398,1
4399,0
4400,0
4401,0
4402,1
4403,1
4404,0
4405,1
4406,1
4407,0
4408,1
4409,1
4410,1
4411,0
4412,1
4413,0
4414,1
4415,1
4416,1
4417,0
4418,1
4419,1
4420,0
4421,1
4422,1
4423,1
4424,1
4425,1
4426,0
4427,0
4428,1
4429,0
4430,1
4431,0
4432,0
4433,0
4434,1
4435,1
4436,0
4437,0
4438,0
4439,1
4440,1
4441,0
4442,0
4443,0
4444,0
4445,0
4446,1
4447,1
4448,0
4449,1
4450,0
4451,1
4452,1
4453,1
4454,1
4455,1
4456,0
4457,0
4458,0
4459,1
4460,0
4461,1
4462,1
4463,0
4464,1
4465,1
4466,0
4467,0
4468,1
4469,0
4470,1
4471,0
4472,1
4473,1
4474,1
4475,1
4476,1
4477,1
4478,1
4479,0
4480,1
4481,1
4482,1
4483,1
4484,1
4485,0
4486,1
4487,1
4488,0
4489,0
4490,0
4491,1
4492,1
4493,1
4494,0
4495,1
4496,1
4497,0
4498,1
4499,1
4500,1
4501,1
4502,1
4503,1
4504,1
4505,1
4506,1
4507,1
4508,1
4509,0
4510,0
4511,0
4512,1
4513,1
4514,1
4515,1
4516,1
4517,1
4518,0
4519,0
4520,1
4521,1
4522,1
4523,1
4524,0
4525,1
4526,1
4527,1
4528,1
4529,1
4530,1
4531,1
4532,1
4533,0
4534,1
4535,1
4536,1
4537,1
4538,0
4539,1
4540,0
4541,1
4542,0
4543,1
4544,1
4545,0
4546,0
4547,0
4548,1
4549,0
4550,1
4551,0
4552,1
4553,1
4554,0
4555,1
4556,0
4557,1
4558,0
4559,1
4560,1
4561,0
4562,1
4563,0
4564,0
4565,1
4566,1
4567,0
4568,0
4569,1
4570,1
4571,0
4572,0
4573,0
4574,1
4575,1
4576,0
4577,0
4578,1
4579,1
4580,0
4581,1
4582,0
4583,1
4584,0
4585,0
4586,0
4587,1
4588,1
4589,0
4590,0
4591,1
4592,1
4593,0
4594,1
4595,1
4596,1
4597,1
4598,1
4599,0
4600,1
4601,1
4602,1
4603,0
4604,1
4605,0
4606,0
4607,1
4608,1
4609,1
4610,0
4611,1
4612,0
4613,1
4614,1
4615,1
4616,0
4617,1
4618,1
4619,1
4620,1
4621,1
4622,1
4623,0
4624,0
4625,0
4626,1
4627,1
4628,0
4629,0
4630,0
4631,0
4632,0
4633,0
4634,1
4635,1
4636,1
4637,1
4638,1
4639,1
4640,1
4641,1
4642,1
4643,0
4644,0
4645,0
4646,0
4647,0
4648,0
4649,1
4650,0
4651,1
4652,0
4653,1
4654,0
4655,1
4656,1
4657,1
4658,0
4659,1
4660,1
4661,1
4662,0
4663,1
4664,1
4665,0
4666,0
4667,1
4668,0
4669,1
4670,0
4671,1
4672,0
4673,0
4674,0
4675,1
4676,1
4677,0
4678,0
4679,1
4680,1
4681,1
4682,1
4683,1
4684,0
4685,1
4686,0
4687,1
4688,0
4689,0
4690,1
4691,1
4692,1
4693,1
4694,0
4695,1
4696,1
4697,1
4698,0
4699,1
4700,1
4701,0
4702,1
4703,1
4704,1
4705,1
4706,1
4707,0
4708,1
4709,1
4710,1
4711,0
4712,0
4713,0
4714,0
4715,0
4716,1
4717,0
4718,0
4719,1
4720,0
4721,1
4722,1
4723,1
4724,1
4725,0
4726,0
4727,1
4728,1
4729,1
4730,1
4731,1
4732,1
4733,1
4734,0
4735,0
4736,0
4737,1
4738,1
4739,1
4740,1
4741,1
4742,0
4743,1
4744,0
4745,1
4746,1
4747,0
4748,1
4749,1
4750,1
4751,1
4752,1
4753,1
4754,1
4755,1
4756,1
4757,1
4758,0
4759,1
4760,1
4761,1
4762,1
4763,1
4764,1
4765,1
4766,1
4767,1
4768,1
4769,1
4770,1
4771,1
4772,1
4773,1
4774,1
4775,1
4776,1
4777,1
4778,0
4779,1
4780,0
4781,1
4782,1
4783,1
4784,0
4785,1
4786,1
4787,1
4788,1
4789,1
4790,0
4791,1
4792,1
4793,1
4794,0
4795,1
4796,0
4797,0
4798,1
4799,1
4800,0
4801,1
4802,1
4803,1
4804,0
4805,1
4806,1
4807,1
4808,1
4809,1
4810,1
4811,1
4812,0
4813,1
4814,1
4815,1
4816,1
4817,0
4818,1
4819,1
4820,1
4821,1
4822,0
4823,0
4824,1
4825,1
4826,0
4827,1
4828,1
4829,1
4830,1
4831,1
4832,1
4833,1
4834,1
4835,1
4836,1
4837,1
4838,1
4839,1
4840,1
4841,0
4842,1
4843,0
4844,1
4845,0
4846,0
4847,0
4848,1
4849,1
4850,0
4851,0
4852,1
4853,1
4854,0
4855,1
4856,1
4857,0
4858,1
4859,1
4860,0
4861,1
4862,0
4863,0
4864,1
4865,0
4866,0
4867,1
4868,1
4869,0
4870,0
4871,1
4872,1
4873,1
4874,1
4875,1
4876,1
4877,1
4878,1
4879,1
4880,0
4881,0
4882,1
4883,0
4884,0
4885,0
4886,1
4887,0
4888,1
4889,1
4890,0
4891,1
4892,1
4893,1
4894,0
4895,1
4896,1
4897,0
4898,0
4899,0
4900,0
4901,0
4902,1
4903,1
4904,1
4905,0
4906,0
4907,1
4908,1
4909,0
4910,0
4911,1
4912,0
4913,1
4914,1
4915,0
4916,1
4917,1
4918,1
4919,0
4920,1
4921,1
4922,0
4923,0
4924,0
4925,1
4926,1
4927,1
4928,0
4929,1
4930,1
4931,0
4932,1
4933,1
4934,0
4935,0
4936,0
4937,0
4938,1
4939,0
4940,0
4941,0
4942,0
4943,1
4944,1
4945,1
4946,1
4947,1
4948,1
4949,0
4950,0
4951,0
4952,0
4953,0
4954,0
4955,0
4956,1
4957,0
4958,0
4959,0
4960,0
4961,1
4962,0
4963,0
4964,1
4965,1
4966,0
4967,1
4968,1
4969,1
4970,1
4971,1
4972,1
4973,1
4974,1
4975,1
4976,0
4977,0
4978,1
4979,1
4980,1
4981,1
4982,0
4983,0
4984,0
4985,1
4986,0
4987,0
4988,0
4989,1
4990,1
4991,1
4992,1
4993,0
4994,0
4995,0
4996,1
4997,0
4998,0
4999,1
5000,0
5001,0
5002,1
5003,0
5004,0
5005,0
5006,0
5007,1
5008,1
5009,1
5010,1
5011,1
5012,1
5013,1
5014,0
5015,0
5016,1
5017,1
5018,1
5019,0
5020,1
5021,0
5022,1
5023,1
5024,1
5025,1
5026,0
5027,1
5028,1
5029,0
5030,0
5031,0
5032,1
5033,1
5034,0
5035,0
5036,1
5037,0
5038,1
5039,1
5040,1
5041,0
5042,0
5043,0
5044,0
5045,1
5046,1
5047,1
5048,1
5049,1
5050,0
5051,1
5052,0
5053,0
5054,0
5055,1
5056,1
5057,1
5058,1
5059,1
5060,1
5061,0
5062,0
5063,1
5064,0
5065,1
5066,0
5067,0
5068,1
5069,1
5070,0
5071,0
5072,1
5073,1
5074,0
5075,1
5076,1
5077,0
5078,1
5079,1
5080,1
5081,1
5082,0
5083,1
5084,0
5085,1
5086,0
5087,1
5088,1
5089,1
5090,1
5091,1
5092,1
5093,1
5094,1
5095,1
5096,1
5097,0
5098,1
5099,0
5100,1
5101,0
5102,1
5103,1
5104,1
5105,1
5106,1
5107,1
5108,0
5109,0
5110,0
5111,0
5112,1
5113,0
5114,0
5115,0
5116,1
5117,0
5118,1
5119,1
5120,1
5121,1
5122,0
5123,1
5124,0
5125,1
5126,1
5127,0
5128,1
5129,1
5130,1
5131,0
5132,0
5133,0
5134,1
5135,1
5136,1
5137,1
5138,0
5139,0
5140,1
5141,1
5142,1
5143,1
5144,1
5145,1
5146,1
5147,1
5148,0
5149,1
5150,1
5151,0
5152,1
5153,0
5154,0
5155,0
5156,1
5157,1
5158,1
5159,0
5160,0
5161,0
5162,1
5163,0
5164,1
5165,1
5166,0
5167,1
5168,1
5169,1
5170,0
5171,1
5172,0
5173,1
5174,0
5175,1
5176,0
5177,0
5178,1
5179,0
5180,1
5181,0
5182,1
5183,1
5184,1
5185,1
5186,1
5187,1
5188,1
5189,1
5190,0
5191,0
5192,0
5193,1
5194,1
5195,1
5196,1
5197,0
5198,1
5199,1
5200,1
5201,1
5202,0
5203,1
5204,0
5205,1
5206,1
5207,1
5208,0
5209,0
5210,1
5211,1
5212,0
5213,1
5214,1
5215,0
5216,1
5217,1
5218,1
5219,0
5220,1
5221,0
5222,0
5223,1
5224,1
5225,1
5226,1
5227,1
5228,0
5229,1
5230,1
5231,1
5232,1
5233,1
5234,1
5235,0
5236,1
5237,1
5238,1
5239,1
5240,1
5241,0
5242,0
5243,0
5244,1
5245,1
5246,1
5247,1
5248,1
5249,1
5250,1
5251,0
5252,0
5253,0
5254,1
5255,0
5256,0
5257,0
5258,1
5259,1
5260,1
5261,1
5262,0
5263,1
5264,1
5265,1
5266,0
5267,1
5268,1
5269,1
5270,0
5271,1
5272,1
5273,1
5274,1
5275,0
5276,1
5277,0
5278,0
5279,1
5280,0
5281,1
5282,0
5283,1
5284,1
5285,1
5286,1
5287,0
5288,1
5289,0
5290,0
5291,0
5292,1
5293,0
5294,1
5295,1
5296,0
5297,1
5298,1
5299,1
5300,1
5301,1
5302,1
5303,1
5304,1
5305,1
5306,0
5307,1
5308,1
5309,0
5310,1
5311,1
5312,1
5313,0
5314,1
5315,1
5316,0
5317,0
5318,1
5319,1
5320,1
5321,1
5322,1
5323,0
5324,1
5325,1
5326,0
5327,1
5328,0
5329,0
5330,1
5331,1
5332,1
5333,0
5334,1
5335,1
5336,1
5337,0
5338,0
5339,1
5340,1
5341,0
5342,0
5343,0
5344,1
5345,1
5346,1
5347,1
5348,0
5349,0
5350,0
5351,0
5352,1
5353,1
5354,1
5355,1
5356,1
5357,1
5358,1
5359,1
5360,1
5361,0
5362,1
5363,0
5364,0
5365,1
5366,1
5367,1
5368,1
5369,1
5370,1
5371,1
5372,1
5373,1
5374,0
5375,0
5376,0
5377,1
5378,1
5379,0
5380,1
5381,1
5382,1
5383,1
5384,0
5385,0
5386,0
5387,1
5388,1
5389,0
5390,1
5391,1
5392,1
5393,1
5394,1
5395,1
5396,1
5397,1
5398,0
5399,1
5400,1
5401,0
5402,1
5403,1
5404,0
5405,1
5406,0
5407,1
5408,0
5409,0
5410,1
5411,0
5412,1
5413,0
5414,1
5415,0
5416,1
5417,0
5418,1
5419,1
5420,1
5421,1
5422,0
5423,1
5424,0
5425,0
5426,1
5427,0
5428,0
5429,0
5430,1
5431,1
5432,1
5433,1
5434,1
5435,1
5436,0
5437,0
5438,1
5439,1
5440,0
5441,1
5442,1
5443,0
5444,0
5445,1
5446,1
5447,1
5448,1
5449,1
5450,0
5451,0
5452,1
5453,1
5454,0
5455,1
5456,1
5457,0
5458,0
5459,0
5460,1
5461,0
5462,1
5463,0
5464,1
5465,0
5466,0
5467,1
5468,0
5469,1
5470,0
5471,1
5472,1
5473,1
5474,1
5475,1
5476,0
5477,1
5478,1
5479,1
5480,1
5481,1
5482,0
5483,0
5484,1
5485,1
5486,1
5487,1
5488,1
5489,0
5490,1
5491,1
5492,1
5493,1
5494,1
5495,1
5496,0
5497,1
5498,1
5499,1
5500,1
5501,1
5502,1
5503,1
5504,0
5505,1
5506,0
5507,1
5508,1
5509,1
5510,0
5511,1
5512,1
5513,1
5514,1
5515,0
5516,1
5517,1
5518,0
5519,1
5520,0
5521,0
5522,1
5523,0
5524,0
5525,1
5526,1
5527,1
5528,1
5529,0
5530,0
5531,1
5532,1
5533,1
5534,1
5535,0
5536,1
5537,1
5538,1
5539,1
5540,1
5541,0
5542,1
5543,1
5544,1
5545,1
5546,0
5547,0
5548,1
5549,1
5550,1
5551,1
5552,0
5553,1
5554,0
5555,0
5556,1
5557,0
5558,1
5559,1
5560,1
5561,1
5562,1
5563,1
5564,1
5565,0
5566,1
5567,1
5568,1
5569,0
5570,1
5571,1
5572,1
5573,0
5574,1
5575,1
5576,1
5577,0
5578,1
5579,1
5580,1
5581,1
5582,1
5583,0
5584,1
5585,0
5586,1
5587,1
5588,0
5589,1
5590,1
5591,1
5592,0
5593,1
5594,0
5595,1
5596,1
5597,0
5598,0
5599,1
5600,1
5601,1
5602,0
5603,1
5604,0
5605,1
5606,1
5607,1
5608,0
5609,0
5610,1
5611,1
5612,1
5613,0
5614,1
5615,1
5616,0
5617,1
5618,1
5619,1
5620,1
5621,0
5622,0
5623,0
5624,1
5625,1
5626,0
5627,1
5628,1
5629,0
5630,1
5631,1
5632,1
5633,1
5634,1
5635,0
5636,1
5637,0
5638,1
5639,1
5640,0
5641,1
5642,0
5643,1
5644,0
5645,1
5646,1
5647,1
5648,0
5649,1
5650,1
5651,1
5652,0
5653,1
5654,0
5655,1
5656,1
5657,0
5658,1
5659,0
5660,1
5661,1
5662,1
5663,0
5664,1
5665,0
5666,1
5667,1
5668,1
5669,1
5670,1
5671,1
5672,1
5673,1
5674,0
5675,1
5676,0
5677,1
5678,1
5679,0
5680,1
5681,1
5682,1
5683,1
5684,1
5685,0
5686,0
5687,0
5688,1
5689,1
5690,0
5691,1
5692,1
5693,1
5694,1
5695,0
5696,1
5697,0
5698,1
5699,1
5700,1
5701,0
5702,1
5703,1
5704,1
5705,1
5706,1
5707,1
5708,0
5709,1
5710,1
5711,1
5712,1
5713,1
5714,1
5715,1
5716,0
5717,0
5718,1
5719,1
5720,1
5721,0
5722,1
5723,0
5724,0
5725,1
5726,0
5727,1
5728,1
5729,1
5730,1
5731,0
5732,1
5733,1
5734,0
5735,0
5736,0
5737,0
5738,1
5739,1
5740,1
5741,0
5742,0
5743,1
5744,0
5745,1
5746,1
5747,1
5748,1
5749,1
5750,1
5751,0
5752,1
5753,0
5754,0
5755,0
5756,0
5757,1
5758,0
5759,1
5760,0
5761,1
5762,0
5763,0
5764,1
5765,0
5766,0
5767,1
5768,0
5769,1
5770,0
5771,1
5772,1
5773,1
5774,1
5775,0
5776,1
5777,0
5778,1
5779,0
5780,0
5781,1
5782,1
5783,1
5784,1
5785,1
5786,0
5787,0
5788,1
5789,1
5790,0
5791,0
5792,0
5793,0
5794,0
5795,0
5796,0
5797,1
5798,1
5799,1
5800,0
5801,1
5802,1
5803,1
5804,1
5805,1
5806,1
5807,1
5808,1
5809,0
5810,1
5811,1
5812,1
5813,1
5814,1
5815,0
5816,1
5817,0
5818,0
5819,1
5820,0
5821,1
5822,0
5823,1
5824,1
5825,0
5826,1
5827,1
5828,0
5829,1
5830,0
5831,0
5832,0
5833,0
5834,0
5835,1
5836,1
5837,1
5838,1
5839,1
5840,0
5841,1
5842,1
5843,1
5844,1
5845,1
5846,1
5847,1
5848,0
5849,1
5850,1
5851,0
5852,1
5853,1
5854,1
5855,1
5856,1
5857,1
5858,1
5859,0
5860,1
5861,1
5862,0
5863,0
5864,1
5865,0
5866,0
5867,1
5868,1
5869,0
5870,1
5871,0
5872,1
5873,1
5874,1
5875,0
5876,0
5877,1
5878,0
5879,0
5880,1
5881,1
5882,1
5883,0
5884,1
5885,0
5886,1
5887,1
5888,1
5889,1
5890,1
5891,1
5892,1
5893,1
5894,1
5895,0
5896,1
5897,1
5898,1
5899,0
5900,1
5901,1
5902,1
5903,1
5904,1
5905,1
5906,1
5907,1
5908,0
5909,1
5910,1
5911,1
5912,1
5913,0
5914,1
5915,0
5916,1
5917,1
5918,0
5919,0
5920,0
5921,0
5922,1
5923,1
5924,0
5925,1
5926,1
5927,0
5928,1
5929,0
5930,0
5931,1
5932,1
5933,1
5934,1
5935,0
5936,0
5937,1
5938,1
5939,1
5940,1
5941,0
5942,0
5943,1
5944,1
5945,0
5946,1
5947,1
5948,1
5949,1
5950,1
5951,1
5952,1
5953,0
5954,1
5955,1
5956,1
5957,1
5958,1
5959,1
5960,1
5961,0
5962,1
5963,0
5964,0
5965,1
5966,1
5967,1
5968,1
5969,0
5970,1
5971,1
5972,1
5973,1
5974,1
5975,1
5976,1
5977,1
5978,1
5979,1
5980,1
5981,1
5982,1
5983,0
5984,1
5985,1
5986,1
5987,1
5988,1
5989,1
5990,1
5991,1
5992,1
5993,0
5994,1
5995,0
5996,1
5997,1
5998,1
5999,1
6000,1
6001,1
6002,1
6003,1
6004,0
6005,1
6006,1
6007,1
6008,1
6009,1
6010,0
6011,1
6012,1
6013,0
6014,1
6015,1
6016,1
6017,0
6018,1
6019,1
6020,1
6021,0
6022,0
6023,0
6024,1
6025,1
6026,1
6027,1
6028,0
6029,0
6030,1
6031,0
6032,1
6033,0
6034,0
6035,1
6036,1
6037,1
6038,1
6039,1
6040,1
6041,0
6042,1
6043,1
6044,1
6045,0
6046,1
6047,1
6048,1
6049,1
6050,0
6051,1
6052,0
6053,1
6054,1
6055,1
6056,1
6057,1
6058,1
6059,1
6060,0
6061,1
6062,1
6063,0
6064,1
6065,0
6066,1
6067,1
6068,1
6069,1
6070,1
6071,0
6072,1
6073,0
6074,0
6075,1
6076,1
6077,1
6078,1
6079,1
6080,0
6081,0
6082,1
6083,1
6084,1
6085,1
6086,0
6087,0
6088,1
6089,0
6090,1
6091,1
6092,1
6093,0
6094,1
6095,1
6096,1
6097,0
6098,1
6099,1
6100,1
6101,1
6102,1
6103,1
6104,1
6105,1
6106,1
6107,1
6108,0
6109,1
6110,1
6111,0
6112,1
6113,1
6114,0
6115,0
6116,1
6117,0
6118,1
6119,1
6120,1
6121,1
6122,1
6123,1
6124,1
6125,1
6126,0
6127,1
6128,1
6129,1
6130,0
6131,0
6132,1
6133,1
6134,1
6135,0
6136,1
6137,1
6138,0
6139,1
6140,1
6141,1
6142,0
6143,1
6144,1
6145,1
6146,0
6147,1
6148,1
6149,0
6150,1
6151,0
6152,1
6153,1
6154,1
6155,1
6156,0
6157,0
6158,0
6159,0
6160,1
6161,0
6162,0
6163,0
6164,1
6165,1
6166,1
6167,1
6168,1
6169,1
6170,1
6171,1
6172,1
6173,1
6174,1
6175,0
6176,0
6177,0
6178,0
6179,1
6180,1
6181,1
6182,1
6183,0
6184,1
6185,1
6186,1
6187,1
6188,0
6189,1
6190,1
6191,1
6192,0
6193,0
6194,1
6195,1
6196,0
6197,1
6198,0
6199,1
6200,0
6201,1
6202,1
6203,1
6204,0
6205,0
6206,1
6207,1
6208,1
6209,1
6210,0
6211,1
6212,0
6213,0
6214,1
6215,1
6216,1
6217,0
6218,1
6219,1
6220,0
6221,1
6222,1
6223,0
6224,0
6225,0
6226,1
6227,1
6228,1
6229,1
6230,1
6231,1
6232,1
6233,0
6234,1
6235,1
6236,1
6237,0
6238,1
6239,1
6240,0
6241,1
6242,0
6243,0
6244,0
6245,1
6246,0
6247,0
6248,0
6249,1
6250,1
6251,0
6252,0
6253,1
6254,0
6255,1
6256,1
6257,1
6258,1
6259,1
6260,0
6261,1
6262,1
6263,1
6264,1
6265,1
6266,0
6267,0
6268,1
6269,0
6270,0
6271,1
6272,1
6273,1
6274,1
6275,1
6276,1
6277,0
6278,0
6279,1
6280,1
6281,1
6282,0
6283,0
6284,1
6285,0
6286,1
6287,1
6288,0
6289,0
6290,1
6291,1
6292,0
6293,1
6294,1
6295,0
6296,1
6297,0
6298,1
6299,1
6300,0
6301,1
6302,1
6303,1
6304,1
6305,0
6306,0
6307,0
6308,0
6309,1
6310,0
6311,1
6312,1
6313,0
6314,1
6315,1
6316,1
6317,0
6318,1
6319,1
6320,1
6321,1
6322,1
6323,1
6324,0
6325,0
6326,0
6327,1
6328,0
6329,0
6330,0
6331,0
6332,0
6333,1
6334,1
6335,0
6336,1
6337,0
6338,0
6339,0
6340,1
6341,1
6342,1
6343,1
6344,1
6345,0
6346,1
6347,1
6348,1
6349,0
6350,1
6351,0
6352,1
6353,1
6354,1
6355,0
6356,0
6357,1
6358,1
6359,1
6360,1
6361,1
6362,0
6363,1
6364,0
6365,0
6366,1
6367,1
6368,1
6369,0
6370,1
6371,0
6372,1
6373,1
6374,1
6375,0
6376,0
6377,1
6378,1
6379,0
6380,1
6381,1
6382,1
6383,0
6384,0
6385,0
6386,1
6387,0
6388,1
6389,1
6390,0
6391,1
6392,1
6393,0
6394,1
6395,0
6396,0
6397,1
6398,1
6399,0
6400,1
6401,1
6402,1
6403,1
6404,0
6405,0
6406,1
6407,1
6408,1
6409,1
6410,1
6411,1
6412,1
6413,1
6414,1
6415,1
6416,0
6417,0
6418,1
6419,1
6420,1
6421,0
6422,0
6423,0
6424,1
6425,1
6426,0
6427,1
6428,0
6429,0
6430,1
6431,0
6432,1
6433,0
6434,1
6435,1
6436,1
6437,1
6438,1
6439,1
6440,0
6441,1
6442,1
6443,1
6444,0
6445,0
6446,0
6447,0
6448,1
6449,1
6450,1
6451,0
6452,1
6453,0
6454,0
6455,0
6456,1
6457,1
6458,1
6459,1
6460,1
6461,1
6462,0
6463,0
6464,1
6465,1
6466,1
6467,1
6468,1
6469,0
6470,1
6471,0
6472,1
6473,1
6474,0
6475,0
6476,1
6477,0
6478,0
6479,1
6480,0
6481,0
6482,1
6483,1
6484,1
6485,0
6486,0
6487,1
6488,1
6489,1
6490,1
6491,1
6492,1
6493,0
6494,1
6495,1
6496,1
6497,1
6498,1
6499,0
6500,0
6501,0
6502,1
6503,1
6504,1
6505,0
6506,0
6507,0
6508,0
6509,0
6510,0
6511,0
6512,1
6513,1
6514,1
6515,0
6516,1
6517,1
6518,1
6519,0
6520,1
6521,1
6522,1
6523,0
6524,1
6525,0
6526,1
6527,0
6528,1
6529,1
6530,0
6531,0
6532,0
6533,0
6534,1
6535,0
6536,1
6537,1
6538,0
6539,1
6540,0
6541,1
6542,1
6543,0
6544,1
6545,0
6546,0
6547,1
6548,1
6549,0
6550,1
6551,1
6552,0
6553,0
6554,0
6555,1
6556,1
6557,1
6558,1
6559,1
6560,1
6561,0
6562,1
6563,0
6564,0
6565,1
6566,1
6567,1
6568,1
6569,1
6570,1
6571,0
6572,0
6573,0
6574,1
6575,1
6576,1
6577,1
6578,1
6579,0
6580,0
6581,0
6582,0
6583,1
6584,0
6585,1
6586,0
6587,1
6588,1
6589,0
6590,0
6591,0
6592,1
6593,1
6594,1
6595,0
6596,1
6597,1
6598,1
6599,1
6600,1
6601,1
6602,0
6603,1
6604,0
6605,1
6606,0
6607,1
6608,0
6609,1
6610,0
6611,1
6612,0
6613,0
6614,0
6615,1
6616,1
6617,1
6618,1
6619,0
6620,1
6621,1
6622,1
6623,1
6624,1
6625,0
6626,1
6627,1
6628,0
6629,0
6630,0
6631,1
6632,1
6633,1
6634,0
6635,1
6636,1
6637,0
6638,1
6639,0
6640,1
6641,1
6642,0
6643,1
6644,1
6645,1
6646,1
6647,1
6648,1
6649,1
6650,0
6651,1
6652,1
6653,1
6654,0
6655,0
6656,0
6657,1
6658,1
6659,1
6660,0
6661,1
6662,1
6663,0
6664,1
6665,0
6666,1
6667,1
6668,1
6669,1
6670,0
6671,1
6672,0
6673,1
6674,0
6675,1
6676,1
6677,1
6678,1
6679,1
6680,1
6681,1
6682,0
6683,1
6684,1
6685,0
6686,1
6687,1
6688,1
6689,1
6690,1
6691,1
6692,0
6693,1
6694,0
6695,1
6696,1
6697,0
6698,0
6699,0
6700,0
6701,0
6702,1
6703,0
6704,0
6705,1
6706,1
6707,1
6708,1
6709,1
6710,1
6711,0
6712,0
6713,1
6714,1
6715,0
6716,1
6717,1
6718,1
6719,1
6720,1
6721,0
6722,1
6723,1
6724,1
6725,0
6726,1
6727,1
6728,0
6729,1
6730,1
6731,0
6732,1
6733,0
6734,1
6735,1
6736,0
6737,1
6738,0
6739,1
6740,1
6741,1
6742,0
6743,1
6744,1
6745,1
6746,1
6747,0
6748,0
6749,1
6750,0
6751,1
6752,1
6753,1
6754,0
6755,0
6756,1
6757,0
6758,1
6759,1
6760,1
6761,1
6762,0
6763,0
6764,0
6765,0
6766,1
6767,1
6768,1
6769,0
6770,1
6771,1
6772,1
6773,1
6774,0
6775,1
6776,1
6777,0
6778,1
6779,1
6780,1
6781,1
6782,1
6783,1
6784,1
6785,1
6786,1
6787,1
6788,1
6789,1
6790,0
6791,1
6792,1
6793,0
6794,1
6795,0
6796,0
6797,1
6798,1
6799,1
6800,0
6801,1
6802,1
6803,0
6804,0
6805,1
6806,0
6807,0
6808,1
6809,1
6810,1
6811,1
6812,0
6813,1
6814,1
6815,1
6816,1
6817,0
6818,1
6819,0
6820,1
6821,1
6822,1
6823,1
6824,1
6825,1
6826,1
6827,1
6828,1
6829,1
6830,0
6831,1
6832,1
6833,1
6834,1
6835,1
6836,0
6837,0
6838,0
6839,0
6840,0
6841,1
6842,0
6843,1
6844,1
6845,1
6846,0
6847,1
6848,1
6849,0
6850,1
6851,1
6852,0
6853,1
6854,1
6855,0
6856,1
6857,0
6858,1
6859,0
6860,0
6861,1
6862,1
6863,0
6864,0
6865,1
6866,0
6867,0
6868,0
6869,1
6870,0
6871,1
6872,0
6873,1
6874,1
6875,0
6876,1
6877,1
6878,1
6879,1
6880,1
6881,0
6882,0
6883,0
6884,0
6885,0
6886,0
6887,1
6888,1
6889,0
6890,1
6891,1
6892,1
6893,1
6894,1
6895,1
6896,0
6897,1
6898,1
6899,0
6900,1
6901,1
6902,0
6903,1
6904,0
6905,0
6906,1
6907,0
6908,1
6909,0
6910,0
6911,0
6912,1
6913,0
6914,1
6915,1
6916,1
6917,0
6918,1
6919,1
6920,1
6921,1
6922,1
6923,0
6924,1
6925,0
6926,1
6927,1
6928,1
6929,1
6930,1
6931,0
6932,1
6933,1
6934,0
6935,1
6936,0
6937,1
6938,0
6939,1
6940,1
6941,1
6942,0
6943,0
6944,1
6945,1
6946,0
6947,0
6948,1
6949,0
6950,0
6951,1
6952,1
6953,1
6954,1
6955,1
6956,1
6957,1
6958,0
6959,1
6960,1
6961,1
6962,0
6963,1
6964,1
6965,1
6966,1
6967,0
6968,1
6969,1
6970,1
6971,1
6972,1
6973,1
6974,1
6975,1
6976,1
6977,0
6978,0
6979,1
6980,1
6981,1
6982,1
6983,1
6984,1
6985,0
6986,1
6987,1
6988,0
6989,1
6990,1
6991,0
6992,1
6993,0
6994,0
6995,0
6996,1
6997,1
6998,0
6999,1
7000,1
7001,1
7002,1
7003,0
7004,1
7005,1
7006,1
7007,1
7008,1
7009,1
7010,1
7011,0
7012,1
7013,0
7014,1
7015,0
7016,1
7017,1
7018,1
7019,0
7020,1
7021,1
7022,0
7023,1
7024,1
7025,0
7026,1
7027,1
7028,0
7029,1
7030,1
7031,1
7032,1
7033,1
7034,1
7035,0
7036,1
7037,1
7038,0
7039,0
7040,1
7041,0
7042,1
7043,1
7044,0
7045,0
7046,1
7047,0
7048,0
7049,0
7050,1
7051,1
7052,1
7053,1
7054,1
7055,0
7056,0
7057,1
7058,0
7059,1
7060,1
7061,0
7062,1
7063,1
7064,0
7065,1
7066,0
7067,1
7068,1
7069,1
7070,0
7071,1
7072,1
7073,1
7074,1
7075,1
7076,1
7077,1
7078,0
7079,1
7080,1
7081,0
7082,1
7083,1
7084,0
7085,0
7086,1
7087,0
7088,1
7089,1
7090,0
7091,0
7092,1
7093,0
7094,1
7095,1
7096,0
7097,1
7098,1
7099,1
7100,0
7101,0
7102,1
7103,0
7104,1
7105,1
7106,1
7107,1
7108,0
7109,1
7110,0
7111,1
7112,1
7113,0
7114,0
7115,1
7116,1
7117,0
7118,1
7119,1
7120,1
7121,1
7122,1
7123,0
7124,1
7125,0
7126,1
7127,1
7128,1
7129,1
7130,0
7131,1
7132,1
7133,0
7134,0
7135,0
7136,1
7137,1
7138,0
7139,1
7140,1
7141,1
7142,0
7143,1
7144,1
7145,0
7146,0
7147,1
7148,0
7149,1
7150,0
7151,1
7152,1
7153,1
7154,0
7155,1
7156,0
7157,1
7158,0
7159,1
7160,1
7161,0
7162,1
7163,1
7164,1
7165,0
7166,1
7167,1
7168,1
7169,1
7170,1
7171,0
7172,1
7173,0
7174,0
7175,1
7176,1
7177,1
7178,1
7179,1
7180,1
7181,1
7182,1
7183,0
7184,1
7185,1
7186,0
7187,1
7188,1
7189,1
7190,1
7191,1
7192,1
7193,1
7194,1
7195,1
7196,0
7197,1
7198,0
7199,1
7200,1
7201,0
7202,0
7203,0
7204,0
7205,0
7206,0
7207,1
7208,1
7209,1
7210,0
7211,1
7212,0
7213,1
7214,1
7215,0
7216,1
7217,1
7218,1
7219,1
7220,1
7221,0
7222,1
7223,0
7224,1
7225,0
7226,0
7227,1
7228,1
7229,0
7230,0
7231,0
7232,1
7233,0
7234,1
7235,1
7236,1
7237,1
7238,0
7239,0
7240,0
7241,0
7242,1
7243,0
7244,1
7245,1
7246,1
7247,0
7248,0
7249,1
7250,0
7251,1
7252,1
7253,1
7254,0
7255,1
7256,0
7257,1
7258,1
7259,1
7260,0
7261,0
7262,1
7263,0
7264,0
7265,0
7266,1
7267,1
7268,1
7269,1
7270,0
7271,1
7272,0
7273,0
7274,0
7275,0
7276,0
7277,1
7278,1
7279,0
7280,0
7281,1
7282,0
7283,1
7284,1
7285,1
7286,1
7287,1
7288,1
7289,1
7290,1
7291,0
7292,1
7293,1
7294,1
7295,0
7296,1
7297,1
7298,0
7299,1
7300,1
7301,1
7302,0
7303,1
7304,1
7305,0
7306,0
7307,1
7308,1
7309,1
7310,1
7311,0
7312,1
7313,1
7314,1
7315,1
7316,1
7317,1
7318,1
7319,1
7320,0
7321,0
7322,1
7323,1
7324,1
7325,0
7326,0
7327,0
7328,0
7329,0
7330,1
7331,0
7332,1
7333,0
7334,0
7335,0
7336,1
7337,0
7338,0
7339,1
7340,1
7341,0
7342,1
7343,0
7344,1
7345,1
7346,1
7347,0
7348,1
7349,0
7350,0
7351,1
7352,1
7353,0
7354,1
7355,1
7356,1
7357,0
7358,1
7359,1
7360,1
7361,1
7362,1
7363,1
7364,0
7365,1
7366,1
7367,1
7368,0
7369,0
7370,1
7371,1
7372,1
7373,1
7374,1
7375,1
7376,1
7377,0
7378,1
7379,0
7380,1
7381,0
7382,1
7383,0
7384,1
7385,0
7386,1
7387,1
7388,1
7389,1
7390,1
7391,1
7392,0
7393,1
7394,0
7395,1
7396,0
7397,1
7398,1
7399,1
7400,1
7401,0
7402,1
7403,1
7404,0
7405,1
7406,0
7407,1
7408,0
7409,0
7410,1
7411,1
7412,1
7413,1
7414,1
7415,1
7416,1
7417,0
7418,0
7419,1
7420,1
7421,0
7422,1
7423,1
7424,1
7425,1
7426,0
7427,1
7428,1
7429,1
7430,0
7431,0
7432,1
7433,0
7434,1
7435,1
7436,1
7437,1
7438,1
7439,1
7440,0
7441,1
7442,1
7443,1
7444,0
7445,0
7446,0
7447,0
7448,0
7449,0
7450,1
7451,0
7452,1
7453,0
7454,0
7455,0
7456,0
7457,1
7458,1
7459,0
7460,1
7461,1
7462,1
7463,1
7464,0
7465,1
7466,1
7467,1
7468,0
7469,1
7470,1
7471,0
7472,1
7473,1
7474,1
7475,1
7476,1
7477,1
7478,0
7479,0
7480,1
7481,1
7482,1
7483,1
7484,1
7485,1
7486,0
7487,1
7488,1
7489,1
7490,1
7491,0
7492,1
7493,1
7494,0
7495,1
7496,1
7497,1
7498,1
7499,1
7500,0
7501,1
7502,1
7503,1
7504,0
7505,1
7506,0
7507,1
7508,1
7509,0
7510,0
7511,0
7512,1
7513,1
7514,1
7515,0
7516,0
7517,0
7518,0
7519,0
7520,1
7521,1
7522,0
7523,1
7524,1
7525,1
7526,1
7527,1
7528,1
7529,0
7530,1
7531,1
7532,0
7533,0
7534,0
7535,0
7536,1
7537,1
7538,1
7539,0
7540,1
7541,1
7542,1
7543,1
7544,0
7545,0
7546,1
7547,1
7548,1
7549,1
7550,1
7551,1
7552,0
7553,1
7554,0
7555,0
7556,1
7557,1
7558,1
7559,0
7560,1
7561,1
7562,1
7563,1
7564,1
7565,0
7566,0
7567,0
7568,0
7569,0
7570,0
7571,0
7572,0
7573,0
7574,0
7575,0
7576,1
7577,1
7578,1
7579,1
7580,1
7581,1
7582,0
7583,1
7584,1
7585,1
7586,0
7587,0
7588,1
7589,1
7590,0
7591,1
7592,0
7593,0
7594,0
7595,0
7596,0
7597,1
7598,1
7599,1
7600,1
7601,0
7602,1
7603,1
7604,1
7605,0
7606,1
7607,1
7608,0
7609,1
7610,1
7611,0
7612,1
7613,1
7614,0
7615,1
7616,1
7617,1
7618,1
7619,1
7620,1
7621,1
7622,0
7623,1
7624,0
7625,0
7626,1
7627,0
7628,1
7629,1
7630,1
7631,1
7632,1
7633,1
7634,0
7635,0
7636,1
7637,0
7638,1
7639,0
7640,1
7641,1
7642,0
7643,1
7644,0
7645,1
7646,1
7647,1
7648,1
7649,1
7650,0
7651,1
7652,0
7653,1
7654,0
7655,0
7656,0
7657,0
7658,1
7659,0
7660,0
7661,1
7662,1
7663,0
7664,1
7665,0
7666,0
7667,0
7668,0
7669,1
7670,1
7671,0
7672,1
7673,1
7674,1
7675,1
7676,1
7677,1
7678,1
7679,1
7680,1
7681,1
7682,1
7683,1
7684,1
7685,0
7686,1
7687,0
7688,1
7689,0
7690,0
7691,1
7692,1
7693,0
7694,0
7695,1
7696,0
7697,1
7698,0
7699,1
7700,1
7701,0
7702,1
7703,1
7704,1
7705,0
7706,0
7707,1
7708,1
7709,1
7710,1
7711,0
7712,1
7713,0
7714,0
7715,1
7716,0
7717,1
7718,1
7719,1
7720,0
7721,1
7722,1
7723,1
7724,1
7725,1
7726,1
7727,1
7728,1
7729,0
7730,0
7731,0
7732,0
7733,0
7734,1
7735,1
7736,1
7737,0
7738,0
7739,0
7740,0
7741,0
7742,1
7743,0
7744,1
7745,1
7746,0
7747,1
7748,1
7749,0
7750,1
7751,1
7752,1
7753,1
7754,1
7755,1
7756,1
7757,0
7758,1
7759,0
7760,1
7761,0
7762,1
7763,1
7764,1
7765,1
7766,1
7767,0
7768,1
7769,1
7770,1
7771,1
7772,1
7773,1
7774,0
7775,1
7776,1
7777,0
7778,1
7779,1
7780,1
7781,1
7782,0
7783,1
7784,0
7785,0
7786,1
7787,0
7788,1
7789,0
7790,1
7791,1
7792,1
7793,1
7794,1
7795,1
7796,0
7797,1
7798,0
7799,0
7800,1
7801,0
7802,0
7803,0
7804,1
7805,1
7806,1
7807,1
7808,1
7809,1
7810,1
7811,1
7812,0
7813,1
7814,1
7815,1
7816,1
7817,1
7818,0
7819,0
7820,1
7821,1
7822,0
7823,1
7824,0
7825,0
7826,1
7827,0
7828,1
7829,0
7830,1
7831,1
7832,1
7833,1
7834,0
7835,0
7836,1
7837,1
7838,0
7839,0
7840,1
7841,1
7842,0
7843,1
7844,0
7845,0
7846,0
7847,1
7848,0
7849,1
7850,1
7851,1
7852,0
7853,1
7854,1
7855,0
7856,1
7857,1
7858,0
7859,1
7860,0
7861,0
7862,0
7863,1
7864,0
7865,0
7866,1
7867,1
7868,0
7869,0
7870,1
7871,1
7872,1
7873,1
7874,0
7875,0
7876,1
7877,1
7878,1
7879,1
7880,1
7881,1
7882,1
7883,1
7884,1
7885,0
7886,1
7887,0
7888,1
7889,1
7890,0
7891,1
7892,1
7893,1
7894,1
7895,1
7896,0
7897,0
7898,0
7899,1
7900,1
7901,1
7902,1
7903,1
7904,1
7905,1
7906,0
7907,0
7908,0
7909,0
7910,0
7911,0
7912,1
7913,1
7914,1
7915,0
7916,0
7917,0
7918,1
7919,1
7920,1
7921,1
7922,1
7923,1
7924,1
7925,0
7926,0
7927,0
7928,0
7929,1
7930,1
7931,0
7932,0
7933,1
7934,1
7935,1
7936,1
7937,1
7938,1
7939,1
7940,1
7941,1
7942,1
7943,0
7944,1
7945,1
7946,0
7947,1
7948,0
7949,1
7950,1
7951,0
7952,0
7953,1
7954,1
7955,1
7956,0
7957,0
7958,1
7959,1
7960,1
7961,1
7962,1
7963,1
7964,1
7965,1
7966,0
7967,0
7968,0
7969,1
7970,0
7971,1
7972,1
7973,1
7974,1
7975,1
7976,1
7977,1
7978,0
7979,1
7980,0
7981,1
7982,0
7983,1
7984,0
7985,0
7986,1
7987,0
7988,1
7989,1
7990,1
7991,1
7992,1
7993,1
7994,1
7995,1
7996,1
7997,1
7998,1
7999,1
8000,1
8001,1
8002,0
8003,0
8004,1
8005,1
8006,1
8007,1
8008,1
8009,0
8010,1
8011,1
8012,1
8013,1
8014,1
8015,0
8016,0
8017,1
8018,0
8019,1
8020,1
8021,0
8022,0
8023,0
8024,1
8025,1
8026,0
8027,1
8028,1
8029,1
8030,1
8031,1
8032,1
8033,1
8034,1
8035,1
8036,1
8037,1
8038,1
8039,1
8040,1
8041,1
8042,1
8043,1
8044,0
8045,0
8046,0
8047,0
8048,1
8049,1
8050,1
8051,0
8052,0
8053,1
8054,1
8055,0
8056,1
8057,1
8058,1
8059,1
8060,1
8061,1
8062,1
8063,1
8064,1
8065,0
8066,1
8067,0
8068,1
8069,0
8070,1
8071,0
8072,1
8073,0
8074,1
8075,0
8076,1
8077,0
8078,0
8079,1
8080,1
8081,1
8082,1
8083,1
8084,1
8085,0
8086,1
8087,1
8088,1
8089,1
8090,0
8091,1
8092,0
8093,1
8094,1
8095,0
8096,1
8097,0
8098,0
8099,0
8100,0
8101,1
8102,1
8103,1
8104,1
8105,0
8106,0
8107,0
8108,1
8109,1
8110,1
8111,1
8112,0
8113,1
8114,1
8115,0
8116,1
8117,0
8118,1
8119,1
8120,0
8121,1
8122,1
8123,0
8124,1
8125,0
8126,1
8127,0
8128,0
8129,1
8130,1
8131,0
8132,1
8133,0
8134,0
8135,0
8136,1
8137,1
8138,0
8139,0
8140,0
8141,1
8142,0
8143,1
8144,1
8145,1
8146,1
8147,0
8148,1
8149,0
8150,1
8151,0
8152,1
8153,0
8154,1
8155,1
8156,1
8157,0
8158,0
8159,0
8160,0
8161,1
8162,0
8163,1
8164,0
8165,0
8166,0
8167,1
8168,1
8169,1
8170,0
8171,0
8172,0
8173,1
8174,1
8175,1
8176,1
8177,1
8178,1
8179,0
8180,1
8181,1
8182,0
8183,1
8184,1
8185,0
8186,1
8187,1
8188,1
8189,1
8190,1
8191,1
8192,1
8193,1
8194,1
8195,0
8196,1
8197,1
8198,1
8199,0
8200,1
8201,0
8202,0
8203,1
8204,1
8205,1
8206,1
8207,0
8208,0
8209,1
8210,0
8211,1
8212,0
8213,1
8214,1
8215,1
8216,1
8217,1
8218,1
8219,1
8220,1
8221,1
8222,1
8223,1
8224,1
8225,0
8226,1
8227,1
8228,1
8229,0
8230,1
8231,1
8232,1
8233,0
8234,1
8235,0
8236,1
8237,1
8238,1
8239,1
8240,1
8241,1
8242,0
8243,1
8244,0
8245,0
8246,1
8247,1
8248,1
8249,1
8250,1
8251,0
8252,0
8253,1
8254,1
8255,1
8256,1
8257,1
8258,1
8259,1
8260,1
8261,1
8262,0
8263,1
8264,0
8265,0
8266,0
8267,1
8268,1
8269,1
8270,1
8271,0
8272,0
8273,1
8274,1
8275,1
8276,1
8277,1
8278,0
8279,1
8280,0
8281,1
8282,1
8283,0
8284,0
8285,1
8286,0
8287,0
8288,1
8289,0
8290,1
8291,0
8292,1
8293,1
8294,0
8295,1
8296,1
8297,1
8298,1
8299,1
8300,0
8301,0
8302,1
8303,1
8304,0
8305,1
8306,1
8307,0
8308,1
8309,0
8310,0
8311,1
8312,1
8313,0
8314,1
8315,0
8316,1
8317,0
8318,1
8319,1
8320,0
8321,1
8322,1
8323,1
8324,1
8325,1
8326,1
8327,1
8328,1
8329,1
8330,1
8331,0
8332,1
8333,0
8334,1
8335,1
8336,0
8337,0
8338,0
8339,0
8340,1
8341,1
8342,1
8343,1
8344,0
8345,0
8346,0
8347,1
8348,0
8349,0
8350,1
8351,1
8352,0
8353,1
8354,1
8355,1
8356,1
8357,0
8358,0
8359,1
8360,1
8361,0
8362,1
8363,1
8364,1
8365,1
8366,1
8367,1
8368,1
8369,1
8370,1
8371,1
8372,0
8373,0
8374,0
8375,1
8376,1
8377,0
8378,1
8379,1
8380,0
8381,0
8382,1
8383,0
8384,1
8385,1
8386,0
8387,1
8388,0
8389,1
8390,0
8391,1
8392,1
8393,0
8394,1
8395,1
8396,1
8397,1
8398,1
8399,1
8400,1
8401,1
8402,1
8403,1
8404,1
8405,0
8406,0
8407,0
8408,1
8409,1
8410,0
8411,1
8412,1
8413,1
8414,1
8415,1
8416,1
8417,1
8418,1
8419,1
8420,1
8421,1
8422,1
8423,1
8424,1
8425,0
8426,1
8427,1
8428,1
8429,1
8430,1
8431,0
8432,0
8433,1
8434,0
8435,1
8436,1
8437,0
8438,1
8439,1
8440,1
8441,0
8442,0
8443,1
8444,0
8445,0
8446,1
8447,1
8448,1
8449,0
8450,1
8451,1
8452,1
8453,1
8454,0
8455,1
8456,1
8457,1
8458,0
8459,1
8460,1
8461,0
8462,1
8463,1
8464,1
8465,1
8466,0
8467,1
8468,1
8469,0
8470,0
8471,0
8472,0
8473,0
8474,1
8475,0
8476,1
8477,1
8478,1
8479,0
8480,0
8481,0
8482,0
8483,0
8484,1
8485,1
8486,1
8487,1
8488,1
8489,1
8490,0
8491,1
8492,1
8493,0
8494,0
8495,1
8496,1
8497,1
8498,0
8499,1
8500,1
8501,1
8502,1
8503,0
8504,1
8505,0
8506,1
8507,1
8508,1
8509,0
8510,0
8511,1
8512,0
8513,0
8514,0
8515,0
8516,1
8517,1
8518,1
8519,1
8520,1
8521,1
8522,1
8523,1
8524,0
8525,1
8526,0
8527,1
8528,1
8529,1
8530,1
8531,1
8532,1
8533,1
8534,1
8535,1
8536,1
8537,0
8538,1
8539,0
8540,1
8541,0
8542,1
8543,0
8544,0
8545,1
8546,1
8547,0
8548,1
8549,1
8550,1
8551,0
8552,1
8553,0
8554,0
8555,1
8556,0
8557,0
8558,0
8559,1
8560,0
8561,1
8562,0
8563,1
8564,1
8565,0
8566,1
8567,1
8568,1
8569,1
8570,1
8571,1
8572,1
8573,1
8574,0
8575,1
8576,1
8577,1
8578,0
8579,1
8580,1
8581,0
8582,1
8583,1
8584,0
8585,0
8586,0
8587,1
8588,0
8589,1
8590,0
8591,1
8592,1
8593,1
8594,0
8595,0
8596,1
8597,0
8598,1
8599,1
8600,1
8601,1
8602,1
8603,1
8604,0
8605,1
8606,0
8607,1
8608,1
8609,0
8610,1
8611,1
8612,1
8613,0
8614,0
8615,1
8616,0
8617,1
8618,0
8619,0
8620,0
8621,0
8622,0
8623,0
8624,1
8625,1
8626,1
8627,1
8628,1
8629,0
8630,1
8631,0
8632,1
8633,0
8634,0
8635,0
8636,1
8637,1
8638,1
8639,1
8640,1
8641,1
8642,1
8643,1
8644,0
8645,0
8646,1
8647,0
8648,1
8649,1
8650,1
8651,0
8652,1
8653,1
8654,1
8655,0
8656,1
8657,0
8658,1
8659,1
8660,1
8661,1
8662,1
8663,1
8664,0
8665,1
8666,0
8667,1
8668,1
8669,0
8670,1
8671,0
8672,1
8673,0
8674,1
8675,1
8676,1
8677,1
8678,1
8679,1
8680,1
8681,0
8682,0
8683,1
8684,1
8685,0
8686,1
8687,1
8688,1
8689,0
8690,1
8691,0
8692,1
8693,0
8694,1
8695,0
8696,1
8697,1
8698,1
8699,1
8700,1
8701,1
8702,1
8703,1
8704,1
8705,1
8706,0
8707,1
8708,0
8709,1
8710,0
8711,0
8712,1
8713,1
8714,0
8715,1
8716,0
8717,1
8718,1
8719,1
8720,1
8721,1
8722,1
8723,1
8724,1
8725,1
8726,1
8727,0
8728,0
8729,1
8730,1
8731,1
8732,1
8733,1
8734,1
8735,0
8736,1
8737,1
8738,1
8739,1
8740,1
8741,1
8742,1
8743,0
8744,1
8745,1
8746,1
8747,1
8748,0
8749,1
8750,1
8751,1
8752,1
8753,1
8754,1
8755,0
8756,1
8757,0
8758,0
8759,0
8760,1
8761,0
8762,1
8763,1
8764,1
8765,0
8766,1
8767,0
8768,0
8769,1
8770,1
8771,1
8772,1
8773,1
8774,1
8775,0
8776,1
8777,1
8778,0
8779,0
8780,1
8781,0
8782,1
8783,1
8784,1
8785,1
8786,1
8787,0
8788,1
8789,1
8790,0
8791,1
8792,1
8793,0
8794,1
8795,0
8796,1
8797,1
8798,0
8799,0
8800,1
8801,0
8802,1
8803,1
8804,1
8805,1
8806,0
8807,1
8808,0
8809,0
8810,0
8811,1
8812,1
8813,1
8814,1
8815,0
8816,1
8817,0
8818,0
8819,0
8820,1
8821,0
8822,0
8823,0
8824,1
8825,1
8826,1
8827,0
8828,1
8829,1
8830,0
8831,1
8832,0
8833,1
8834,1
8835,0
8836,1
8837,0
8838,1
8839,1
8840,1
8841,1
8842,0
8843,1
8844,0
8845,1
8846,0
8847,1
8848,0
8849,1
8850,0
