MDTU,0,2,4,6,8,10
10,20.4998,20.49,20.4875,20.4809,20.4793,20.4751
20,19.9554,19.9471,19.9439,19.943,19.9379,19.9361
30,19.6059,19.5928,19.5919,19.589,19.5863,19.5847
40,19.4268,19.4236,19.4163,19.4144,19.4122,19.4092
50,19.0878,19.0754,19.0749,19.0721,19.0703,19.0686
60,18.8216,18.8109,18.8082,18.8053,18.8043,18.8008
70,18.6851,18.672,18.6658,18.6633,18.6592,18.6519
80,18.526,18.516,18.5111,18.5062,18.5022,18.5009
90,18.3059,18.2967,18.2932,18.2909,18.2879,18.285
100,18.1992,18.1883,18.1818,18.175,18.1717,18.1647
110,18.1167,18.1055,18.1039,18.0988,18.0981,18.0951
120,18.0787,18.0663,18.0629,18.059,18.0557,18.0504
130,17.9356,17.9239,17.9215,17.9163,17.915,17.9134
140,17.8208,17.8126,17.8092,17.8061,17.8036,17.8016
150,17.8866,17.8742,17.8718,17.8704,17.8684,17.8659
160,17.7175,17.7158,17.7088,17.7053,17.7041,17.7013
170,17.8311,17.8233,17.8194,17.8107,17.8048,17.8008
180,17.6269,17.6146,17.6134,17.6077,17.6064,17.6036
190,17.671,17.658,17.6532,17.6476,17.6445,17.6379
200,17.6839,17.6713,17.6698,17.6659,17.6639,17.6614
210,17.7347,17.7265,17.7217,17.7128,17.7055,17.7006
220,17.506,17.4947,17.4897,17.4854,17.4823,17.4788
230,17.5633,17.5515,17.547,17.541,17.5335,17.5319
240,17.5181,17.5088,17.5077,17.5046,17.4978,17.4964
250,17.4995,17.4883,17.4857,17.4834,17.4802,17.4779
260,17.6455,17.6315,17.628,17.6258,17.6203,17.6166
270,17.477,17.4637,17.4612,17.4594,17.4572,17.4481
280,17.6416,17.6327,17.6277,17.6247,17.6224,17.6172
290,17.5128,17.5044,17.4983,17.483,17.4822,17.4724
300,17.5276,17.5171,17.5137,17.5106,17.5086,17.5049
310,17.558,17.5468,17.5436,17.5396,17.538,17.5341
320,17.5133,17.5046,17.5014,17.4955,17.4908,17.4873
330,17.5778,17.5673,17.5624,17.5564,17.553,17.5464
340,17.4467,17.4328,17.43,17.4234,17.4198,17.4134
350,17.4574,17.447,17.4424,17.4398,17.4376,17.4364
360,17.3815,17.3806,17.371,17.3666,17.3642,17.3633
370,17.391,17.3753,17.3699,17.3606,17.3588,17.3462
380,17.3884,17.3791,17.3747,17.3682,17.3641,17.3588
390,17.2634,17.2594,17.2494,17.2483,17.2476,17.2436
400,17.3435,17.3334,17.3271,17.3234,17.3215,17.3183
410,17.4589,17.4484,17.4467,17.4435,17.4416,17.4394
420,17.4241,17.4115,17.4086,17.4059,17.403,17.4007
430,17.3159,17.305,17.2997,17.2974,17.296,17.2901
440,17.1946,17.1865,17.1815,17.1801,17.1776,17.1745
450,17.2885,17.2756,17.2732,17.2686,17.2669,17.2619
460,17.3691,17.3549,17.3519,17.3483,17.3466,17.3429
470,17.3367,17.3223,17.3211,17.3154,17.3131,17.3089
480,17.3921,17.381,17.378,17.3719,17.3698,17.3656
490,17.2225,17.2099,17.2059,17.2034,17.2003,17.1984
500,17.4405,17.4305,17.4242,17.4175,17.412,17.4052
510,17.3857,17.3739,17.368,17.3626,17.3583,17.3513
520,17.2893,17.2769,17.2752,17.2673,17.2647,17.2587
530,17.254,17.2423,17.2372,17.2355,17.2333,17.2311
540,17.3292,17.3182,17.3082,17.3009,17.2997,17.2872
550,17.2539,17.2425,17.2391,17.2385,17.2317,17.228
560,17.248,17.24,17.2361,17.2335,17.2302,17.2292
570,17.168,17.1557,17.1522,17.15,17.1463,17.1435
580,17.3364,17.3235,17.3154,17.3094,17.3047,17.2978
590,17.4533,17.445,17.4414,17.43,17.4212,17.4157
600,17.3259,17.3129,17.31,17.3049,17.3023,17.2994
610,17.2399,17.226,17.225,17.222,17.217,17.2151
620,17.3417,17.3285,17.3252,17.3192,17.3182,17.3134
630,17.4184,17.4034,17.3964,17.3936,17.389,17.3849
640,17.3407,17.3271,17.3254,17.3167,17.3132,17.3082
650,17.2433,17.2298,17.2265,17.2244,17.2218,17.2174
660,17.316,17.305,17.3037,17.3009,17.2985,17.2954
670,17.4588,17.4491,17.4453,17.4393,17.4373,17.4299
680,17.4676,17.4551,17.4531,17.4487,17.4469,17.4431
690,17.3765,17.3654,17.3614,17.3524,17.3498,17.3444
700,17.3782,17.3727,17.3666,17.3645,17.3627,17.3614
710,17.3013,17.29,17.2845,17.2782,17.2728,17.267
720,17.4734,17.464,17.4587,17.4495,17.442,17.4358
730,17.2689,17.2575,17.253,17.2467,17.2393,17.2335
740,17.1692,17.1572,17.1522,17.1428,17.1406,17.1372
750,17.1852,17.1723,17.1685,17.1587,17.153,17.1462
760,17.1608,17.1501,17.149,17.1435,17.1399,17.1368
770,17.3811,17.3709,17.3663,17.3621,17.3596,17.3546
780,17.2906,17.2793,17.2718,17.262,17.2543,17.2445
790,17.1838,17.1704,17.1679,17.1629,17.1616,17.1555
800,17.2197,17.2065,17.1985,17.1907,17.1892,17.1782
810,17.2521,17.2416,17.236,17.2321,17.23,17.2248
820,17.1127,17.0988,17.0963,17.0929,17.0914,17.0899
830,17.2782,17.269,17.2637,17.2598,17.2581,17.2544
840,17.2517,17.2391,17.2359,17.2306,17.2279,17.222
850,17.3183,17.3059,17.3052,17.3018,17.2989,17.2976
860,17.226,17.2139,17.2112,17.2089,17.207,17.2038
870,17.281,17.2688,17.267,17.2635,17.262,17.2602
880,17.3314,17.3174,17.3163,17.3133,17.3084,17.3029
890,17.2878,17.2752,17.2737,17.2673,17.2626,17.2561
900,17.2932,17.2822,17.277,17.2676,17.2649,17.2562
910,17.2746,17.2617,17.2601,17.2575,17.2556,17.2522
920,17.1981,17.1857,17.1816,17.1793,17.1787,17.1741
930,17.2791,17.2688,17.2647,17.2609,17.2605,17.2559
940,17.1774,17.165,17.1621,17.158,17.1559,17.1506
950,17.2152,17.2042,17.1999,17.1961,17.1931,17.187
960,17.1322,17.1194,17.1133,17.1065,17.1017,17.0924
970,17.1359,17.1233,17.1217,17.1161,17.1147,17.1089
980,17.197,17.1805,17.1769,17.1736,17.171,17.1659
990,17.0928,17.0823,17.0792,17.076,17.0736,17.0719
1000,17.1029,17.0887,17.0871,17.0836,17.0814,17.0767
1010,17.1876,17.1746,17.1662,17.1613,17.1581,17.1503
1020,17.1585,17.1475,17.1444,17.138,17.1343,17.1296
1030,17.1121,17.1056,17.1002,17.0988,17.0956,17.0928
1040,17.0286,17.0143,17.0078,17.0009,16.9973,16.9922
1050,17.1355,17.1229,17.1135,17.1055,17.0994,17.0884
1060,16.9882,16.9736,16.97,16.9641,16.9631,16.957
1070,17.0979,17.0874,17.0821,17.073,17.0664,17.0596
1080,17.0954,17.0834,17.0795,17.0768,17.0734,17.0707
1090,17.2437,17.232,17.2294,17.2235,17.2187,17.2124
1100,17.2217,17.21,17.2058,17.1971,17.1935,17.1909
1110,17.0892,17.0769,17.0741,17.0677,17.0655,17.0596
1120,17.1366,17.1241,17.1228,17.1193,17.117,17.1142
1130,17.0582,17.0477,17.0428,17.0333,17.0283,17.0248
1140,17.1554,17.1466,17.1422,17.1365,17.1342,17.1272
1150,17.0218,17.0107,17.0065,17.004,17.0009,16.9986
1160,16.961,16.9503,16.9491,16.9456,16.9402,16.9377
1170,17.0743,17.0615,17.058,17.0513,17.0489,17.0444
1180,17.1013,17.0906,17.087,17.0771,17.0742,17.0659
1190,17.1574,17.1472,17.1432,17.137,17.1307,17.1249
1200,17.0888,17.0782,17.0765,17.0732,17.0686,17.0673
1210,16.9721,16.9607,16.9566,16.954,16.9515,16.9495
1220,17.104,17.0905,17.0844,17.0758,17.0739,17.0709
1230,17.1923,17.1781,17.1701,17.1613,17.1605,17.1511
1240,17.1953,17.186,17.1813,17.1746,17.1716,17.1661
1250,17.1799,17.1675,17.1632,17.1578,17.1556,17.1494
1260,17.229,17.2172,17.2151,17.2081,17.2032,17.1992
1270,17.129,17.1174,17.1142,17.1088,17.1061,17.103
1280,17.2147,17.2022,17.2008,17.1987,17.1931,17.1893
1290,17.3159,17.303,17.2998,17.2938,17.2896,17.2828
1300,17.2369,17.2258,17.2227,17.2189,17.2146,17.2107
1310,17.2914,17.2796,17.2781,17.2733,17.2712,17.2672
1320,17.3399,17.3309,17.3258,17.3216,17.3182,17.3144
1330,17.3045,17.2929,17.2907,17.2833,17.2792,17.2727
1340,17.2903,17.2866,17.2775,17.2737,17.273,17.2723
1350,17.4696,17.4585,17.4567,17.453,17.4487,17.4439
1360,17.2395,17.2294,17.2243,17.2171,17.2141,17.2095
1370,17.3021,17.2892,17.287,17.284,17.2822,17.2783
1380,17.3477,17.337,17.3343,17.3242,17.3158,17.3122
1390,17.3452,17.3317,17.325,17.319,17.3131,17.3056
1400,17.2929,17.2821,17.2782,17.2723,17.2703,17.2657
1410,17.3381,17.3262,17.3222,17.3161,17.3132,17.3057
1420,17.2071,17.1971,17.1923,17.1873,17.1844,17.1813
1430,17.2043,17.193,17.1909,17.1832,17.178,17.1745
1440,17.2116,17.1992,17.1961,17.1937,17.1926,17.1882
1450,17.2037,17.1908,17.1882,17.1836,17.1808,17.1765
1460,17.1526,17.1419,17.1386,17.1269,17.1231,17.12
1470,17.3814,17.37,17.3625,17.3524,17.3432,17.335
1480,17.2544,17.2421,17.2403,17.2352,17.2335,17.231
1490,17.3101,17.2971,17.296,17.2903,17.2881,17.2845
1500,17.3136,17.3025,17.3006,17.2952,17.292,17.2865
1510,17.3342,17.321,17.3137,17.3075,17.3058,17.2943
1520,17.2853,17.2723,17.2713,17.2682,17.267,17.265
1530,17.2199,17.2122,17.2067,17.1941,17.1886,17.1832
1540,17.2147,17.2041,17.1986,17.1944,17.1896,17.1854
1550,17.2091,17.1965,17.1929,17.1864,17.1846,17.1785
1560,17.2514,17.24,17.2353,17.233,17.2314,17.2281
1570,17.1684,17.1573,17.1556,17.146,17.1414,17.138
1580,17.192,17.1807,17.1777,17.1698,17.1643,17.1616
1590,17.2612,17.2506,17.2465,17.2441,17.2403,17.2373
1600,17.2394,17.2281,17.2274,17.2223,17.2166,17.2155
1610,17.2436,17.2308,17.2279,17.2137,17.2087,17.2051
1620,17.1822,17.1722,17.1689,17.1647,17.1603,17.1551
1630,17.2541,17.2519,17.2444,17.2411,17.2397,17.2366
1640,17.1885,17.1768,17.1722,17.1664,17.1631,17.1594
1650,17.0331,17.0195,17.0152,17.0086,17.006,16.9989
1660,17.2162,17.2042,17.2012,17.1955,17.191,17.1863
1670,17.131,17.1182,17.1149,17.1099,17.1072,17.1048
1680,17.1104,17.1055,17.1001,17.0965,17.0942,17.0937
1690,17.0977,17.0852,17.0808,17.0777,17.0756,17.0723
1700,17.1888,17.1795,17.1737,17.1662,17.1616,17.1558
1710,17.1668,17.1533,17.1489,17.1422,17.1404,17.1367
1720,17.1239,17.1105,17.1061,17.1019,17.1,17.0973
1730,17.0906,17.0763,17.0744,17.07,17.0684,17.066
1740,17.2028,17.1925,17.1854,17.1789,17.1745,17.1676
1750,17.1585,17.1458,17.1403,17.1367,17.1355,17.1329
1760,17.1614,17.1512,17.1465,17.1403,17.1365,17.1299
1770,17.1082,17.0951,17.0943,17.0914,17.09,17.0878
1780,17.2232,17.2094,17.2065,17.1998,17.1948,17.1916
1790,17.1043,17.0933,17.0908,17.089,17.0849,17.0827
1800,17.2607,17.2521,17.2488,17.2436,17.2387,17.2362
1810,17.0961,17.0839,17.0796,17.071,17.0664,17.0594
1820,17.268,17.2557,17.2488,17.239,17.2357,17.2259
1830,17.1614,17.1488,17.147,17.1441,17.1425,17.1376
1840,17.1345,17.1249,17.1221,17.1164,17.1137,17.1096
1850,17.1519,17.1401,17.1376,17.1255,17.1169,17.1093
1860,17.2588,17.2463,17.241,17.2302,17.2236,17.2155
1870,17.0965,17.0859,17.0791,17.0772,17.0762,17.0726
1880,17.1238,17.1139,17.107,17.1033,17.0988,17.0945
1890,17.1245,17.1131,17.1095,17.1058,17.1026,17.0994
1900,17.357,17.345,17.3403,17.3338,17.3284,17.3207
1910,17.2136,17.2038,17.2,17.1965,17.193,17.1879
1920,17.3504,17.3373,17.3354,17.3328,17.3294,17.3264
1930,17.1961,17.1851,17.1808,17.1706,17.1621,17.1593
1940,17.2189,17.2071,17.2035,17.1991,17.1971,17.1914
1950,17.1508,17.1384,17.1337,17.1278,17.1215,17.1182
1960,17.1467,17.1419,17.1356,17.131,17.1288,17.1259
1970,17.2377,17.2257,17.2232,17.2181,17.2148,17.2093
1980,17.2309,17.2168,17.2104,17.2076,17.205,17.2007
1990,17.2634,17.2504,17.2476,17.245,17.2419,17.2375
2000,17.2966,17.2838,17.2828,17.2787,17.2758,17.2726
2010,17.2042,17.19,17.1865,17.1828,17.1818,17.1791
2020,17.2443,17.2313,17.2286,17.2207,17.2193,17.2107
2030,17.3063,17.2952,17.2901,17.2861,17.2837,17.2772
2040,17.3682,17.3554,17.3477,17.345,17.3402,17.3347
2050,17.3225,17.3133,17.3118,17.3013,17.2937,17.2896
2060,17.2718,17.2618,17.258,17.2496,17.245,17.2419
2070,17.2237,17.2109,17.2094,17.2037,17.2011,17.1976
2080,17.3,17.2868,17.2844,17.2792,17.2765,17.2719
2090,17.3213,17.3118,17.3062,17.2985,17.291,17.2855
2100,17.3583,17.3462,17.3438,17.3387,17.3355,17.3327
2110,17.2601,17.2468,17.2426,17.2395,17.2376,17.2332
2120,17.4494,17.4397,17.4365,17.4298,17.4245,17.4165
2130,17.3001,17.2889,17.2856,17.2813,17.2771,17.2738
2140,17.3028,17.2916,17.2862,17.2802,17.2779,17.2703
2150,17.162,17.1503,17.1491,17.1439,17.1411,17.1396
2160,17.1921,17.18,17.1782,17.1722,17.171,17.1657
2170,17.249,17.2353,17.2325,17.2234,17.2185,17.2107
2180,17.324,17.3136,17.3114,17.3053,17.3019,17.2975
2190,17.201,17.1852,17.1824,17.178,17.1756,17.1715
2200,17.2721,17.2613,17.2586,17.2439,17.2373,17.23
2210,17.1263,17.1213,17.1128,17.1111,17.109,17.1079
2220,17.1753,17.1599,17.159,17.1527,17.1472,17.1421
2230,17.1129,17.1014,17.1009,17.0973,17.0926,17.0895
2240,17.2393,17.2294,17.226,17.2207,17.2186,17.2143
2250,17.2824,17.2702,17.2682,17.2648,17.2611,17.2573
2260,17.1862,17.1751,17.1726,17.1698,17.1661,17.1634
2270,17.3004,17.2965,17.2899,17.2859,17.2848,17.2811
2280,17.2234,17.2142,17.2063,17.2024,17.2022,17.1999
2290,17.1479,17.1446,17.1362,17.1327,17.132,17.1275
2300,17.2139,17.2032,17.1987,17.193,17.1897,17.1855
2310,17.3576,17.347,17.3444,17.331,17.3221,17.316
2320,17.2679,17.2568,17.2511,17.2458,17.244,17.2364
2330,17.2956,17.284,17.2797,17.2749,17.269,17.2628
2340,17.3277,17.3251,17.3188,17.3161,17.3141,17.3105
2350,17.2199,17.2082,17.2046,17.2023,17.1981,17.1929
2360,17.3263,17.315,17.311,17.3038,17.3001,17.2943
2370,17.1327,17.1202,17.1171,17.1123,17.1113,17.1075
2380,17.1794,17.1673,17.1625,17.1569,17.1551,17.1514
2390,17.1533,17.1428,17.1372,17.1324,17.1301,17.1278
2400,17.1933,17.1874,17.181,17.178,17.1763,17.1748
2410,17.216,17.2047,17.2007,17.1986,17.1966,17.1927
2420,17.2824,17.272,17.2666,17.2603,17.2552,17.2501
2430,17.2867,17.2768,17.2677,17.2651,17.2618,17.2541
2440,17.277,17.2655,17.2619,17.25,17.2453,17.2377
2450,17.2103,17.1994,17.1938,17.1914,17.1891,17.1876
2460,17.126,17.1127,17.1092,17.108,17.1029,17.0967
2470,17.1623,17.1506,17.1431,17.1349,17.1297,17.1213
2480,17.1738,17.163,17.1607,17.1583,17.1515,17.1485
2490,17.3538,17.3422,17.34,17.3354,17.3329,17.327
2500,17.315,17.3023,17.2961,17.2905,17.2869,17.279
2510,17.2775,17.2683,17.2645,17.2601,17.2558,17.2552
2520,17.3445,17.3332,17.3326,17.3274,17.3261,17.3226
2530,17.4154,17.4028,17.3992,17.3974,17.3951,17.3921
2540,17.2973,17.287,17.2831,17.2774,17.2725,17.2696
2550,17.2435,17.2322,17.2265,17.218,17.2109,17.2044
2560,17.2104,17.1969,17.1925,17.1862,17.1819,17.1747
2570,17.2626,17.2506,17.2467,17.2373,17.2302,17.2284
2580,17.2301,17.2169,17.212,17.209,17.2049,17.2002
2590,17.1801,17.1671,17.1642,17.1599,17.156,17.1472
2600,17.1535,17.1425,17.1397,17.1311,17.1297,17.1255
2610,17.1658,17.1524,17.1486,17.1432,17.1405,17.1359
2620,17.2199,17.2081,17.2039,17.2014,17.1993,17.1989
2630,17.3084,17.2938,17.2885,17.2811,17.2786,17.2683
2640,17.2119,17.1984,17.196,17.1929,17.19,17.1881
2650,17.1663,17.1522,17.1509,17.1473,17.1461,17.1417
2660,17.1498,17.1357,17.1344,17.1309,17.1257,17.1228
2670,17.1583,17.1459,17.1436,17.1362,17.1334,17.1277
2680,17.1896,17.1761,17.1748,17.1712,17.1683,17.1656
2690,17.1558,17.1431,17.1409,17.1372,17.1362,17.1342
2700,17.156,17.1418,17.1388,17.1354,17.1321,17.1287
2710,17.2016,17.1896,17.1844,17.1801,17.1755,17.1749
2720,17.313,17.3006,17.2948,17.2906,17.2839,17.2754
2730,17.1718,17.1613,17.1586,17.156,17.1512,17.1473
2740,17.1605,17.1545,17.1465,17.1425,17.1411,17.1386
2750,17.1773,17.1662,17.1633,17.162,17.1601,17.1564
2760,17.2547,17.2441,17.2433,17.2403,17.2385,17.2326
2770,17.0885,17.0786,17.0749,17.0684,17.0663,17.0646
2780,17.2217,17.2099,17.206,17.2015,17.2002,17.1973
2790,17.1117,17.0999,17.0929,17.083,17.0783,17.0683
2800,17.1044,17.0937,17.0927,17.0912,17.0825,17.079
2810,17.1228,17.1123,17.107,17.104,17.1004,17.0953
2820,17.1499,17.1372,17.1313,17.1263,17.1204,17.1146
2830,17.0236,17.0109,17.0089,17.0064,17.0039,17.0024
2840,17.0854,17.0792,17.0736,17.0718,17.0678,17.0654
2850,16.9871,16.973,16.9646,16.9582,16.9535,16.9415
2860,17.0429,17.0296,17.0272,17.0239,17.0213,17.0179
2870,17.1264,17.115,17.1127,17.1075,17.1023,17.0974
2880,17.1176,17.1046,17.0976,17.0928,17.0866,17.0805
2890,17.0159,17.0007,16.9967,16.9931,16.9892,16.9827
2900,17.1097,17.0955,17.0853,17.0761,17.0718,17.0581
2910,17.1731,17.1612,17.159,17.1524,17.1492,17.1442
2920,17.1513,17.1406,17.1388,17.1315,17.1276,17.1234
2930,17.0668,17.055,17.0545,17.0505,17.0443,17.0426
2940,17.219,17.2118,17.2066,17.2028,17.1986,17.1938
2950,17.2026,17.1906,17.1885,17.187,17.1854,17.1832
2960,17.1184,17.1045,17.1009,17.0936,17.091,17.0877
2970,17.2505,17.2388,17.2359,17.2287,17.2279,17.2241
2980,17.1913,17.1812,17.1784,17.1726,17.17,17.1666
2990,17.1486,17.1344,17.1316,17.127,17.1246,17.1228
3000,17.2126,17.2017,17.1968,17.1919,17.188,17.1837
3010,17.1645,17.1521,17.1497,17.1447,17.1429,17.139
3020,17.1837,17.1732,17.1641,17.1586,17.1554,17.1458
3030,17.1726,17.1602,17.1567,17.1526,17.1506,17.1453
3040,17.0495,17.0367,17.035,17.0338,17.0299,17.0279
3050,17.1328,17.1196,17.117,17.111,17.1075,17.1029
3060,17.1939,17.1807,17.1727,17.1688,17.165,17.1572
3070,17.2251,17.2118,17.2097,17.2041,17.2016,17.1978
3080,17.1904,17.1784,17.174,17.1679,17.1642,17.16
3090,17.2145,17.2022,17.2002,17.196,17.1954,17.1918
3100,17.171,17.161,17.1584,17.1519,17.1504,17.1467
3110,17.1868,17.1854,17.1748,17.1736,17.1722,17.1665
3120,17.1844,17.1701,17.1685,17.1652,17.1628,17.1585
3130,17.2439,17.2318,17.2288,17.2219,17.2192,17.2121
3140,17.1847,17.1718,17.1664,17.1613,17.1563,17.1486
3150,17.1696,17.1586,17.1569,17.1515,17.1482,17.1467
3160,17.2759,17.2628,17.2597,17.2563,17.2533,17.2508
3170,17.4046,17.3924,17.3859,17.3815,17.3791,17.3746
3180,17.2764,17.2671,17.2624,17.2532,17.2497,17.2466
3190,17.3143,17.3033,17.3011,17.2933,17.2879,17.2838
3200,17.4295,17.4186,17.4148,17.4024,17.3926,17.3871
3210,17.4613,17.4498,17.4456,17.4413,17.4369,17.4307
3220,17.4609,17.4489,17.4473,17.4405,17.4362,17.4332
3230,17.3486,17.3379,17.3358,17.3288,17.3261,17.3222
3240,17.4302,17.418,17.4159,17.4102,17.4085,17.4064
3250,17.337,17.3244,17.319,17.3168,17.3138,17.3074
3260,17.3791,17.3678,17.3654,17.3604,17.3586,17.3536
3270,17.3604,17.3495,17.3468,17.3455,17.3433,17.3414
3280,17.2886,17.2765,17.2733,17.2677,17.2649,17.2589
3290,17.2647,17.2528,17.2471,17.2416,17.239,17.2339
3300,17.4054,17.3935,17.3864,17.3817,17.3777,17.3681
3310,17.316,17.3022,17.2999,17.2953,17.2923,17.2884
3320,17.4475,17.4371,17.4348,17.4313,17.4288,17.4239
3330,17.3828,17.3773,17.3734,17.3697,17.3666,17.363
3340,17.365,17.3516,17.3466,17.3403,17.3362,17.3309
3350,17.277,17.2658,17.2614,17.2525,17.2433,17.2349
3360,17.3278,17.3167,17.3123,17.3,17.2908,17.2826
3370,17.2517,17.2453,17.241,17.2387,17.2334,17.2311
3380,17.2681,17.2597,17.257,17.2467,17.2413,17.2383
3390,17.3033,17.2921,17.2861,17.276,17.2707,17.2636
3400,17.2247,17.2075,17.2054,17.204,17.2031,17.2006
3410,17.3322,17.3218,17.3146,17.3101,17.3069,17.2976
3420,17.1852,17.1821,17.1723,17.1716,17.1701,17.1655
3430,17.1755,17.1624,17.16,17.1563,17.1537,17.1486
3440,17.1811,17.1763,17.1687,17.1663,17.1645,17.1629
3450,17.2245,17.2126,17.2091,17.2031,17.1988,17.1925
3460,17.325,17.3173,17.3118,17.3098,17.3082,17.3055
3470,17.311,17.298,17.2961,17.2931,17.2922,17.2892
3480,17.3009,17.2872,17.2858,17.2788,17.2773,17.2729
3490,17.2715,17.2583,17.2558,17.2526,17.2513,17.2459
3500,17.4222,17.4123,17.408,17.3984,17.3963,17.3882
3510,17.3392,17.3283,17.3254,17.3172,17.3117,17.3065
3520,17.3293,17.3161,17.3146,17.3115,17.3079,17.3052
3530,17.1407,17.1242,17.1208,17.1164,17.1151,17.1127
3540,17.2501,17.2416,17.2382,17.2349,17.2324,17.2305
3550,17.2499,17.2338,17.2303,17.227,17.2251,17.2201
3560,17.1908,17.1793,17.1765,17.1664,17.1607,17.1561
3570,17.1878,17.1746,17.172,17.1646,17.1621,17.1556
3580,17.1224,17.1162,17.108,17.1061,17.1027,17.1012
3590,17.2052,17.1922,17.1859,17.1767,17.1754,17.1649
3600,17.3392,17.3277,17.323,17.317,17.3118,17.3063
3610,17.136,17.1263,17.1224,17.1192,17.1178,17.115
3620,17.2153,17.2057,17.2007,17.1985,17.196,17.1946
3630,17.1268,17.1176,17.1149,17.11,17.1072,17.1028
3640,17.1582,17.1454,17.1437,17.1392,17.1354,17.1326
3650,17.1659,17.1598,17.1542,17.1517,17.1496,17.1486
3660,17.1483,17.1335,17.1288,17.1227,17.1191,17.1173
3670,17.2451,17.2354,17.2319,17.2156,17.2031,17.1971
3680,17.0825,17.0786,17.0692,17.0672,17.0664,17.0643
3690,17.1688,17.1593,17.1573,17.1558,17.1509,17.1478
3700,17.0908,17.0783,17.0701,17.066,17.0632,17.053
3710,17.1318,17.121,17.1173,17.1127,17.1084,17.105
3720,17.1574,17.1465,17.1401,17.1326,17.1275,17.1174
3730,17.1027,17.091,17.0857,17.0808,17.0773,17.0708
3740,17.0615,17.0469,17.0457,17.0422,17.0379,17.0359
3750,17.3057,17.2948,17.2921,17.2882,17.2851,17.2832
3760,17.2176,17.2042,17.202,17.1985,17.1964,17.1934
3770,17.1704,17.1572,17.1551,17.151,17.1491,17.1446
3780,17.0833,17.0726,17.0678,17.0648,17.0618,17.0582
3790,17.1307,17.1174,17.1148,17.1113,17.1089,17.1053
3800,17.008,16.9945,16.9915,16.9882,16.9862,16.9829
3810,16.9528,16.9462,16.9367,16.9341,16.9331,16.931
3820,17.0246,17.0111,17.0052,16.9922,16.983,16.9819
3830,16.9831,16.9677,16.9653,16.9625,16.9601,16.9558
3840,17.1025,17.0935,17.0893,17.0801,17.0746,17.0739
3850,17.0723,17.0619,17.0567,17.0533,17.0501,17.0455
3860,17.1096,17.0952,17.0914,17.0801,17.0753,17.0701
3870,17.1254,17.1143,17.1107,17.1081,17.1039,17.1
3880,17.1444,17.1331,17.1279,17.1228,17.1198,17.117
3890,17.0776,17.0667,17.0617,17.0527,17.0474,17.0406
3900,17.016,17.0043,17.0025,16.9971,16.9954,16.9905
3910,16.9317,16.9219,16.9198,16.9113,16.9097,16.9046
3920,16.9616,16.9479,16.9465,16.9416,16.9384,16.9351
3930,17.0395,17.023,17.0196,17.0141,17.0114,17.0089
3940,16.9316,16.9184,16.9159,16.913,16.9109,16.909
3950,16.8724,16.8543,16.8483,16.8422,16.8393,16.8329
3960,16.9143,16.9016,16.8993,16.8957,16.8945,16.8915
3970,17.075,17.0649,17.0591,17.0504,17.0492,17.0435
3980,16.9841,16.9733,16.9701,16.9661,16.9632,16.9615
3990,16.988,16.9766,16.9718,16.9654,16.9618,16.9578
4000,16.9836,16.9715,16.9653,16.9577,16.956,16.9477
4010,17.0072,16.9962,16.9919,16.9825,16.975,16.9699
4020,16.9991,16.9865,16.9813,16.9746,16.9693,16.9621
4030,17.0763,17.0646,17.0606,17.0571,17.053,17.0501
4040,17.0411,17.0291,17.0251,17.023,17.018,17.0129
4050,16.9825,16.9695,16.9683,16.9659,16.9585,16.9556
4060,17.0598,17.0462,17.0429,17.0384,17.0331,17.0305
4070,17.129,17.1176,17.113,17.1033,17.0953,17.0886
4080,17.2251,17.2138,17.2079,17.2073,17.1997,17.196
4090,17.0809,17.0686,17.0641,17.0627,17.054,17.0518
4100,17.0508,17.0487,17.04,17.0356,17.035,17.0319
4110,17.0465,17.0351,17.0263,17.0231,17.0216,17.0159
4120,17.0987,17.0865,17.081,17.074,17.0717,17.0678
4130,17.0764,17.0645,17.0626,17.0583,17.0549,17.0512
4140,17.1008,17.0876,17.0861,17.0814,17.0792,17.0749
4150,17.0958,17.0878,17.0845,17.08,17.0746,17.0736
4160,17.0338,17.0308,17.0203,17.0198,17.0175,17.0167
4170,17.14,17.1343,17.125,17.1242,17.122,17.1208
4180,17.2186,17.2048,17.2014,17.1977,17.1956,17.1931
4190,17.2684,17.2576,17.2545,17.2512,17.2472,17.246
4200,17.2143,17.2026,17.2013,17.1954,17.191,17.1899
4210,17.1795,17.1703,17.1647,17.162,17.1607,17.1586
4220,17.2528,17.242,17.2382,17.2331,17.2309,17.2271
4230,17.2662,17.2536,17.251,17.246,17.2425,17.2378
4240,17.2841,17.2727,17.2704,17.2661,17.2649,17.2602
4250,17.3583,17.3497,17.3411,17.3357,17.3331,17.3261
4260,17.3392,17.3277,17.3247,17.3218,17.3173,17.3156
4270,17.3551,17.3493,17.3433,17.3409,17.3391,17.335
4280,17.318,17.3077,17.3014,17.2952,17.2905,17.2843
4290,17.2333,17.2236,17.2144,17.2021,17.1935,17.1854
4300,17.1723,17.1684,17.1573,17.156,17.1553,17.1533
4310,17.2601,17.2461,17.2409,17.2334,17.2273,17.2167
4320,17.1315,17.1201,17.1178,17.1107,17.1081,17.1028
4330,17.2855,17.2742,17.2716,17.2652,17.2622,17.2582
4340,17.18,17.17,17.1666,17.1632,17.1604,17.1573
4350,17.2153,17.2033,17.2004,17.1935,17.1895,17.1856
4360,17.1141,17.1012,17.1002,17.0965,17.0941,17.0918
4370,17.1946,17.1833,17.1805,17.1752,17.173,17.1705
4380,17.1889,17.1767,17.1711,17.1646,17.1598,17.1518
4390,17.1703,17.1568,17.152,17.1455,17.1419,17.1388
4400,17.1537,17.1409,17.1406,17.1348,17.1304,17.1258
4410,17.0981,17.0866,17.0823,17.0794,17.076,17.0707
4420,17.0346,17.0229,17.021,17.0176,17.0125,17.0094
4430,17.0716,17.0621,17.0574,17.0539,17.0428,17.0421
4440,17.035,17.0237,17.0208,17.0164,17.014,17.009
4450,17.0097,16.9992,16.9977,16.9952,16.9891,16.9858
4460,17.1256,17.1147,17.1122,17.1077,17.104,17.1013
4470,17.1005,17.089,17.0837,17.0778,17.0769,17.0711
4480,17.1784,17.1654,17.1603,17.155,17.1516,17.1472
4490,17.0105,16.9987,16.9972,16.9939,16.9879,16.9851
4500,17.0005,16.9929,16.9877,16.9854,16.9783,16.976
4510,17.1059,17.0933,17.089,17.0797,17.0777,17.0737
4520,17.2258,17.2163,17.2092,17.2051,17.202,17.1981
4530,17.2096,17.1951,17.1933,17.1922,17.1884,17.1859
4540,17.1103,17.1001,17.0941,17.0915,17.0885,17.0829
4550,17.158,17.1459,17.144,17.1424,17.1396,17.1377
4560,17.0276,17.0131,17.0107,17.0063,17.0024,16.9987
4570,17.1553,17.1443,17.1385,17.1364,17.1349,17.129
4580,17.1623,17.1512,17.1475,17.1401,17.137,17.1309
4590,17.1535,17.141,17.1377,17.136,17.1328,17.1297
4600,17.3185,17.3105,17.3064,17.2996,17.2944,17.2884
4610,17.2228,17.2116,17.2081,17.2006,17.1958,17.1896
4620,17.2177,17.2071,17.2016,17.1938,17.1902,17.1813
4630,17.1698,17.16,17.1543,17.1497,17.1449,17.1417
4640,17.1189,17.105,17.1008,17.0975,17.0938,17.0868
4650,17.1822,17.1711,17.1694,17.1664,17.1641,17.1612
4660,17.2296,17.2204,17.2113,17.2046,17.2012,17.1954
4670,17.1201,17.1058,17.1047,17.0985,17.0965,17.0904
4680,17.2487,17.2374,17.232,17.2267,17.2244,17.2164
4690,17.1131,17.1015,17.0994,17.0951,17.0919,17.0889
4700,17.0873,17.0777,17.076,17.0697,17.0659,17.0649
4710,17.139,17.1252,17.1186,17.1111,17.1025,17.0984
4720,17.1419,17.1315,17.1274,17.1201,17.1159,17.1134
4730,17.2153,17.2009,17.1982,17.1966,17.194,17.1914
4740,17.1465,17.1374,17.1326,17.1294,17.1243,17.1196
4750,17.142,17.1313,17.129,17.1269,17.1203,17.12
4760,17.326,17.3159,17.3123,17.3038,17.2986,17.292
4770,17.2498,17.2385,17.2338,17.2294,17.2257,17.2198
4780,17.2685,17.2539,17.2511,17.2486,17.2473,17.243
4790,17.2076,17.1932,17.1905,17.1866,17.1826,17.1788
4800,17.2517,17.2375,17.2349,17.2293,17.2277,17.2242
4810,17.2248,17.2125,17.2091,17.2045,17.2037,17.203
4820,17.2637,17.2525,17.2492,17.2473,17.2456,17.2429
4830,17.1588,17.1474,17.1431,17.1396,17.1367,17.1318
4840,17.2055,17.192,17.1888,17.1836,17.1809,17.1776
4850,17.2652,17.2553,17.2508,17.2469,17.2433,17.2373
4860,17.1681,17.1609,17.1556,17.1521,17.1507,17.1483
4870,17.1494,17.1363,17.1318,17.1218,17.1167,17.1147
4880,17.1311,17.1201,17.1172,17.1084,17.1018,17.0971
4890,17.1952,17.1823,17.1806,17.1773,17.1744,17.1712
4900,17.1151,17.1027,17.0987,17.0958,17.0943,17.0905
4910,17.1398,17.125,17.1223,17.1186,17.1162,17.1124
4920,17.2575,17.2468,17.2428,17.2338,17.2307,17.2232
4930,17.1186,17.1049,17.1011,17.0991,17.097,17.0929
4940,17.2508,17.2402,17.2352,17.2329,17.228,17.2238
4950,17.2436,17.2312,17.2284,17.2241,17.2217,17.2178
4960,17.0543,17.0402,17.0391,17.0367,17.0298,17.0276
4970,17.0828,17.0803,17.0722,17.0702,17.0688,17.068
4980,17.131,17.1212,17.1207,17.1162,17.1116,17.109
4990,17.232,17.2206,17.2119,17.2018,17.1979,17.1889
5000,17.1641,17.1499,17.1408,17.1302,17.1192,17.1072
5010,17.1085,17.0941,17.0934,17.0891,17.0866,17.0841
5020,17.1906,17.1765,17.1739,17.1674,17.1621,17.1543
5030,17.236,17.2224,17.2197,17.2143,17.2109,17.2098
5040,17.1357,17.1224,17.1212,17.1165,17.1136,17.1122
5050,17.1378,17.1274,17.1248,17.123,17.1186,17.1174
5060,17.0607,17.0498,17.0467,17.0443,17.0413,17.0394
5070,17.0878,17.0747,17.0677,17.0569,17.0532,17.0429
5080,17.1283,17.1159,17.1117,17.1094,17.1062,17.1034
5090,17.1583,17.1458,17.143,17.1388,17.1358,17.1341
5100,17.2573,17.2468,17.2417,17.2392,17.2363,17.2321
5110,17.1601,17.1473,17.1407,17.1375,17.1342,17.1281
5120,17.1578,17.1465,17.1449,17.1393,17.1386,17.1338
5130,17.127,17.1158,17.1118,17.1111,17.1068,17.1045
5140,17.1755,17.1622,17.156,17.1427,17.1366,17.125
5150,17.1161,17.1022,17.0999,17.0971,17.095,17.093
5160,17.2197,17.2094,17.2048,17.1962,17.1894,17.1824
5170,17.256,17.2439,17.2409,17.235,17.2305,17.2257
5180,17.2518,17.2412,17.239,17.2321,17.227,17.2226
5190,17.1638,17.1509,17.1489,17.1443,17.1409,17.1366
5200,17.1934,17.1815,17.1792,17.1741,17.1704,17.167
5210,17.2777,17.2671,17.2619,17.2545,17.2507,17.2416
5220,17.1268,17.1148,17.1137,17.1096,17.1025,17.1008
5230,17.2622,17.2495,17.2487,17.2457,17.241,17.2401
5240,17.296,17.2853,17.2831,17.2786,17.2742,17.2705
5250,17.2985,17.2873,17.281,17.2718,17.2678,17.2596
5260,17.3078,17.2953,17.2888,17.2807,17.2785,17.2686
5270,17.2571,17.2438,17.2418,17.2364,17.2345,17.2287
5280,17.2963,17.2862,17.284,17.2721,17.2657,17.2581
5290,17.2886,17.2731,17.2661,17.2582,17.2538,17.2391
5300,17.2987,17.2851,17.2826,17.2806,17.2766,17.2736
5310,17.1441,17.1297,17.1267,17.124,17.1223,17.1195
5320,17.3614,17.3493,17.3456,17.3373,17.3328,17.3282
5330,17.0959,17.0838,17.0805,17.0781,17.076,17.0743
5340,17.141,17.1298,17.1268,17.1241,17.1192,17.1137
5350,17.141,17.1334,17.1269,17.124,17.1219,17.1188
5360,17.1458,17.1326,17.1299,17.1251,17.1236,17.1218
5370,17.2216,17.2077,17.2052,17.2021,17.1984,17.1972
5380,17.2525,17.241,17.2357,17.226,17.2201,17.2154
5390,17.3678,17.3568,17.3536,17.3431,17.3349,17.328
5400,17.2554,17.2448,17.2435,17.2406,17.2377,17.2359
5410,17.1872,17.1771,17.1733,17.1664,17.1618,17.1563
5420,17.2878,17.2772,17.2724,17.2626,17.2535,17.2495
5430,17.2443,17.2293,17.2263,17.2239,17.2213,17.2185
5440,17.1816,17.1789,17.1697,17.1673,17.164,17.1616
5450,17.2305,17.2182,17.2162,17.209,17.2056,17.1984
5460,17.1596,17.1456,17.141,17.1364,17.1346,17.1309
5470,17.2466,17.2339,17.2282,17.2232,17.2206,17.2166
5480,17.275,17.2632,17.2582,17.2544,17.2505,17.246
5490,17.319,17.3092,17.2991,17.2926,17.2861,17.2766
5500,17.3116,17.301,17.2948,17.2903,17.2893,17.2865
5510,17.2605,17.2492,17.2455,17.2401,17.239,17.2384
5520,17.2427,17.2363,17.2319,17.2298,17.2215,17.22
5530,17.2466,17.234,17.2325,17.2302,17.2267,17.2251
5540,17.2163,17.2053,17.1957,17.1872,17.1845,17.1825
5550,17.1539,17.1461,17.1407,17.1382,17.1372,17.1367
5560,17.3772,17.366,17.3596,17.3555,17.3521,17.3434
5570,17.2158,17.2095,17.2026,17.1995,17.1977,17.1958
5580,17.2905,17.278,17.2757,17.2703,17.2673,17.2616
5590,17.2324,17.2193,17.2149,17.2077,17.2025,17.1993
5600,17.3042,17.2919,17.2898,17.2837,17.2792,17.2752
5610,17.3287,17.32,17.3167,17.3129,17.3096,17.307
5620,17.2861,17.2724,17.2688,17.267,17.2652,17.2635
5630,17.3014,17.2892,17.2859,17.279,17.2766,17.2696
5640,17.1407,17.127,17.1259,17.1214,17.1202,17.117
5650,17.1895,17.1781,17.176,17.1722,17.1704,17.1672
5660,17.201,17.188,17.1868,17.1782,17.1755,17.1711
5670,17.1635,17.1523,17.1495,17.1471,17.1454,17.1441
5680,17.1645,17.1529,17.1523,17.1445,17.1437,17.1415
5690,17.2541,17.2449,17.2374,17.2358,17.2309,17.2267
5700,17.2034,17.1911,17.1835,17.1804,17.1767,17.1705
5710,17.2369,17.2264,17.2206,17.2139,17.2122,17.2033
5720,17.1847,17.1712,17.1673,17.1633,17.1592,17.1567
5730,17.1061,17.0965,17.0938,17.0829,17.0779,17.0738
5740,17.086,17.0734,17.0686,17.061,17.0575,17.051
5750,17.0217,17.0103,17.0058,17.0009,16.9986,16.9938
5760,17.0161,17.0053,17.0004,16.9963,16.9918,16.9865
5770,17.1067,17.0943,17.0899,17.0858,17.0813,17.0728
5780,17.1233,17.1115,17.1079,17.1015,17.0983,17.0923
5790,17.1441,17.1333,17.1296,17.125,17.1232,17.1161
5800,17.1373,17.1264,17.1226,17.1179,17.1153,17.1129
5810,17.2659,17.2557,17.2514,17.2481,17.2455,17.2427
5820,17.3617,17.3525,17.3487,17.3426,17.3387,17.3312
5830,17.2494,17.2389,17.2359,17.2306,17.2287,17.2247
5840,17.3078,17.2985,17.2942,17.2894,17.2849,17.2829
5850,17.3324,17.3209,17.3178,17.3103,17.3047,17.3004
5860,17.2376,17.2226,17.221,17.2139,17.2101,17.2034
5870,17.3238,17.3156,17.3108,17.2961,17.2841,17.2781
5880,17.2938,17.282,17.2788,17.2695,17.2644,17.2573
5890,17.0641,17.0516,17.0477,17.0459,17.0427,17.0392
5900,17.0965,17.0847,17.0744,17.0693,17.0661,17.0551
5910,17.1887,17.173,17.1687,17.1636,17.1596,17.157
5920,17.1957,17.1803,17.1782,17.1691,17.1619,17.1563
5930,17.215,17.2048,17.1999,17.192,17.1876,17.1804
5940,17.2469,17.2351,17.2291,17.2247,17.2236,17.2156
5950,17.2263,17.2131,17.2105,17.2063,17.2044,17.2006
5960,17.3035,17.2908,17.2865,17.2811,17.2748,17.2695
5970,17.3184,17.3054,17.3007,17.2968,17.2938,17.2887
5980,17.5291,17.5171,17.5104,17.4977,17.4904,17.4819
5990,17.2749,17.2642,17.2603,17.2538,17.2527,17.2496
6000,17.4077,17.3982,17.3936,17.3826,17.3791,17.3683
6010,17.403,17.3932,17.3912,17.3834,17.3813,17.3769
6020,17.3814,17.3676,17.3653,17.3597,17.3556,17.353
6030,17.402,17.3911,17.3873,17.3828,17.3799,17.375
6040,17.3274,17.3169,17.3103,17.3068,17.3051,17.3002
6050,17.4092,17.3976,17.3921,17.3894,17.3878,17.3836
6060,17.3398,17.3288,17.3273,17.3242,17.3183,17.3141
6070,17.2982,17.2898,17.2852,17.2812,17.2782,17.2753
6080,17.4445,17.4336,17.4299,17.4244,17.4196,17.4166
6090,17.3157,17.3128,17.3044,17.3025,17.3017,17.2997
6100,17.2207,17.2101,17.2068,17.2043,17.2009,17.1981
6110,17.2767,17.2658,17.2625,17.2561,17.2516,17.2463
6120,17.2218,17.2074,17.2045,17.1993,17.1942,17.1878
6130,17.3037,17.2901,17.2856,17.2805,17.2787,17.2716
6140,17.3138,17.302,17.2985,17.2955,17.2943,17.2898
6150,17.2387,17.2277,17.2237,17.2173,17.215,17.2086
6160,17.1968,17.1885,17.1856,17.1752,17.1709,17.1681
6170,17.2739,17.2628,17.26,17.2566,17.2542,17.2509
6180,17.3264,17.3164,17.3147,17.3097,17.3075,17.3051
6190,17.2669,17.2552,17.2534,17.2496,17.2473,17.2445
6200,17.2424,17.2305,17.2271,17.2173,17.2116,17.2085
6210,17.2358,17.2259,17.2252,17.2232,17.2211,17.216
6220,17.3165,17.3052,17.3035,17.2994,17.2964,17.2927
6230,17.2286,17.2185,17.2159,17.2109,17.206,17.2022
6240,17.2541,17.242,17.2396,17.2339,17.2323,17.2297
6250,17.3021,17.2921,17.2903,17.286,17.2838,17.2796
6260,17.1096,17.0969,17.094,17.088,17.0855,17.0774
6270,17.1833,17.1715,17.1673,17.1611,17.1588,17.1547
6280,17.1272,17.113,17.1068,17.1022,17.0984,17.0954
6290,17.1502,17.1388,17.1332,17.1255,17.1192,17.1128
6300,17.2793,17.2667,17.263,17.2513,17.2435,17.2359
6310,17.1112,17.0999,17.0936,17.0874,17.0832,17.0742
6320,17.0149,17.0021,16.9982,16.9917,16.9858,16.9821
6330,17.0755,17.0655,17.063,17.055,17.0514,17.0452
6340,17.0084,16.9952,16.991,16.9845,16.977,16.97
6350,17.0326,17.0275,17.018,17.0172,17.016,17.014
6360,17.1406,17.1301,17.1267,17.1233,17.1209,17.117
6370,17.1302,17.1191,17.1169,17.1141,17.1125,17.1089
6380,17.161,17.15,17.1478,17.1413,17.1379,17.1334
6390,17.109,17.0968,17.0907,17.0826,17.0805,17.0774
6400,17.1266,17.1137,17.1098,17.1055,17.1031,17.1003
6410,17.0639,17.0529,17.0465,17.0388,17.0334,17.0286
6420,17.0865,17.0723,17.0702,17.0636,17.0612,17.0558
6430,17.0487,17.0353,17.0332,17.0293,17.0254,17.023
6440,17.1245,17.1138,17.1102,17.1049,17.1004,17.0973
6450,17.0167,17.0146,17.0089,17.0044,17.0026,17.0005
6460,17.0332,17.0189,17.0116,17.0057,17.0036,17.0024
6470,16.9947,16.981,16.978,16.9703,16.9681,16.9627
6480,17.044,17.0313,17.0278,17.023,17.0178,17.0131
6490,17.0094,16.9965,16.994,16.9875,16.9845,16.9822
6500,16.9353,16.9249,16.9185,16.9133,16.9096,16.9061
6510,17.1432,17.13,17.122,17.1143,17.11,17.0977
6520,17.0031,16.9903,16.9862,16.9799,16.978,16.9744
6530,17.0037,16.9895,16.9861,16.9791,16.9767,16.9709
6540,17.0287,17.0151,17.0132,17.0116,17.009,17.0068
6550,17.0662,17.0528,17.0507,17.0476,17.0455,17.0443
6560,17.2502,17.2381,17.2295,17.2191,17.2142,17.2039
6570,17.0954,17.0824,17.078,17.0709,17.0697,17.0653
6580,17.1624,17.1497,17.1468,17.1384,17.1359,17.1301
6590,17.1905,17.1796,17.1738,17.1673,17.1628,17.1538
6600,17.1126,17.0996,17.0964,17.0936,17.0914,17.0866
6610,17.197,17.1927,17.188,17.1847,17.1825,17.1792
6620,17.1805,17.1675,17.1629,17.1602,17.1586,17.1541
6630,17.2088,17.1972,17.1944,17.1868,17.1828,17.1768
6640,17.3133,17.3032,17.2957,17.2859,17.2838,17.2744
6650,17.2415,17.2266,17.2227,17.2187,17.2145,17.2069
6660,17.1715,17.1583,17.1561,17.1508,17.1476,17.1445
6670,17.3005,17.2904,17.2888,17.2838,17.2802,17.2791
6680,17.2861,17.2746,17.2717,17.267,17.2621,17.2604
6690,17.2496,17.236,17.2328,17.2292,17.2273,17.223
6700,17.3066,17.2948,17.2873,17.2857,17.2819,17.2779
6710,17.2685,17.2547,17.2513,17.241,17.235,17.2269
6720,17.4637,17.4524,17.4489,17.4456,17.4435,17.4373
6730,17.142,17.1358,17.1295,17.1268,17.1246,17.1233
6740,17.3096,17.2973,17.2946,17.2886,17.2852,17.2791
6750,17.2382,17.2258,17.2241,17.2202,17.2174,17.2132
6760,17.1593,17.1462,17.1429,17.1393,17.137,17.1348
6770,17.2164,17.2074,17.2044,17.1988,17.1966,17.1925
6780,17.0709,17.0547,17.0525,17.0499,17.0486,17.0464
6790,17.1563,17.1447,17.1391,17.1297,17.128,17.1211
6800,16.9942,16.9798,16.9783,16.9719,16.9695,16.9652
6810,17.0351,17.0235,17.0212,17.0135,17.0092,17.0055
6820,17.2001,17.1906,17.1859,17.1819,17.1779,17.1737
6830,17.1087,17.0979,17.0957,17.093,17.0893,17.0885
6840,17.1499,17.1376,17.1346,17.129,17.126,17.1213
6850,17.0603,17.0497,17.0431,17.0382,17.0345,17.0298
6860,17.0834,17.0706,17.0661,17.0619,17.0585,17.053
6870,17.0696,17.0633,17.0562,17.0525,17.0506,17.0501
6880,17.0752,17.0636,17.0626,17.0581,17.0563,17.053
6890,17.2584,17.2451,17.2437,17.2369,17.2291,17.2247
6900,17.0472,17.0356,17.0335,17.0313,17.0283,17.0256
6910,17.1489,17.1403,17.1358,17.1271,17.122,17.1176
6920,17.1587,17.1505,17.1442,17.1421,17.1376,17.1313
6930,17.1013,17.0896,17.0874,17.0838,17.0822,17.0797
6940,17.1509,17.1395,17.1351,17.1286,17.1267,17.1201
6950,17.1071,17.0964,17.0905,17.0877,17.0839,17.078
6960,17.0728,17.0602,17.0572,17.0532,17.0505,17.0499
6970,17.1091,17.0995,17.0976,17.094,17.0887,17.0864
6980,17.0821,17.0696,17.0668,17.0599,17.0559,17.05
6990,17.0221,17.011,17.0057,17.0011,16.9983,16.9899
7000,17.0366,17.0269,17.0257,17.0238,17.0202,17.0183
7010,17.0602,17.047,17.0431,17.0393,17.0356,17.0343
7020,17.0581,17.0474,17.044,17.0376,17.0356,17.0307
7030,17.038,17.0268,17.0243,17.0208,17.0185,17.0171
7040,17.1264,17.1133,17.1096,17.1059,17.1038,17.0979
7050,17.1402,17.1295,17.128,17.1218,17.1199,17.1174
7060,17.1596,17.1478,17.1442,17.1402,17.1371,17.1323
7070,17.1882,17.1769,17.1722,17.1631,17.1609,17.1598
7080,17.1937,17.1824,17.179,17.1755,17.1725,17.1703
7090,17.1188,17.108,17.1044,17.1011,17.0983,17.0951
7100,17.1237,17.1114,17.1069,17.1061,17.1017,17.1005
7110,17.1948,17.1829,17.1813,17.1784,17.1766,17.1732
7120,17.2042,17.1932,17.1901,17.1834,17.1805,17.1782
7130,17.1803,17.1688,17.1639,17.1571,17.1555,17.1459
7140,17.0761,17.0653,17.0636,17.0618,17.0556,17.053
7150,17.1094,17.1029,17.0949,17.0931,17.0917,17.0901
7160,17.1039,17.0915,17.0874,17.0815,17.0791,17.0716
7170,17.029,17.0178,17.0147,17.0082,17.0044,17.0013
7180,17.1901,17.1794,17.1767,17.1722,17.169,17.1635
7190,17.128,17.1172,17.1112,17.1031,17.0952,17.0907
7200,17.0977,17.0854,17.0812,17.0762,17.072,17.0645
7210,17.1081,17.0978,17.0907,17.0858,17.0822,17.0779
7220,17.1063,17.0938,17.0915,17.0884,17.0862,17.0845
7230,17.1034,17.0952,17.0918,17.0873,17.0854,17.0842
7240,16.9293,16.9166,16.9129,16.911,16.9062,16.904
7250,17.0148,17.0024,17.0013,16.9948,16.9909,16.9866
7260,17.1866,17.1751,17.1705,17.1624,17.158,17.1512
7270,17.1175,17.1048,17.103,17.1001,17.0972,17.0953
7280,17.1422,17.1308,17.1285,17.1202,17.1181,17.1131
7290,17.3373,17.3256,17.3218,17.3147,17.309,17.3024
7300,17.2443,17.2331,17.2284,17.2185,17.2106,17.2025
7310,17.1503,17.1378,17.1345,17.1275,17.126,17.1174
7320,17.1312,17.1212,17.1166,17.1108,17.1075,17.1023
7330,17.2817,17.2716,17.2681,17.2635,17.2581,17.2543
7340,17.2846,17.2735,17.2696,17.2642,17.2622,17.2565
7350,17.1558,17.1425,17.1362,17.1271,17.1199,17.1141
7360,17.2386,17.2277,17.2193,17.2125,17.2109,17.204
7370,17.2686,17.2575,17.2527,17.2478,17.2461,17.2389
7380,17.2575,17.2459,17.2438,17.241,17.2346,17.2332
7390,17.1802,17.1737,17.1671,17.1643,17.1634,17.162
7400,17.3407,17.3298,17.3258,17.3211,17.3179,17.3132
7410,17.323,17.3096,17.3039,17.301,17.2981,17.2917
7420,17.231,17.2184,17.216,17.2098,17.2078,17.2052
7430,17.1833,17.1713,17.1682,17.1634,17.1593,17.1575
7440,17.168,17.1571,17.1558,17.1508,17.1493,17.1467
7450,17.1957,17.1858,17.1781,17.1718,17.1707,17.1664
7460,17.1021,17.0884,17.0854,17.082,17.0792,17.0759
7470,17.1356,17.124,17.1222,17.1189,17.1171,17.1122
7480,17.1224,17.1084,17.1059,17.103,17.1009,17.0991
7490,17.1867,17.1763,17.1733,17.1682,17.165,17.1611
7500,17.1175,17.1061,17.1004,17.096,17.0917,17.0881
7510,17.1712,17.1584,17.1563,17.1543,17.1513,17.1474
7520,17.1628,17.1527,17.1473,17.1384,17.1322,17.1266
7530,17.185,17.1744,17.1698,17.1674,17.1641,17.1586
7540,17.3695,17.3556,17.349,17.3408,17.3354,17.3266
7550,17.2041,17.1915,17.1864,17.1772,17.1733,17.1668
7560,17.4202,17.4098,17.4012,17.3964,17.394,17.3832
7570,17.3994,17.3865,17.3814,17.3748,17.3705,17.3636
7580,17.1957,17.1817,17.1802,17.1773,17.1736,17.1698
7590,17.1665,17.1529,17.1503,17.1462,17.1435,17.1389
7600,17.2214,17.2072,17.2043,17.2013,17.1983,17.1951
7610,17.235,17.2284,17.2251,17.2158,17.2107,17.2081
7620,17.4327,17.4212,17.4193,17.4133,17.4101,17.4056
7630,17.2757,17.2643,17.261,17.2544,17.249,17.2452
7640,17.2142,17.2028,17.1987,17.1948,17.1935,17.1882
7650,17.2249,17.2141,17.2069,17.2037,17.1992,17.1933
7660,17.2326,17.2207,17.2188,17.2135,17.212,17.2064
7670,17.196,17.184,17.1771,17.1714,17.1669,17.1597
7680,17.034,17.0233,17.0196,17.0094,17.0079,17.0028
7690,17.1516,17.1447,17.1396,17.1374,17.1317,17.1304
7700,17.0775,17.0659,17.0638,17.0605,17.0566,17.0543
7710,17.04,17.0304,17.0265,17.0238,17.018,17.0164
7720,17.1077,17.0955,17.0909,17.0808,17.0765,17.07
7730,17.1843,17.1731,17.1672,17.1581,17.1522,17.1454
7740,17.177,17.1661,17.1634,17.1586,17.1537,17.1497
7750,17.0309,17.0173,17.0151,17.0137,17.0109,17.0095
7760,17.1119,17.0989,17.0966,17.0933,17.092,17.0876
7770,17.1737,17.1607,17.1576,17.151,17.1486,17.1439
7780,17.2799,17.2694,17.2669,17.2544,17.2482,17.2413
7790,17.2434,17.2329,17.2308,17.2238,17.2228,17.2183
7800,17.4085,17.3971,17.3927,17.3871,17.3852,17.3773
7810,17.3965,17.386,17.3827,17.3803,17.379,17.376
7820,17.3157,17.3049,17.3034,17.297,17.2928,17.2914
7830,17.3089,17.298,17.2928,17.2901,17.2848,17.279
7840,17.1805,17.1661,17.1623,17.1503,17.1457,17.1431
7850,17.3057,17.2935,17.2889,17.2859,17.2845,17.2831
7860,17.3869,17.376,17.3708,17.3635,17.3608,17.3553
7870,17.3696,17.3568,17.3542,17.3474,17.3451,17.3374
7880,17.3382,17.3252,17.3232,17.3211,17.3201,17.3173
7890,17.3413,17.3295,17.3253,17.3208,17.3172,17.3121
7900,17.3007,17.289,17.2852,17.2821,17.2789,17.2755
7910,17.2651,17.2521,17.2491,17.2447,17.2429,17.2368
7920,17.3373,17.3298,17.3285,17.3251,17.3195,17.3174
7930,17.2405,17.2306,17.2282,17.2261,17.2223,17.2204
7940,17.3157,17.3012,17.2976,17.2905,17.2893,17.2807
7950,17.2989,17.2874,17.2833,17.2799,17.2795,17.2759
7960,17.3703,17.358,17.3562,17.3513,17.3479,17.3439
7970,17.2771,17.2646,17.2551,17.2463,17.2414,17.2299
7980,17.2903,17.2769,17.2741,17.2704,17.2677,17.2641
7990,17.2928,17.2823,17.2798,17.2753,17.2727,17.2697
8000,17.3193,17.3092,17.3046,17.303,17.2989,17.298
8010,17.2615,17.2466,17.2458,17.2422,17.2409,17.239
8020,17.4583,17.4493,17.4455,17.4414,17.4369,17.4355
8030,17.3005,17.2861,17.2824,17.2809,17.2788,17.2763
8040,17.3765,17.366,17.361,17.3561,17.3533,17.3463
8050,17.2843,17.2707,17.2691,17.265,17.2626,17.2605
8060,17.2792,17.2667,17.2639,17.2624,17.2581,17.2537
8070,17.4604,17.4495,17.4441,17.4396,17.4356,17.4295
8080,17.391,17.38,17.378,17.3713,17.3682,17.3635
8090,17.5218,17.508,17.5042,17.502,17.4975,17.494
8100,17.5358,17.5283,17.5215,17.5129,17.5076,17.5035
8110,17.383,17.3764,17.369,17.3631,17.3598,17.3536
8120,17.4057,17.3915,17.39,17.3851,17.3831,17.3787
8130,17.3516,17.3487,17.3369,17.3348,17.3341,17.3275
8140,17.3055,17.2933,17.2899,17.2886,17.2863,17.2848
8150,17.4051,17.4017,17.3918,17.3912,17.3857,17.3848
8160,17.4632,17.4527,17.4509,17.4433,17.4418,17.437
8170,17.515,17.5039,17.5009,17.4946,17.4894,17.4853
8180,17.3876,17.3743,17.3723,17.3604,17.358,17.3552
8190,17.3664,17.3545,17.3529,17.3467,17.3453,17.3422
8200,17.2978,17.2866,17.2834,17.2736,17.2692,17.2636
8210,17.3328,17.3189,17.3141,17.3113,17.3077,17.303
8220,17.357,17.3417,17.3402,17.3374,17.333,17.3292
8230,17.4337,17.4259,17.4233,17.4111,17.4027,17.3987
8240,17.4413,17.4307,17.427,17.4207,17.416,17.4113
8250,17.4469,17.4359,17.434,17.4294,17.4268,17.4215
8260,17.5119,17.4988,17.492,17.4905,17.4852,17.4815
8270,17.4709,17.4575,17.4531,17.4455,17.4408,17.4323
8280,17.4012,17.388,17.3845,17.38,17.3789,17.3729
8290,17.3754,17.3666,17.3617,17.3574,17.3562,17.3525
8300,17.3694,17.3586,17.3529,17.342,17.3379,17.3292
8310,17.3699,17.3594,17.3545,17.3478,17.3444,17.3368
8320,17.501,17.4898,17.485,17.4825,17.4768,17.4746
8330,17.3923,17.3789,17.3743,17.3652,17.3637,17.3571
8340,17.2744,17.2683,17.2626,17.2606,17.2579,17.2564
8350,17.4903,17.4793,17.4745,17.4682,17.4638,17.457
8360,17.3732,17.3607,17.3577,17.3521,17.3494,17.3449
8370,17.2091,17.1974,17.1959,17.19,17.187,17.1821
8380,17.3723,17.3659,17.3609,17.3558,17.3528,17.3489
8390,17.3961,17.3855,17.3837,17.3791,17.3753,17.3717
8400,17.2741,17.2637,17.2613,17.2598,17.253,17.2514
8410,17.3416,17.3296,17.3226,17.3125,17.3106,17.3008
8420,17.195,17.1826,17.1805,17.1768,17.1746,17.1711
8430,17.3331,17.3275,17.3219,17.3185,17.3168,17.3148
8440,17.2329,17.22,17.2182,17.2121,17.2099,17.2054
8450,17.2087,17.1951,17.1923,17.1885,17.1864,17.1843
8460,17.247,17.2373,17.2326,17.2283,17.2255,17.222
8470,17.28,17.2675,17.2635,17.2511,17.2454,17.2351
8480,17.1651,17.1557,17.1508,17.1478,17.1405,17.1379
8490,17.0848,17.0739,17.0713,17.069,17.0626,17.0596
8500,17.2463,17.2351,17.2252,17.2187,17.2158,17.2062
8510,17.0796,17.0676,17.0659,17.0597,17.0567,17.0532
8520,17.1066,17.0971,17.0928,17.0865,17.0812,17.0785
8530,17.1211,17.1105,17.106,17.0989,17.0953,17.0883
8540,17.0456,17.0358,17.0306,17.027,17.0236,17.0205
8550,17.0186,17.0071,17.0002,16.9936,16.9912,16.986
8560,17.0657,17.0542,17.0504,17.0443,17.0401,17.0339
8570,17.1398,17.1253,17.1215,17.1199,17.1165,17.1115
8580,17.0928,17.0847,17.0786,17.0726,17.0692,17.064
8590,17.2746,17.2619,17.2573,17.2468,17.2408,17.234
8600,17.0888,17.0811,17.0753,17.0733,17.071,17.0684
8610,17.1542,17.1409,17.1368,17.1319,17.1291,17.126
8620,17.168,17.1543,17.1517,17.1467,17.1409,17.1375
8630,17.1284,17.1193,17.1189,17.1165,17.1077,17.1056
8640,17.3068,17.2952,17.2902,17.2804,17.2761,17.2692
8650,17.0374,17.024,17.0214,17.0184,17.0159,17.0123
8660,17.045,17.0302,17.0222,17.0197,17.0147,17.0108
8670,17.1342,17.1223,17.1162,17.1128,17.1088,17.1053
8680,17.0516,17.04,17.0385,17.0314,17.0297,17.0264
8690,17.1697,17.1567,17.1531,17.1482,17.1451,17.1405
8700,17.0501,17.0375,17.0349,17.0331,17.032,17.0298
8710,17.1557,17.1449,17.1422,17.1386,17.1378,17.1348
8720,17.1593,17.1475,17.1432,17.1384,17.1347,17.1318
8730,17.1346,17.1246,17.1239,17.1176,17.1129,17.1113
8740,17.094,17.0792,17.0772,17.074,17.071,17.0695
8750,17.1485,17.1341,17.1303,17.1252,17.1175,17.1127
8760,17.132,17.1184,17.1129,17.1039,17.1002,17.0922
8770,17.0541,17.0417,17.0393,17.0312,17.0285,17.0265
8780,17.0366,17.0245,17.0217,17.0123,17.0072,17.0029
8790,17.0883,17.0792,17.0764,17.0681,17.0619,17.0547
8800,17.1753,17.1661,17.1593,17.1462,17.1381,17.1341
