t,deltaS
1,-2.637
2,-0.09995
3,0.04991
4,-0.1751
5,0.1963
6,-0.04758
7,0.01346
8,0.1057
9,-0.08376
10,0.1584
11,0.1727
12,0.1657
13,0.03849
14,0.1518
15,-0.02923
16,-0.08402
17,0.2549
18,0.1734
19,-0.05053
20,0.2636
21,0.783
22,0.4479
23,-0.4024
24,0.1539
25,0.8919
26,0.393
27,0.6924
28,-0.01478
29,0.4673
30,0.4073
31,1.518
32,-0.2497
33,-0.1853
34,0.6638
35,0.3307
36,0.3446
37,0.4758
38,-0.1412
39,-0.6135
40,0.4096
41,1.419
42,1.057
43,-0.2769
44,0.3731
45,0.7961
46,-0.5087
47,-0.3361
48,1.077
49,0.6128
50,0.5434
51,0.5188
52,0.0765
53,0.3279
54,0.3409
55,0.1662
56,-0.1144
57,0.8556
58,-0.4248
59,0.6583
60,0.4607
61,1.36
62,-1.564
63,0.5399
64,0.03541
65,1.105
66,0.1358
67,0.3416
68,-0.7293
69,0.7714
70,0.6365
71,-0.5568
72,-0.06817
73,-0.08508
74,0.9991
75,-0.03849
76,0.9909
77,-0.05508
78,1.535
79,0.7232
80,1.15
81,0.04835
82,0.4822
83,0.6086
84,0.5507
85,-0.139
86,0.6173
87,-0.2081
88,0.9335
89,0.9829
90,0.5273
91,0.6758
92,0.3668
93,0.6611
94,2.023
95,-0.3323
96,0.225
97,0.4406
98,-0.5068
99,0.02175
100,0.6852
101,0.5208
102,0.5438
103,0.2956
104,0.0747
105,-0.04505
106,0.1832
107,0.5575
108,0.1891
109,1.159
110,-0.552
111,-0.351
112,-0.2699
113,0.5733
114,0.488
115,-0.3552
116,-0.09594
117,0.5198
118,0.8382
119,-0.02493
120,0.9321
121,-0.06197
122,0.6184
123,-0.2515
124,0.2184
125,-0.6233
126,-0.08184
127,0.9466
128,0.06641
129,0.4001
130,0.1808
131,0.4916
132,0.5536
133,0.8094
134,0.7157
135,-0.1564
136,-0.1418
137,0.1862
138,0.2263
139,0.6705
140,0.6878
141,0.6492
142,-0.4055
143,-0.7483
144,0.6614
145,0.9027
146,0.8086
147,0.6614
148,0.7514
149,0.7798
150,0.875
151,0.05702
152,0.6953
153,-0.08743
154,-0.1171
155,0.9757
156,-0.03107
157,0.1926
158,0.0159
159,1.023
160,-0.09063
161,1.026
162,-0.3082
163,1.208
164,0.3673
165,0.5124
166,1.037
167,-0.07114
168,0.6099
169,-0.3851
170,0.2374
171,0.2896
172,0.07412
173,-0.06561
174,0.3876
175,0.5459
176,0.4529
177,0.3128
178,0.2771
179,0.0004867
180,0.6519
181,1.3
182,0.7652
183,0.9703
184,0.5384
185,1.278
186,-0.1171
187,0.4659
188,0.2709
189,-0.7061
190,-0.2643
191,0.5982
192,-0.1485
193,0.1113
194,0.7348
195,0.4717
196,0.8312
197,-0.08582
198,0.412
199,1.111
200,0.02883
201,0.7713
202,0.03838
203,-0.3576
204,0.2583
205,0.006675
206,0.3298
207,0.2704
208,-0.6577
209,-0.02088
210,0.9311
211,-0.5853
212,0.4085
213,0.3162
214,0.6878
215,0.4053
216,-0.3763
217,0.4976
218,1.512
219,0.2525
220,0.1451
221,-0.1138
222,0.2165
223,0.4368
224,-0.236
225,0.9349
226,0.1312
227,0.3249
228,-0.0188
229,-0.1148
230,-0.5228
231,0.07456
232,-0.9831
233,-0.1179
234,1.576
235,0.4604
236,0.13
237,0.9575
238,-0.1624
239,1.022
240,0.3058
241,1.576
242,-0.05924
243,0.3301
244,0.2444
245,0.4637
246,0.8514
247,-0.3364
248,-0.03022
249,1.455
250,-0.9605
251,0.4431
252,0.2085
253,0.2042
254,0.4273
255,0.8327
256,0.5531
257,0.09534
258,0.03283
259,-0.5532
260,0.8125
261,0.2522
262,0.6924
263,0.2789
264,1.227
265,0.6425
266,0.5747
267,-0.1685
268,-0.2995
269,-0.5561
270,0.6244
271,0.698
272,0.3135
273,-1.341
274,-0.1233
275,0.385
276,0.6131
277,-0.3493
278,-0.06324
279,0.4259
280,0.08567
281,1.034
282,1.301
283,-0.05901
284,-0.1582
285,1.049
286,0.3654
287,0.4937
288,0.541
289,-0.4745
290,-0.3363
291,0.9213
292,0.6462
293,-0.0651
294,-0.1916
295,0.7087
296,-0.1221
297,0.6416
298,-0.06819
299,-0.3704
300,0.1102
301,0.6649
302,-0.01154
303,0.2471
304,0.9651
305,-0.6257
306,0.5658
307,-0.2028
308,-0.3624
309,0.1967
310,-0.2586
311,0.7564
312,0.2829
313,0.4136
314,0.5182
315,0.7313
316,0.2771
317,0.3566
318,-0.1056
319,-0.00164
320,1.098
321,0.4247
322,-0.8602
323,0.4496
324,0.411
325,-0.8304
326,0.1034
327,-0.6423
328,0.3345
329,0.6136
330,-0.8335
331,-0.4551
332,0.3253
333,1.102
334,0.8029
335,0.9899
336,0.02163
337,0.1214
338,-0.5088
339,-0.2855
340,0.4039
341,0.4344
342,-0.875
343,-0.3434
344,0.5151
345,-1.417
346,0.5053
347,-1.11
348,-0.039
349,0.4448
350,0.08472
351,0.4229
352,-0.307
353,0.5376
354,0.3312
355,0.29
356,0.1442
357,-0.5483
358,-0.4341
359,-0.1317
360,-0.4422
361,-0.03943
362,0.09421
363,-0.8406
364,-0.782
365,0.06962
366,0.1481
367,0.2572
368,0.7589
369,-0.2457
370,1.092
371,-0.194
372,0.47
373,0.5067
374,0.5767
375,-0.1631
376,0.1277
377,0.646
378,-0.2794
379,0.08257
380,-0.2503
381,0.3821
382,0.06816
383,0.1588
384,-0.0345
385,-0.2932
386,-0.005493
387,-0.0116
388,0.629
389,-0.473
390,0.7847
391,0.5891
392,0.3349
393,0.1521
394,0.5399
395,-0.3508
396,-0.1282
397,0.3144
398,-0.005052
399,-0.4757
400,0.4712
401,0.4685
402,0.1874
403,-0.3536
404,-0.02291
405,-0.133
406,0.0236
407,0.08535
408,-0.02369
409,0.842
410,-0.1154
411,0.6189
412,0.6474
413,-0.1864
414,0.1593
415,0.256
416,-0.7233
417,-0.6386
418,-0.8854
419,0.4701
420,0.06863
421,0.1317
422,0.5822
423,0.7572
424,-0.5009
425,0.2779
426,0.3013
427,0.529
428,-0.2885
429,-1.201
430,-0.3341
431,-0.5973
432,0.09164
433,0.6437
434,-0.7446
435,-0.2278
436,0.6271
437,0.06105
438,0.1796
439,1.081
440,-0.3183
441,1.345
442,-0.3966
443,-0.319
444,0.2058
445,-0.3099
446,-0.2205
447,-0.2696
448,0.01891
449,-0.3833
450,0.2824
451,0.3572
452,1.23
453,0.1963
454,0.1383
455,0.2557
456,0.878
457,0.4914
458,-0.7458
459,-0.283
460,0.3972
461,-0.203
462,0.1954
463,0.2803
464,0.4073
465,-0.2685
466,-0.7491
467,-0.663
468,-0.5604
469,0.4958
470,0.648
471,0.4174
472,0.02768
473,0.1788
474,-0.3114
475,1.087
476,0.01226
477,0.001165
478,1.075
479,-1.091
480,0.03592
481,0.4272
482,0.3648
483,0.4425
484,0.4956
485,0.2436
486,0.6977
487,-0.4287
488,0.3368
489,0.02923
490,0.5358
491,-1.098
492,-0.1364
493,0.4846
494,0.1298
495,-0.1068
496,0.4025
497,0.7385
498,0.5577
499,0.4174
500,-0.1428
501,-0.3802
502,0.2511
503,0.1702
504,0.2513
505,0.2604
506,0.01388
507,0.05098
508,0.2066
509,0.3356
510,0.07805
511,0.7069
512,0.6671
513,-0.2289
514,0.9591
515,-0.4149
516,-0.1218
517,0.4276
518,0.1972
519,0.3426
520,-1.004
521,0.1816
522,0.03979
523,-0.3626
524,0.5994
525,0.2915
526,-0.6626
527,-0.3628
528,0.2731
529,-0.3237
530,-0.8595
531,-0.3676
532,0.3475
533,-0.1336
534,0.2852
535,0.3394
536,0.3325
537,-0.3683
538,-0.2772
539,0.01635
540,1.169
541,0.3029
542,-0.08136
543,0.08686
544,-0.4139
545,0.2399
546,-0.3142
547,0.31
548,0.6551
549,0.1755
550,0.6682
551,-0.3653
552,0.3654
553,0.6015
554,-0.08336
555,0.1051
556,0.1096
557,0.2737
558,-0.4082
559,0.01694
560,-1.084
561,-0.7243
562,0.1991
563,0.05245
564,0.2975
565,-0.1257
566,0.1613
567,-0.1398
568,1.139
569,0.8909
570,-0.1421
571,0.0103
572,0.3298
573,0.9793
574,0.06252
575,0.5755
576,0.3972
577,0.2949
578,0.2555
579,-0.6823
580,0.02875
581,0.6493
582,0.6472
583,0.4237
584,0.7384
585,0.1208
586,-0.3644
587,0.006906
588,-0.1717
589,0.2994
590,-0.0628
591,0.3762
592,0.3085
593,-0.3865
594,-0.3363
595,0.2652
596,-0.02931
597,0.5635
598,0.6723
599,-0.3555
600,-0.4478
601,0.7224
602,0.3727
603,0.1736
604,0.2405
605,-0.2848
606,-0.1629
607,1.215
608,0.5153
609,0.4095
610,0.0571
611,0.5232
612,0.9234
613,0.07564
614,0.06444
615,-0.5561
616,0.151
617,0.1734
618,0.6884
619,0.3695
620,0.2211
621,-0.5825
622,0.02178
623,0.4301
624,-0.4001
625,-0.5639
626,-0.107
627,0.4174
628,0.524
629,-1.256
630,-0.5226
631,0.6466
632,0.5245
633,0.1349
634,0.2782
635,0.2445
636,0.3732
637,0.4582
638,0.8652
639,-0.2987
640,0.1598
641,-0.166
642,1.238
643,-0.2181
644,0.8883
645,0.3257
646,-0.1717
647,-0.06428
648,0.1153
649,0.4311
650,-0.4367
651,0.03962
652,0.5657
653,-0.549
654,-0.5281
655,-0.5268
656,0.162
657,-0.1547
658,0.2968
659,-0.217
660,0.5171
661,-0.7637
662,0.1483
663,0.6776
664,-0.5316
665,-0.3814
666,0.8299
667,-0.1963
668,0.3989
669,0.004159
670,0.1478
671,0.08259
672,-0.06934
673,-0.4118
674,0.1565
675,0.3777
676,0.724
677,-0.2642
678,-0.4106
679,0.1038
680,0.1679
681,0.29
682,-0.2994
683,-1.126
684,-0.25
685,-0.2034
686,0.4916
687,-0.8676
688,0.1561
689,1.397
690,-0.6324
691,-0.02991
692,1.225
693,-0.1855
694,0.3368
695,0.2664
696,0.03136
697,0.4873
698,0.16
699,0.5208
700,0.2144
701,0.2429
702,0.9275
703,-0.1605
704,-0.1273
705,-0.1555
706,0.2553
707,0.2946
708,0.1079
709,0.2872
710,0.9312
711,-0.5661
712,-0.5375
713,0.4586
714,0.8387
715,-0.07178
716,-0.5352
717,0.01358
718,0.3506
719,-0.4907
720,0.6396
721,1.215
722,0.4817
723,-0.1043
724,0.4337
725,0.6108
726,-0.08837
727,0.4588
728,0.2689
729,0.5367
730,0.4037
731,0.1037
732,-0.9654
733,0.6616
734,0.5279
735,0.1137
736,0.3508
737,-0.1137
738,-0.2204
739,-0.1543
740,0.07471
741,0.2473
742,-0.8342
743,-0.3586
744,0.0417
745,-0.1121
746,-0.5912
747,-0.3858
748,-0.2554
749,-0.3926
750,0.06719
751,0.3383
752,0.1178
753,0.6273
754,0.2488
755,-0.1041
756,-1.054
757,0.01721
758,0.9533
759,0.3532
760,0.4467
761,-1.214
762,0.1606
763,0.6687
764,-0.6654
765,-0.1497
766,-0.4648
767,0.6637
768,0.5057
769,0.1545
770,-0.01933
771,-0.03614
772,0.04446
773,0.4548
774,-0.2336
775,0.2932
776,-0.3557
777,0.0008849
778,-1.093
779,0.1347
780,0.7879
781,1.089
782,-0.4512
783,-0.4615
784,-0.02234
785,-0.05652
786,0.1993
787,0.1328
788,-0.05038
789,0.5672
790,-0.7526
791,-0.5329
792,0.2483
793,0.3112
794,0.03826
795,0.3333
796,0.1353
797,-0.2549
798,-0.1644
799,0.8443
800,-0.4854
801,0.7499
802,-0.09687
803,0.1262
804,0.2507
805,0.1256
806,-0.07698
807,0.04311
808,-0.146
809,0.1093
810,-0.03014
811,-0.9188
812,-0.01907
813,-0.2774
814,0.319
815,0.1
816,0.1348
817,-0.147
818,-0.008049
819,0.7441
820,-0.6116
821,0.5008
822,0.1561
823,-0.5502
824,-0.4555
825,0.6079
826,0.7267
827,0.459
828,0.5075
829,-0.3142
830,-0.1546
831,-0.2322
832,0.04407
833,0.6068
834,-0.1162
835,-0.2654
836,0.5043
837,0.8548
838,0.1824
839,-0.2115
840,0.4684
841,0.3234
842,-1.029
843,0.4172
844,0.685
845,-0.2063
846,-0.00216
847,-0.1464
848,0.1767
849,-0.9184
850,-0.2143
851,0.1929
852,0.6661
853,0.675
854,0.1438
855,0.4036
856,0.7145
857,0.6062
858,0.1818
859,-0.1214
860,-0.4146
861,0.2731
862,-0.5845
863,0.7248
864,-0.4636
865,-0.4193
866,0.7347
867,0.6149
868,0.8679
869,0.3613
870,-0.1577
871,0.4015
872,0.7276
873,0.08982
874,-0.4076
875,-0.9184
876,0.8097
877,-0.3574
878,0.9669
879,0.7149
880,-0.5184
881,0.487
882,-0.831
883,0.4702
884,-0.1901
885,0.2077
886,0.0776
887,-0.3209
888,-0.337
889,0.1264
890,-0.7977
891,0.3365
892,-0.436
893,0.6403
894,0.424
895,0.04775
896,-0.3215
897,0.7158
898,-0.008338
899,0.2271
900,0.2046
901,0.2224
902,0.3438
903,-0.08347
904,-0.1839
905,0.3645
906,-0.5357
907,0.04935
908,0.7372
909,-0.03445
910,-0.264
911,-0.256
912,-0.06044
913,0.4244
914,0.07999
915,-0.1158
916,0.9208
917,0.5532
918,0.3863
919,-0.8841
920,0.3677
921,0.2816
922,0.1278
923,0.5284
924,-0.3997
925,0.3237
926,0.3406
927,0.1029
928,0.604
929,-0.3629
930,-0.568
931,-0.1334
932,0.4287
933,0.9588
934,-0.5927
935,-0.1228
936,-0.09947
937,1.15
938,1.075
939,0.2509
940,-0.2906
941,1.182
942,0.2416
943,-0.3392
944,-0.09907
945,0.5762
946,-0.4847
947,1.055
948,-0.1202
949,1.075
950,0.6197
951,-0.2291
952,1.113
953,0.017
954,0.2259
955,0.3316
956,0.1939
957,-0.07688
958,0.8488
959,0.2566
960,0.4559
961,-0.1106
962,-0.142
963,0.5995
964,-0.3989
965,-0.1702
966,0.1488
967,0.1161
968,0.1298
969,0.485
970,0.6202
971,0.5753
972,0.8605
973,0.1053
974,-0.4624
975,-0.2803
976,-0.366
977,0.7647
978,0.5476
979,0.3482
980,0.321
981,-0.277
982,0.3482
983,-0.03894
984,0.06185
985,-0.3857
986,0.5377
987,-0.5737
988,-0.2152
989,-0.5082
990,0.5358
991,-0.02082
992,-0.3265
993,-0.5749
994,0.03284
995,-0.5678
996,-0.1379
997,0.3244
998,-0.2831
999,0.4147
1000,-0.2917
1001,0.04991
1002,1.064
1003,0.4545
1004,0.01843
1005,0.1805
1006,-0.07892
1007,0.03589
1008,0.2116
1009,0.5779
1010,-0.3091
1011,-0.1816
1012,-0.4171
1013,-0.1066
1014,0.4276
1015,-0.0001062
1016,-0.0349
1017,0.4137
1018,0.5804
1019,-0.109
1020,-0.2958
1021,-0.1342
1022,-0.1432
1023,-0.3329
1024,0.7541
1025,0.09978
1026,-0.3896
1027,0.4034
1028,0.5115
1029,-0.2651
1030,0.03717
1031,0.9581
1032,-0.3515
1033,0.07801
1034,0.7146
1035,0.09348
1036,-0.2065
1037,0.611
1038,0.3011
1039,-0.06063
1040,0.07379
1041,-0.3916
1042,0.2724
1043,0.1049
1044,0.04857
1045,-0.4863
1046,0.06353
1047,-0.3531
1048,0.9572
1049,-0.1583
1050,-0.2721
1051,1.041
1052,-1.017
1053,0.05741
1054,0.833
1055,0.1477
1056,0.2353
1057,0.6061
1058,0.385
1059,0.3835
1060,0.07064
1061,-0.0008695
1062,-0.3753
1063,0.4062
1064,0.09255
1065,-0.9166
1066,0.3766
1067,0.3685
1068,0.4085
1069,-0.04849
1070,-0.1154
1071,-0.6025
1072,0.9325
1073,0.3784
1074,0.3317
1075,-0.1298
1076,-0.3849
1077,-0.05511
1078,0.4383
1079,-0.132
1080,-0.507
1081,0.08942
1082,-0.6001
1083,0.3832
1084,-0.6954
1085,0.006946
1086,0.3613
1087,-0.02841
1088,1.077
1089,-0.3671
1090,0.2418
1091,0.5847
1092,0.05358
1093,0.1724
1094,0.2564
1095,-0.07602
1096,-0.3354
1097,-0.455
1098,0.9739
1099,-0.4554
1100,-0.2215
1101,1.419
1102,0.5877
1103,0.6892
1104,0.354
1105,0.9199
1106,-0.06717
1107,0.5562
1108,0.04796
1109,0.3518
1110,0.7376
1111,1.162
1112,0.03631
1113,-0.4654
1114,-0.806
1115,0.8843
1116,-0.03685
1117,0.4263
1118,0.2509
1119,-0.6632
1120,0.756
1121,-0.4476
1122,-0.4614
1123,0.4214
1124,0.4888
1125,0.3422
1126,-0.04604
1127,-0.2173
1128,-0.2348
1129,-0.1882
1130,0.2269
1131,-0.7548
1132,0.3939
1133,0.7497
1134,0.1121
1135,0.285
1136,-0.1648
1137,0.2391
1138,0.2604
1139,-0.08771
1140,-0.2005
1141,-0.1179
1142,0.3104
1143,0.288
1144,-0.373
1145,-0.4929
1146,-0.8078
1147,-0.9109
1148,0.4761
1149,-0.1328
1150,0.8121
1151,0.602
1152,-0.4428
1153,0.2681
1154,0.4454
1155,-0.54
1156,0.009638
1157,-0.1072
1158,-0.4907
1159,0.1128
1160,-0.04119
1161,-0.004831
1162,0.0656
1163,-0.1423
1164,0.1887
1165,0.5902
1166,0.2163
1167,-1.345
1168,-0.3003
1169,0.2614
1170,-0.8368
1171,0.01681
1172,-0.006967
1173,-0.3234
1174,0.7508
1175,0.5184
1176,0.8945
1177,-0.1412
1178,0.4676
1179,-0.8591
1180,1.035
1181,-0.1198
1182,0.7828
1183,0.1963
1184,-0.6201
1185,0.1168
1186,-0.69
1187,0.2724
1188,-0.1599
1189,0.9887
1190,0.3404
1191,-0.131
1192,0.1523
1193,0.5033
1194,0.6351
1195,-0.3196
1196,0.6234
1197,0.4313
1198,-0.02316
1199,0.03427
1200,0.5819
1201,-0.2753
1202,1.443
1203,0.04483
1204,0.1075
1205,-0.4839
1206,0.4321
1207,0.6056
1208,-0.1014
1209,-0.06294
1210,0.3127
1211,0.0398
1212,-0.5047
1213,0.2075
1214,-0.4565
1215,0.1723
1216,0.4098
1217,-0.2978
1218,0.02662
1219,0.4924
1220,0.3662
1221,-0.02947
1222,0.176
1223,0.8391
1224,0.1948
1225,0.8361
1226,1.048
1227,0.554
1228,0.05349
1229,-0.3337
1230,0.5023
1231,-0.6985
1232,0.4088
1233,-0.07824
1234,0.5953
1235,0.5597
1236,0.2122
1237,0.03429
1238,-0.1416
1239,-0.4752
1240,0.7386
1241,0.2614
1242,-0.1121
1243,1.021
1244,0.009267
1245,0.1862
1246,-0.4181
1247,-2.828e-05
1248,-0.8753
1249,0.2899
1250,0.6143
1251,0.1527
1252,0.7677
1253,-0.4157
1254,-0.4352
1255,0.3085
1256,0.384
1257,0.504
1258,-1.232
1259,-0.05799
1260,-0.4706
1261,0.04565
1262,0.6343
1263,-0.2389
1264,0.1472
1265,0.1855
1266,-0.4984
1267,0.01313
1268,-0.08171
1269,0.04085
1270,0.4249
1271,-0.6348
1272,0.4018
1273,-0.2626
1274,0.2252
1275,-0.3382
1276,0.1055
1277,-0.2982
1278,-0.157
1279,0.3523
1280,-0.1533
1281,-0.4486
1282,0.8506
1283,-0.2536
1284,-0.2369
1285,0.3317
1286,-0.2207
1287,-0.1905
1288,1.375
1289,0.2213
1290,-0.2744
1291,-0.4976
1292,-0.6408
1293,0.2681
1294,-0.7537
1295,0.3707
1296,-0.6406
1297,-0.03093
1298,0.2459
1299,-0.09037
1300,1.005
1301,-0.04089
1302,0.08472
1303,0.6194
1304,-0.4107
1305,0.5654
1306,0.08544
1307,-0.03483
1308,0.8645
1309,-0.2265
1310,0.3441
1311,0.2223
1312,0.08115
1313,0.2805
1314,0.09844
1315,-0.7118
1316,-0.02455
1317,0.1714
1318,-0.9152
1319,0.1501
1320,0.5565
1321,0.5209
1322,0.605
1323,0.4939
1324,-0.1669
1325,-0.2232
1326,-0.293
1327,0.6275
1328,0.01388
1329,0.4847
1330,0.5523
1331,-0.5538
1332,-0.1163
1333,0.08622
1334,-0.2178
1335,-0.02908
1336,0.7605
1337,-0.7023
1338,-0.5887
1339,-0.4051
1340,0.1663
1341,-0.1825
1342,1.041
1343,0.8189
1344,0.2243
1345,0.7011
1346,0.1522
1347,0.5829
1348,0.5327
1349,0.4803
1350,0.3409
1351,-0.5843
1352,-0.1457
1353,0.2537
1354,0.2076
1355,1.594
1356,0.7123
1357,-0.2136
1358,-0.009199
1359,-0.1034
1360,0.6911
1361,-0.4738
1362,-0.02032
1363,-0.5537
1364,0.2713
1365,-0.3068
1366,0.4894
1367,-0.2711
1368,0.4047
1369,-0.544
1370,1.088
1371,-0.1927
1372,0.6947
1373,0.6495
1374,-0.6688
1375,-0.2337
1376,-0.7353
1377,0.02771
1378,0.2999
1379,-0.1184
1380,0.4614
1381,0.07459
1382,-0.3019
1383,-0.135
1384,-0.102
1385,0.2924
1386,-0.6697
1387,-0.4476
1388,0.06585
1389,0.0524
1390,0.7745
1391,-0.432
1392,-0.1291
1393,-0.1727
1394,0.3499
1395,0.02739
1396,0.1068
1397,0.6245
1398,-0.2152
1399,0.3302
1400,-0.03353
1401,-0.6752
1402,0.4529
1403,0.3647
1404,0.3128
1405,-1.037
1406,1.035
1407,0.4527
1408,0.1213
1409,-0.2935
1410,-0.2107
1411,0.4021
1412,0.3685
1413,0.3252
1414,0.6156
1415,0.6759
1416,0.275
1417,-0.4714
1418,0.2018
1419,0.845
1420,-0.6601
1421,0.6253
1422,0.175
1423,0.414
1424,0.08
1425,0.884
1426,0.3634
1427,0.3346
1428,-0.5319
1429,0.9999
1430,0.01219
1431,0.327
1432,0.0242
1433,-0.5462
1434,0.6717
1435,0.6427
1436,0.3026
1437,-0.1972
1438,-0.2549
1439,0.5165
1440,0.3293
1441,1.187
1442,0.003227
1443,0.1833
1444,0.05192
1445,0.2984
1446,-0.3221
1447,-0.06033
1448,0.2463
1449,0.1743
1450,0.6022
1451,-1.024
1452,-1.021
1453,-0.3705
1454,-0.5033
1455,0.3096
1456,-0.09475
1457,-0.4067
1458,-0.3967
1459,-0.3116
1460,-0.6429
1461,-0.5964
1462,0.5888
1463,0.06078
1464,-0.2646
1465,0.4291
1466,0.4398
1467,0.4377
1468,0.04605
1469,-0.6613
1470,0.3464
1471,-0.0735
1472,0.03357
1473,-0.06069
1474,-0.1459
1475,0.3679
1476,0.4327
1477,-0.9761
1478,1.243
1479,-0.4856
1480,0.4239
1481,-0.688
1482,0.01546
1483,-0.2567
1484,0.1865
1485,0.5265
1486,0.5078
1487,0.3398
1488,0.3057
1489,0.00469
1490,0.4162
1491,1.113
1492,-0.0201
1493,0.3062
1494,-0.06327
1495,0.8836
1496,-0.1002
1497,0.01774
1498,-0.6413
1499,-0.8666
1500,0.5958
1501,0.6266
1502,1.065
1503,-0.02003
1504,-0.528
1505,1.125
1506,-0.5162
1507,0.2762
1508,-0.2687
1509,0.7002
1510,-0.2526
1511,0.2694
1512,-0.3758
1513,-0.1617
1514,0.09929
1515,-0.4846
1516,-0.001997
1517,-0.6089
1518,0.5846
1519,-0.2363
1520,-0.3239
1521,0.3763
1522,0.01612
1523,-0.2692
1524,-0.6359
1525,-0.1012
1526,-0.04866
1527,0.102
1528,-0.2459
1529,0.4692
1530,-0.7067
1531,-0.2106
1532,-0.4826
1533,-0.1977
1534,-0.3616
1535,-0.06916
1536,0.04228
1537,0.3052
1538,0.1878
1539,0.3929
1540,0.4495
1541,0.366
1542,0.5752
1543,0.0325
1544,-0.01727
1545,1.065
1546,-0.4283
1547,-0.03951
1548,0.6651
1549,-0.1861
1550,0.7802
1551,0.005241
1552,0.4784
1553,0.5757
1554,0.5477
1555,-0.321
1556,-0.481
1557,-0.07461
1558,-0.4012
1559,0.7369
1560,-0.2139
1561,-0.1934
1562,0.622
1563,0.7537
1564,0.1482
1565,-0.6357
1566,-0.4233
1567,0.7239
1568,0.3718
1569,0.6942
1570,-0.7002
1571,0.626
1572,1.068
1573,0.001858
1574,0.2621
1575,0.05304
1576,0.9522
1577,-0.2604
1578,-0.4872
1579,0.3016
1580,0.38
1581,0.03062
1582,0.115
1583,0.6321
1584,0.1764
1585,0.57
1586,-0.1757
1587,0.7145
1588,0.2507
1589,0.3606
1590,0.549
1591,0.341
1592,1.203
1593,-0.2983
1594,0.07812
1595,0.2668
1596,-1.03
1597,0.306
1598,0.0843
1599,0.3999
1600,0.1044
1601,-0.3462
1602,0.07104
1603,0.5934
1604,0.3272
1605,0.3893
1606,0.05779
1607,1.094
1608,0.8232
1609,0.984
1610,0.4626
1611,0.1763
1612,0.3248
1613,0.04492
1614,0.0008543
1615,0.1283
1616,0.1053
1617,0.2741
1618,0.4016
1619,-0.5454
1620,-0.3318
1621,-0.5778
1622,0.3257
1623,0.2494
1624,-0.5243
1625,0.3962
1626,-0.6062
1627,-0.6719
1628,1.071
1629,0.02889
1630,-0.4856
1631,0.5748
1632,-0.4676
1633,0.3554
1634,0.4815
1635,0.2233
1636,0.3127
1637,0.06163
1638,0.1256
1639,-0.1847
1640,0.06145
1641,0.4531
1642,0.6884
1643,0.1508
1644,-0.1372
1645,-0.07967
1646,-0.8554
1647,-0.09309
1648,0.3389
1649,0.3637
1650,0.1649
1651,0.3674
1652,0.3444
1653,0.5448
1654,0.05434
1655,-0.05011
1656,-0.03209
1657,0.239
1658,-0.2542
1659,-0.6177
1660,-0.1841
1661,-0.003489
1662,0.6492
1663,0.2799
1664,0.639
1665,1.514
1666,0.4835
1667,0.8471
1668,-0.4712
1669,0.4887
1670,0.2843
1671,0.7397
1672,-0.1027
1673,-0.5801
1674,0.9179
1675,-0.0489
1676,0.4383
1677,0.2026
1678,-0.1129
1679,0.4791
1680,-0.194
1681,0.1851
1682,0.4337
1683,-0.5105
1684,-0.3841
1685,0.1775
1686,0.8217
1687,1.449
1688,-0.9757
1689,0.5403
1690,-0.4417
1691,-0.222
1692,-0.2772
1693,1.02
1694,0.5431
1695,0.1963
1696,0.6416
1697,-0.4617
1698,-0.2866
1699,0.05826
1700,0.9415
1701,0.5647
1702,0.5267
1703,0.7941
1704,0.3087
1705,0.5808
1706,-0.6337
1707,0.1714
1708,-0.09259
1709,-0.2476
1710,1.256
1711,-0.1497
1712,-0.09187
1713,1.043
1714,-0.06946
1715,-0.1087
1716,0.6328
1717,0.07025
1718,0.4493
1719,0.503
1720,-0.04245
1721,-0.253
1722,0.1988
1723,-0.331
1724,-0.3461
1725,-0.01441
1726,0.195
1727,-0.3572
1728,0.5453
1729,-0.2803
1730,0.6935
1731,0.1998
1732,-0.5505
1733,1.057
1734,0.3009
1735,-0.1058
1736,1.076
1737,0.1142
1738,-0.2697
1739,0.6712
1740,0.6989
1741,-0.6371
1742,-0.2648
1743,-0.2197
1744,-0.3462
1745,0.9963
1746,0.8001
1747,0.06391
1748,0.3599
1749,-0.2195
1750,-0.4693
1751,0.7262
1752,-0.1091
1753,0.1073
1754,-0.1025
1755,0.05967
1756,0.4293
1757,0.2959
1758,-0.05177
1759,-0.1419
1760,-0.09232
1761,0.2742
1762,0.07494
1763,0.2275
1764,0.2704
1765,-0.6453
1766,-0.4877
1767,-0.5865
1768,0.0783
1769,-0.3417
1770,0.2091
1771,0.09445
1772,-0.1436
1773,-0.04626
1774,-0.06165
1775,0.1789
1776,0.07394
1777,-0.1736
1778,0.2835
1779,0.334
1780,-0.541
1781,-0.3637
1782,0.2155
1783,-1.179
1784,0.5276
1785,0.6289
1786,0.1301
1787,0.1448
1788,0.09963
1789,-0.4259
1790,0.1886
1791,-0.3082
1792,-0.358
1793,-0.4698
1794,0.3078
1795,0.122
1796,0.5776
1797,-0.6639
1798,0.951
1799,0.2124
1800,0.4473
1801,0.3202
1802,-0.005433
1803,-0.4834
1804,-0.3442
1805,-0.2862
1806,-0.8019
1807,0.2226
1808,0.549
1809,0.953
1810,0.5948
1811,-0.2248
1812,0.3849
1813,1.046
1814,-0.4131
1815,0.6346
1816,-0.01292
1817,-0.6772
1818,-0.218
1819,0.1909
1820,-0.4375
1821,-0.4787
1822,-0.8138
1823,-0.2429
1824,-0.363
1825,0.3242
1826,-1.432
1827,-0.7995
1828,0.05709
1829,0.6997
1830,0.7988
1831,-0.07068
1832,0.3215
1833,-1.175
1834,0.4489
1835,-0.5319
1836,-0.6724
1837,-0.1274
1838,0.554
1839,0.6275
1840,0.3934
1841,-0.2202
1842,-0.4165
1843,0.05807
1844,0.3159
1845,0.004123
1846,-0.06014
1847,0.093
1848,0.04043
1849,0.1121
1850,0.05518
1851,-0.5817
1852,-0.8474
1853,0.4778
1854,-0.2038
1855,-0.2302
1856,-0.5279
1857,0.5756
1858,-0.2747
1859,0.1633
1860,-0.1067
1861,-0.04049
1862,-0.6917
1863,0.2278
1864,0.8845
1865,0.1174
1866,1.078
1867,0.3097
1868,0.1174
1869,-0.5802
1870,-0.4409
1871,0.3711
1872,-0.03201
1873,-0.1123
1874,-0.9108
1875,0.7188
1876,-0.06004
1877,0.257
1878,-0.9657
1879,-0.08587
1880,-0.08965
1881,0.7872
1882,0.4328
1883,0.5494
1884,-0.1374
1885,0.07905
1886,-0.1424
1887,-0.0009717
1888,0.1575
1889,0.3047
1890,0.3647
1891,0.3036
1892,0.5161
1893,0.8098
1894,0.8059
1895,-0.4998
1896,-0.3354
1897,-0.5024
1898,-0.4178
1899,0.8987
1900,-0.3392
1901,-0.207
1902,0.4484
1903,0.63
1904,-0.09987
1905,0.2721
1906,-0.236
1907,0.1288
1908,0.2848
1909,0.4138
1910,-0.2037
1911,0.2628
1912,0.6607
1913,-0.1716
1914,0.1057
1915,-0.8389
1916,0.9555
1917,0.04378
1918,0.5299
1919,0.2885
1920,-0.0466
1921,0.9383
1922,-0.1645
1923,0.5238
1924,0.1886
1925,-0.5498
1926,0.427
1927,0.08876
1928,0.8327
1929,-0.1786
1930,0.368
1931,0.5815
1932,1.138
1933,-0.5969
1934,-0.3036
1935,0.2584
1936,0.04826
1937,-0.03961
1938,-0.2102
1939,1.318
1940,0.2019
1941,-0.2193
1942,-0.0778
1943,-0.1042
1944,0.8767
1945,-0.3925
1946,-0.3094
1947,1.108
1948,-0.4347
1949,-0.6554
1950,-0.44
1951,0.4205
1952,0.03273
1953,0.1854
1954,0.3192
1955,0.03653
1956,-0.05598
1957,-0.0168
1958,0.5365
1959,0.6942
1960,-0.007085
1961,-0.1826
1962,0.6834
1963,0.2123
1964,0.7143
1965,-0.4362
1966,1.058
1967,0.9024
1968,-0.1764
1969,0.4268
1970,0.4252
1971,0.2664
1972,0.6632
1973,0.563
1974,0.5277
1975,0.07578
1976,0.1727
1977,-0.5202
1978,-0.5273
1979,0.05371
1980,0.5851
1981,-0.03112
1982,0.4319
1983,0.6104
1984,-0.1051
1985,-0.08291
1986,-0.4904
1987,-0.2308
1988,0.1931
1989,0.468
1990,0.4187
1991,0.4924
1992,0.6784
1993,-0.08318
1994,-0.03526
1995,0.009627
1996,-0.1931
1997,-0.0831
1998,1.091
1999,-0.2125
2000,0.1542
2001,0.9731
2002,0.8303
2003,-0.4798
2004,0.2658
2005,0.6839
2006,-0.04511
2007,-0.7627
2008,0.1133
2009,-0.094
2010,-0.2574
2011,0.4941
2012,0.3882
2013,-0.3063
2014,0.1337
2015,-0.5068
2016,0.1936
2017,-0.313
2018,-0.6705
2019,-0.4953
2020,1.864
2021,0.6349
2022,0.1597
2023,0.907
2024,0.3959
2025,0.3448
2026,-0.2133
2027,-0.0765
2028,0.2826
2029,0.7609
2030,0.499
2031,0.27
2032,0.3623
2033,0.04865
2034,0.5086
2035,0.5065
2036,0.2467
2037,0.4581
2038,0.4341
2039,0.3183
2040,0.3075
2041,0.5909
2042,0.258
2043,0.4534
2044,0.3848
2045,0.2292
2046,-0.5361
2047,-0.2561
2048,0.4666
2049,0.1579
2050,0.05464
2051,-0.1564
2052,-0.5096
2053,0.4935
2054,0.8235
2055,0.1121
2056,0.8421
2057,0.7261
2058,-0.4971
2059,0.3522
2060,0.1996
2061,0.7126
2062,-0.2376
2063,0.01119
2064,0.6787
2065,0.3553
2066,-0.3642
2067,-0.3244
2068,0.2811
2069,-0.6238
2070,0.8876
2071,-0.3663
2072,-1.06
2073,-0.454
2074,0.2117
2075,0.8667
2076,-0.5552
2077,0.4207
2078,-0.1913
2079,0.7569
2080,1.172
2081,-0.1047
2082,-0.07101
2083,0.5129
2084,-1.712
2085,0.563
2086,-0.2407
2087,1.111
2088,0.3221
2089,0.5652
2090,0.3801
2091,0.01518
2092,0.04926
2093,0.2257
2094,0.6517
2095,0.002035
2096,-0.8068
2097,0.2595
2098,-0.6715
2099,0.9647
2100,0.8198
2101,0.4301
2102,0.2411
2103,-0.0585
2104,-0.725
2105,0.2025
2106,0.3213
2107,0.6845
2108,-0.3025
2109,0.1328
2110,-0.02575
2111,0.8584
2112,-0.7423
2113,-0.3174
2114,0.08939
2115,0.3355
2116,0.6854
2117,-0.8498
2118,0.3761
2119,0.5027
2120,0.1929
2121,0.3882
2122,1.155
2123,1.043
2124,0.05862
2125,0.2633
2126,0.1413
2127,-0.0009314
2128,0.1248
2129,-0.1274
2130,0.05257
2131,0.3087
2132,0.3917
2133,0.4692
2134,-0.07428
2135,0.3504
2136,-0.4989
2137,0.0793
2138,0.7644
2139,0.2336
2140,0.9633
2141,0.08377
2142,0.5151
2143,-0.0201
2144,0.3885
2145,-0.1408
2146,0.09044
2147,-0.6756
2148,0.7045
2149,0.4515
2150,0.7462
2151,-0.1589
2152,-0.4506
2153,0.4373
2154,-0.4689
2155,0.6657
2156,0.2512
2157,0.2427
2158,0.7007
2159,0.2168
2160,0.03513
2161,-0.494
2162,-0.7483
2163,0.8049
2164,0.09144
2165,-0.1625
2166,0.6125
2167,0.7675
2168,0.09498
2169,-0.2452
2170,0.05633
2171,0.4552
2172,-0.02739
2173,-0.4857
2174,-0.1278
2175,0.4904
2176,-0.2692
2177,-0.06223
2178,-0.1925
2179,0.4242
2180,0.5591
2181,-0.275
2182,0.08142
2183,0.06229
2184,0.5563
2185,-0.04444
2186,0.2672
2187,0.187
2188,0.324
2189,0.3305
2190,1.046
2191,-0.07211
2192,0.02753
2193,0.5068
2194,0.2442
2195,-0.2138
2196,-0.1631
2197,0.813
2198,0.9543
2199,-0.05813
2200,0.8359
2201,0.03663
2202,-0.3391
2203,0.9156
2204,0.967
2205,-0.03073
2206,1.093
2207,0.494
2208,0.1325
2209,0.7124
2210,0.6098
2211,-0.6188
2212,0.1516
2213,1.245
2214,0.3094
2215,-0.2376
2216,-0.1656
2217,0.7641
2218,0.093
2219,0.1641
2220,0.05726
2221,-0.3191
2222,-0.1357
2223,0.877
2224,-0.1237
2225,0.8266
2226,-0.2754
2227,-0.3058
2228,0.7921
2229,0.1403
2230,0.242
2231,-0.9057
2232,0.1619
2233,-0.2431
2234,0.008219
2235,0.5161
2236,0.5123
2237,0.3605
2238,-0.1832
2239,-0.06546
2240,0.2232
2241,0.1535
2242,-0.7197
2243,-0.06525
2244,0.3567
2245,-0.3542
2246,0.1423
2247,-0.2084
2248,-0.7048
2249,0.5882
2250,-0.1174
2251,-0.3103
2252,-0.5829
2253,0.3854
2254,0.4253
2255,0.03266
2256,0.156
2257,0.8981
2258,0.8061
2259,0.01199
2260,0.03413
2261,0.6107
2262,0.3627
2263,0.5816
2264,-0.4538
2265,0.4678
2266,0.7817
2267,0.763
2268,0.7557
2269,-0.461
2270,-0.7906
2271,-0.605
2272,0.08386
2273,0.5401
2274,-0.07508
2275,-0.005665
2276,-1.168
2277,0.1621
2278,0.1454
2279,-0.1875
2280,-0.1589
2281,-0.4675
2282,0.02356
2283,-0.3437
2284,0.4089
2285,0.1205
2286,-0.4605
2287,-0.2687
2288,0.4412
2289,0.4765
2290,-0.8997
2291,-0.02295
2292,0.2666
2293,0.06438
2294,-0.3268
2295,1.249
2296,0.292
2297,0.308
2298,-0.4057
2299,0.2763
2300,0.1083
2301,0.2907
2302,0.07555
2303,0.9951
2304,0.3536
2305,1.347
2306,-0.1339
2307,0.1872
2308,-0.167
2309,0.02917
2310,-0.1951
2311,-0.05948
2312,-0.1706
2313,0.1984
2314,-0.245
2315,-0.604
2316,-0.1189
2317,0.3568
2318,0.216
2319,0.6096
2320,0.8498
2321,0.4484
2322,-0.2399
2323,-0.1117
2324,0.00129
2325,0.2174
2326,-0.3658
2327,-0.7657
2328,-0.498
2329,-0.0466
2330,0.9981
2331,-0.5028
2332,1.55
2333,-0.5788
2334,-0.6885
2335,0.3566
2336,0.4369
2337,0.09207
2338,0.07552
2339,-0.0776
2340,0.5703
2341,5.856e-05
2342,-0.5422
2343,0.2582
2344,0.09276
2345,0.1662
2346,0.4766
2347,-0.04873
2348,-0.275
2349,-0.163
2350,0.2836
2351,0.5373
2352,0.9785
2353,-0.1353
2354,0.1528
2355,0.5955
2356,0.05206
2357,0.609
2358,0.8682
2359,-0.9059
2360,-0.1876
2361,-0.5223
2362,0.004459
2363,0.07204
2364,-0.2417
2365,0.3057
2366,0.3699
2367,-0.2575
2368,0.3479
2369,0.5079
2370,0.324
2371,0.6085
2372,0.1895
2373,-0.1969
2374,-0.3354
2375,0.6556
2376,-0.6624
2377,0.2286
2378,0.3088
2379,0.9557
2380,-0.9966
2381,-0.6153
2382,-0.1313
2383,0.353
2384,-0.3338
2385,-0.4063
2386,0.2641
2387,0.08178
2388,0.1993
2389,-0.2335
2390,0.2285
2391,-0.5775
2392,0.2565
2393,0.4773
2394,0.2022
2395,0.7317
2396,0.05926
2397,-0.4632
2398,0.5419
2399,0.6076
2400,0.7715
2401,-0.3634
2402,-0.1723
2403,0.4179
2404,0.3851
2405,-0.3237
2406,-0.3642
2407,-0.06588
2408,0.2347
2409,0.2894
2410,-0.6407
2411,0.9827
2412,0.7866
2413,-0.1154
2414,0.8404
2415,-0.09904
2416,-0.2562
2417,0.283
2418,0.3318
2419,0.2798
2420,0.4329
2421,0.338
2422,-1.347
2423,-0.33
2424,-0.156
2425,0.5175
2426,-0.3557
2427,0.8101
2428,0.2979
2429,0.1649
2430,0.07123
2431,0.002128
2432,-0.5596
2433,-0.3135
2434,0.459
2435,-0.7207
2436,0.8145
2437,0.5034
2438,-0.4313
2439,0.7063
2440,1.094
2441,0.03879
2442,-0.05664
2443,-0.2444
2444,-0.03708
2445,-0.883
2446,-0.005046
2447,0.6474
2448,0.571
2449,0.3884
2450,1.313
2451,0.7932
2452,-0.6811
2453,-0.1193
2454,0.3013
2455,0.07266
2456,0.2202
2457,-0.6967
2458,-0.2191
2459,0.2319
2460,0.07626
2461,0.7989
2462,-0.3789
2463,0.2079
2464,-0.4617
2465,-0.3079
2466,-0.2774
2467,-0.02891
2468,0.3731
2469,-0.1074
2470,0.7233
2471,-0.1752
2472,0.07575
2473,0.4293
2474,0.6313
2475,-0.202
2476,-0.4397
2477,-0.1036
2478,-0.8273
2479,1.132
2480,0.0892
2481,-0.5674
2482,0.3832
2483,0.8861
2484,0.6185
2485,-0.1348
2486,0.05446
2487,0.3097
2488,-0.1522
2489,-0.6119
2490,0.05751
2491,-0.01931
2492,0.02906
2493,0.1417
2494,0.5788
2495,-0.4837
2496,-0.6395
2497,0.359
2498,0.4201
2499,-0.01701
2500,0.5332
2501,0.1439
2502,-0.07624
2503,0.212
2504,0.2502
2505,-0.4277
2506,0.08271
2507,-0.4512
2508,0.004127
2509,-0.3977
2510,0.5948
2511,0.1198
2512,-0.3064
2513,-0.2025
2514,0.04428
2515,-0.2839
2516,-0.775
2517,0.08515
2518,-0.3746
2519,0.36
2520,-0.4897
2521,-0.6956
2522,-0.1726
2523,0.1047
2524,0.3179
2525,-0.3664
2526,0.5523
2527,0.2205
2528,-0.2046
2529,-0.05173
2530,0.4907
2531,-0.004763
2532,0.8385
2533,0.4003
2534,0.9268
2535,0.01238
2536,-0.4479
2537,-0.5007
2538,0.7833
2539,0.597
2540,0.2682
2541,0.5757
2542,0.4883
2543,-0.1042
2544,-0.4324
2545,-0.5362
2546,-0.02738
2547,-0.3185
2548,0.679
2549,0.619
2550,-0.3685
2551,0.2336
2552,-1.018
2553,0.3372
2554,0.1391
2555,0.4175
2556,0.4946
2557,-0.2189
2558,-0.1684
2559,-0.2831
2560,-0.5643
2561,-0.3259
2562,-0.3933
2563,0.381
2564,0.1876
2565,0.3394
2566,0.4237
2567,0.6797
2568,-0.0509
2569,0.1442
2570,0.7632
2571,-0.298
2572,0.3549
2573,0.02373
2574,0.09612
2575,-0.4412
2576,0.6274
2577,0.2308
2578,-0.6091
2579,0.272
2580,-0.2505
2581,-0.624
2582,-0.7889
2583,0.5774
2584,0.4
2585,0.002802
2586,0.4984
2587,0.5443
2588,1.176
2589,-0.3583
2590,0.4738
2591,0.04142
2592,0.134
2593,0.6723
2594,0.3479
2595,-0.5344
2596,0.4105
2597,-0.01446
2598,-0.1815
2599,-0.5113
2600,-0.2405
2601,-0.3559
2602,-0.09311
2603,-0.1717
2604,-0.7403
2605,-1.092
2606,0.2476
2607,0.9412
2608,0.3087
2609,-0.3366
2610,0.5004
2611,0.1212
2612,0.3397
2613,-0.3607
2614,-0.03307
2615,-0.557
2616,-0.544
2617,0.4786
2618,0.2702
2619,0.942
2620,0.06047
2621,0.6406
2622,-0.4222
2623,-0.3398
2624,0.009087
2625,-0.215
2626,0.4108
2627,0.07304
2628,0.7537
2629,0.18
2630,0.2437
2631,-0.2049
2632,0.4385
2633,0.4226
2634,0.9888
2635,-0.3549
2636,0.1262
2637,0.6763
2638,0.4701
2639,0.7094
2640,-0.01741
2641,0.655
2642,0.1483
2643,-0.07716
2644,0.2235
2645,0.5792
2646,0.7568
2647,-0.2563
2648,0.4707
2649,0.7387
2650,-0.5365
2651,0.6678
2652,-0.5693
2653,-0.5112
2654,0.1652
2655,0.1052
2656,-0.3886
2657,0.1523
2658,-0.2077
2659,0.2214
2660,0.6044
2661,0.6313
2662,0.05957
2663,0.3619
2664,0.6699
2665,-0.8013
2666,0.3623
2667,-0.3271
2668,0.06006
2669,-0.768
2670,-0.369
2671,0.0458
2672,0.03079
2673,0.5661
2674,0.4885
2675,-0.2366
2676,-0.6317
2677,-0.4406
2678,0.1861
2679,-0.08443
2680,-0.3011
2681,0.3407
2682,0.6874
2683,-0.5201
2684,-0.1138
2685,-0.5992
2686,-1.017
2687,-0.2783
2688,0.5039
2689,-0.2648
2690,-0.3287
2691,0.2612
2692,-0.1447
2693,-0.06401
2694,-0.2146
2695,0.6304
2696,0.7099
2697,0.273
2698,-0.2022
2699,0.5464
2700,0.1682
2701,0.4271
2702,0.1198
2703,-1.358
2704,0.4931
2705,-0.348
2706,-0.1779
2707,-0.1923
2708,0.07124
2709,0.5588
2710,0.0919
2711,0.1552
2712,0.156
2713,-0.4893
2714,0.4486
2715,0.01494
2716,0.807
2717,0.8148
2718,0.2753
2719,-0.1263
2720,-0.7911
2721,0.307
2722,-0.133
2723,0.3604
2724,-0.6709
2725,-0.05271
2726,0.1628
2727,0.1308
2728,1.088
2729,-0.1701
2730,0.1
2731,-0.1447
2732,0.2295
2733,0.4515
2734,-0.1433
2735,0.05412
2736,-0.3804
2737,-0.3079
2738,0.4998
2739,-0.3608
2740,0.525
2741,-0.4513
2742,0.2496
2743,-0.5321
2744,-0.2533
2745,0.5149
2746,0.5864
2747,0.3139
2748,0.7241
2749,-0.1357
2750,0.04871
2751,0.007025
2752,0.05309
2753,0.5742
2754,0.09509
2755,-0.3082
2756,-0.05738
2757,0.1548
2758,-0.05207
2759,0.6064
2760,0.3176
2761,-0.3551
2762,0.3565
2763,0.3651
2764,0.07708
2765,-0.05461
2766,0.09671
2767,0.2415
2768,-0.06548
2769,0.7619
2770,0.1643
2771,-0.084
2772,0.3969
2773,-0.558
2774,-0.2938
2775,0.5345
2776,0.7407
2777,-0.1945
2778,0.1037
2779,0.0538
2780,0.6464
2781,0.6772
2782,0.5615
2783,0.479
2784,0.3702
2785,-1.118
2786,0.3846
2787,0.1429
2788,0.6907
2789,-0.5309
2790,0.104
2791,0.1375
2792,0.7641
2793,-0.3122
2794,0.6094
2795,0.5928
2796,0.3258
2797,0.4699
2798,0.225
2799,0.6679
2800,0.06641
2801,0.05361
2802,-0.0887
2803,-0.6226
2804,-0.09857
2805,0.04675
2806,-0.2262
2807,0.1101
2808,-0.05797
2809,-0.0133
2810,0.2061
2811,1.115
2812,-0.09936
2813,-0.7144
2814,-0.4201
2815,0.03055
2816,-0.1029
2817,-0.2564
2818,0.01815
2819,0.009301
2820,-0.7146
2821,-0.01019
2822,-0.1071
2823,0.09125
2824,0.04488
2825,0.5363
2826,-0.6907
2827,0.3693
2828,-0.7254
2829,0.7633
2830,-0.1959
2831,-0.4896
2832,0.5515
2833,0.1966
2834,-0.1883
2835,-0.3881
2836,0.1519
2837,0.5074
2838,-0.392
2839,-0.4936
2840,0.5427
2841,0.3544
2842,0.5074
2843,-0.5014
2844,0.02679
2845,0.2216
2846,0.4157
2847,-0.0731
2848,0.9075
2849,0.6154
2850,0.1379
2851,0.3917
2852,-0.1427
2853,-0.1389
2854,0.1444
2855,0.7044
2856,-0.3407
2857,0.1607
2858,-0.5343
2859,-0.4637
2860,0.5311
2861,0.1948
2862,0.1425
2863,-0.1541
2864,0.03206
2865,0.8332
2866,-0.8977
2867,-0.09704
2868,0.7748
2869,0.2828
2870,0.4239
2871,0.3332
2872,-0.3958
2873,-0.04001
2874,-0.1497
2875,-0.3636
2876,-0.1672
2877,0.04844
2878,-0.1099
2879,0.1706
2880,0.3679
2881,0.3332
2882,0.7159
2883,-0.4005
2884,0.3809
2885,0.2872
2886,-0.2989
2887,-0.339
2888,-0.126
2889,-0.5487
2890,0.5722
2891,-0.4375
2892,-0.61
2893,0.076
2894,0.878
2895,0.1322
2896,0.7586
2897,-0.002088
2898,-0.6501
2899,-0.2726
2900,-0.4143
2901,-0.7636
2902,-0.3216
2903,0.1048
2904,0.1816
2905,0.1686
2906,0.324
2907,0.1143
2908,0.1772
2909,0.2168
2910,0.03357
2911,-0.3361
2912,-0.1191
2913,-0.4643
2914,0.1527
2915,-0.09955
2916,0.05545
2917,0.1238
2918,0.3823
2919,0.514
2920,-0.06778
2921,0.5015
2922,0.04427
2923,-0.549
2924,0.3566
2925,-1.047
2926,-0.4634
2927,0.7537
2928,0.4026
2929,0.7446
2930,1.183
2931,0.8573
2932,0.6416
2933,-0.5846
2934,0.6975
2935,-0.5906
2936,0.3869
2937,0.5111
2938,0.5189
2939,-0.04313
2940,-0.1478
2941,0.9293
2942,-0.7651
2943,0.6111
2944,-0.0399
2945,0.4358
2946,-0.01563
2947,0.2237
2948,-0.881
2949,0.02407
2950,0.7079
2951,-0.5103
2952,-0.3582
2953,1.026
2954,0.6742
2955,-0.2857
2956,-0.08574
2957,0.3405
2958,-0.5062
2959,0.06969
2960,-0.2922
2961,0.6571
2962,-0.1948
2963,0.2997
2964,-0.3157
2965,0.653
2966,-0.1518
2967,-0.5677
2968,1.104
2969,0.09211
2970,0.3176
2971,0.0007937
2972,0.04709
2973,0.1788
2974,-0.03962
2975,0.4934
2976,0.7243
2977,0.007932
2978,0.2845
2979,-0.3384
2980,0.7399
2981,-0.2085
2982,0.6848
2983,1.003
2984,0.04616
2985,-0.1178
2986,0.08789
2987,-0.2256
2988,0.398
2989,-0.4887
2990,0.3212
2991,1.104
2992,-0.1222
2993,0.2871
2994,0.3396
2995,0.2617
2996,-0.08314
2997,-0.6487
2998,-0.05259
2999,0.02224
3000,1.545
3001,0.7413
3002,-0.01494
3003,-0.6052
3004,-0.6616
3005,-0.06508
3006,0.8689
3007,-0.6368
3008,0.6526
3009,0.8374
3010,0.5459
3011,0.3583
3012,0.4177
3013,0.5745
3014,0.2192
3015,-0.2371
3016,0.6908
3017,0.1381
3018,0.8844
3019,0.3223
3020,0.3119
3021,0.8497
3022,-0.07458
3023,0.1177
3024,0.1051
3025,0.8586
3026,0.06476
3027,0.1933
3028,0.0471
3029,-0.6029
3030,0.3057
3031,0.4794
3032,0.9814
3033,0.6972
3034,0.6927
3035,-0.4157
3036,-0.2252
3037,0.624
3038,-0.7258
3039,0.1344
3040,0.1136
3041,0.7312
3042,-0.2811
3043,0.9162
3044,-0.8084
3045,0.03165
3046,0.4302
3047,0.3944
3048,0.4108
3049,0.7172
3050,-0.6175
3051,-0.2735
3052,-0.5011
3053,0.6253
3054,-0.007999
3055,-0.2242
3056,0.2338
3057,0.3241
3058,0.873
3059,0.1007
3060,0.3831
3061,0.1575
3062,-0.2691
3063,-0.1885
3064,0.7596
3065,0.4694
3066,0.3555
3067,0.6442
3068,0.6411
3069,-0.3632
3070,0.5044
3071,0.09053
3072,0.3118
3073,-0.3341
3074,0.1609
3075,-0.1289
3076,0.3428
3077,0.9322
3078,0.1074
3079,-0.2108
3080,0.07044
3081,0.5029
3082,-0.01283
3083,-0.3695
3084,0.1564
3085,0.02136
3086,0.5006
3087,0.7405
3088,0.06274
3089,-0.04409
3090,0.663
3091,0.08739
3092,-0.02142
3093,0.383
3094,-0.07838
3095,0.4212
3096,0.03866
3097,0.2718
3098,0.2377
3099,0.1835
3100,-0.1612
3101,0.5496
3102,-0.5566
3103,0.6449
3104,0.222
3105,-0.269
3106,-0.5174
3107,0.4302
3108,0.3099
3109,0.002683
3110,-0.3275
3111,0.7468
3112,-0.1591
3113,0.1758
3114,-0.3173
3115,-0.04384
3116,0.6617
3117,-0.08395
3118,0.2093
3119,0.5719
3120,-0.3581
3121,0.4487
3122,-0.157
3123,-0.08784
3124,-0.4203
3125,-0.7639
3126,0.002105
3127,-0.1152
3128,0.248
3129,0.5151
3130,0.6203
3131,0.08298
3132,-0.6596
3133,1.429
3134,0.7517
3135,0.09481
3136,0.6594
3137,0.8138
3138,0.1363
3139,0.4278
3140,0.4962
3141,0.2295
3142,0.2524
3143,0.8882
3144,1.075
3145,-0.2306
3146,-0.4382
3147,-0.04606
3148,0.03686
3149,1.164
3150,-0.9004
3151,-0.1183
3152,1.498
3153,0.4864
3154,0.5084
3155,-0.2059
3156,0.2711
3157,1.063
3158,0.9114
3159,0.2651
3160,-0.07279
3161,0.6802
3162,1.048
3163,-0.1378
3164,-0.09427
3165,1.061
3166,0.06785
3167,-0.4952
3168,0.6858
3169,-0.1454
3170,0.2608
3171,-0.03263
3172,0.1211
3173,-0.5102
3174,0.7074
3175,0.4634
3176,-0.1631
3177,1.1
3178,0.1481
3179,-0.1984
3180,0.9924
3181,-0.607
3182,0.2782
3183,-0.05458
3184,0.7071
3185,-0.5641
3186,0.1035
3187,-0.2644
3188,-0.7215
3189,-0.1003
3190,0.2485
3191,-0.1145
3192,0.4495
3193,0.2733
3194,1.475
3195,0.1329
3196,0.2341
3197,0.4024
3198,-0.2308
3199,0.0457
3200,-0.1923
3201,0.1795
3202,-0.2299
3203,0.3054
3204,0.1617
3205,0.1621
3206,0.3605
3207,0.1555
3208,0.271
3209,-0.1559
3210,-0.1394
3211,-0.2082
3212,0.1449
3213,0.5484
3214,0.5222
3215,-0.2942
3216,0.6795
3217,-0.05706
3218,-0.2611
3219,0.1059
3220,-0.05231
3221,0.03626
3222,1.005
3223,-0.01328
3224,0.542
3225,0.4378
3226,-0.2476
3227,0.1948
3228,0.3216
3229,0.7752
3230,-0.204
3231,-0.1964
3232,-0.1776
3233,-0.1691
3234,0.3235
3235,-0.1279
3236,0.4885
3237,0.4057
3238,-0.2025
3239,0.636
3240,-0.6272
3241,0.2007
3242,0.2087
3243,0.251
3244,-0.1171
3245,0.9309
3246,-0.06313
3247,0.2898
3248,0.171
3249,0.1802
3250,-0.2255
3251,-0.4491
3252,0.2662
3253,0.5332
3254,-0.103
3255,-0.3434
3256,0.2898
3257,0.2498
3258,0.1064
3259,-0.1295
3260,-0.06881
3261,-0.5539
3262,-0.06695
3263,-0.0369
3264,0.03155
3265,0.699
3266,-0.0735
3267,-0.2119
3268,-0.2826
3269,-0.4289
3270,0.4094
3271,-0.3307
3272,-0.002271
3273,-0.9176
3274,-0.3649
3275,0.166
3276,0.0331
3277,0.05265
3278,0.9543
3279,-0.2445
3280,0.3288
3281,0.08169
3282,0.6427
3283,0.5102
3284,-0.3879
3285,-0.1318
3286,-0.5441
3287,-0.56
3288,-0.6682
3289,0.731
3290,-0.1624
3291,0.2067
3292,0.327
3293,0.3266
3294,-0.08126
3295,0.2505
3296,0.4235
3297,0.5824
3298,-0.2334
3299,-0.5915
3300,0.4624
3301,-0.04517
3302,0.4452
3303,-0.05693
3304,-0.5685
3305,-0.6107
3306,0.3183
3307,0.01803
3308,1.059
3309,0.804
3310,-0.09316
3311,0.269
3312,-0.3805
3313,-0.2388
3314,1.396
3315,0.5853
3316,0.2973
3317,-0.1428
3318,-0.07871
3319,-0.1322
3320,0.04967
3321,1.089
3322,0.7134
3323,-0.3138
3324,-0.2697
3325,-0.299
3326,-0.1682
3327,0.3239
3328,0.3441
3329,0.6185
3330,0.2678
3331,0.5821
3332,-0.6015
3333,0.9166
3334,1.619
3335,-0.1228
3336,0.3869
3337,1.286
3338,-0.8854
3339,0.186
3340,0.1482
3341,0.4658
3342,0.1908
3343,0.5464
3344,-0.1154
3345,0.1767
3346,0.09248
3347,0.3688
3348,0.2588
3349,0.0875
3350,-0.1337
3351,0.5226
3352,-0.05456
3353,-0.04999
3354,0.4718
3355,-0.5489
3356,0.3723
3357,-0.2917
3358,-0.02664
3359,0.5227
3360,0.2871
3361,-0.01231
3362,0.3002
3363,-0.6053
3364,-0.4042
3365,0.4442
3366,0.08578
3367,0.0125
3368,0.3535
3369,0.2945
3370,-0.2405
3371,-0.1332
3372,0.6848
3373,0.1211
3374,0.458
3375,-0.2487
3376,-0.02222
3377,0.4034
3378,-0.2071
3379,0.4623
3380,0.2241
3381,-0.2438
3382,0.6285
3383,-0.6565
3384,0.4863
3385,0.6246
3386,-0.08156
3387,0.1183
3388,-0.1181
3389,-1.153
3390,1.175
3391,-0.07959
3392,-0.548
3393,0.4514
3394,0.09595
3395,0.1357
3396,0.3766
3397,0.1112
3398,-0.1125
3399,-0.3339
3400,-0.5553
3401,0.02581
3402,-0.248
3403,0.3588
3404,0.3897
3405,-0.01061
3406,-0.07185
3407,0.7994
3408,-0.3437
3409,-0.3663
3410,0.5836
3411,-0.3805
3412,0.4753
3413,-0.3408
3414,0.2112
3415,0.3804
3416,0.1032
3417,-0.2704
3418,0.6569
3419,-0.3859
3420,-0.08332
3421,-0.05888
3422,-0.05681
3423,-0.3051
3424,0.4311
3425,0.3594
3426,0.1226
3427,0.4463
3428,-0.3885
3429,-0.1654
3430,0.2397
3431,-0.897
3432,-0.005721
3433,-0.5711
3434,0.2851
3435,1.228
3436,-0.6717
3437,0.8307
3438,-0.447
3439,-0.6459
3440,0.5611
3441,-0.2311
3442,0.9474
3443,0.1884
3444,-0.483
3445,1.27
3446,-0.6162
3447,-0.01819
3448,-1.366
3449,0.4183
3450,-0.9129
3451,0.4851
3452,-0.04669
3453,0.7323
3454,-0.05528
3455,0.5115
3456,-0.2993
3457,-0.1555
3458,-0.3412
3459,0.2142
3460,-0.2344
3461,-0.417
3462,0.2339
3463,0.2206
3464,0.01376
3465,0.4274
3466,0.8228
3467,0.1172
3468,0.06347
3469,-0.2743
3470,0.6026
3471,-0.3759
3472,-0.4435
3473,0.6599
3474,0.4357
3475,-0.1778
3476,-0.6436
3477,0.1338
3478,0.7595
3479,0.7873
3480,0.3709
3481,-0.5928
3482,-0.5061
3483,1.077
3484,-0.8635
3485,0.6913
3486,-0.8995
3487,-0.4279
3488,0.1881
3489,0.2574
3490,-0.4534
3491,-0.3221
3492,0.5231
3493,0.2265
3494,-0.09744
3495,-0.2297
3496,0.08998
3497,0.9044
3498,0.4413
3499,0.3771
3500,0.8938
3501,0.3951
3502,0.04162
3503,0.5243
3504,0.3303
3505,-0.4481
3506,0.05656
3507,-0.01894
3508,0.1718
3509,0.4702
3510,1.244
3511,-0.1686
3512,0.08278
3513,0.4026
3514,0.9821
3515,0.5136
3516,0.5173
3517,-0.4829
3518,0.5694
3519,-0.07995
3520,-0.2584
3521,-0.4655
3522,-0.3049
3523,-0.3874
3524,0.513
3525,0.06841
3526,0.2885
3527,0.6178
3528,0.3243
3529,0.1179
3530,0.001298
3531,-0.5077
3532,-0.3191
3533,0.07324
3534,-0.5314
3535,-0.576
3536,0.4032
3537,0.1401
3538,0.3209
3539,-0.02712
3540,0.6985
3541,-0.6621
3542,0.6073
3543,0.4051
3544,0.4557
3545,-0.1285
3546,-0.5401
3547,0.7488
3548,-0.2465
3549,0.2594
3550,-0.4656
3551,-0.3677
3552,0.552
3553,0.4284
3554,0.7345
3555,-0.1628
3556,0.6733
3557,0.7784
3558,0.02839
3559,0.6995
3560,0.5964
3561,0.3467
3562,1.143
3563,-0.2664
3564,-0.1259
3565,-1.184
3566,-0.4178
3567,-0.1814
3568,0.5026
3569,-0.5177
3570,-0.1286
3571,0.4539
3572,-1.339
3573,-0.3443
3574,-0.5702
3575,0.1892
3576,-0.5078
3577,0.4053
3578,1.094
3579,0.5105
3580,0.1244
3581,0.4505
3582,0.08557
3583,-0.3354
3584,-0.06832
3585,-0.395
3586,0.4441
3587,-0.5925
3588,0.5861
3589,-0.6184
3590,-1.13
3591,-0.5024
3592,0.008081
3593,0.4547
3594,-0.5338
3595,0.6598
3596,-0.1159
3597,-0.5083
3598,0.643
3599,0.3172
3600,0.1
3601,0.1575
3602,0.0353
3603,0.3148
3604,-0.1903
3605,-0.06766
3606,1.131
3607,0.2346
3608,0.5994
3609,0.5277
3610,-0.1664
3611,0.4958
3612,0.9355
3613,-0.2758
3614,0.1937
3615,0.4631
3616,-0.1797
3617,-0.301
3618,0.3685
3619,0.3133
3620,-0.5414
3621,-0.4211
3622,0.6646
3623,1.354
3624,-0.1888
3625,-0.8872
3626,1.142
3627,0.2084
3628,0.08399
3629,0.2455
3630,-0.8104
3631,-0.124
3632,0.1389
3633,0.2976
3634,0.05222
3635,0.7331
3636,0.3232
3637,0.7481
3638,0.2895
3639,0.4639
3640,-0.2543
3641,0.1291
3642,0.09639
3643,0.1982
3644,0.6597
3645,-0.2307
3646,-0.0768
3647,0.566
3648,0.6088
3649,-0.1011
3650,-0.1136
3651,0.7424
3652,-0.01903
3653,-0.1198
3654,-0.4499
3655,0.5081
3656,-0.7241
3657,-0.5277
3658,0.06804
3659,0.02692
3660,-0.4423
3661,0.104
3662,0.2494
3663,0.5795
3664,-0.217
3665,0.06181
3666,0.2466
3667,-0.1074
3668,0.1962
3669,0.5834
3670,0.2247
3671,-0.4478
3672,-0.3741
3673,-0.1162
3674,0.09267
3675,-1.241
3676,1.252
3677,0.2313
3678,0.162
3679,0.6606
3680,0.5805
3681,0.8875
3682,-0.4411
3683,-0.1354
3684,0.3625
3685,-0.06165
3686,0.03232
3687,0.5991
3688,-0.6274
3689,0.3338
3690,0.4015
3691,0.5311
3692,0.3451
3693,-0.3577
3694,0.5872
3695,-0.3482
3696,0.8747
3697,-0.2837
3698,-0.2674
3699,-0.2434
3700,-0.2457
3701,0.0417
3702,-0.1394
3703,-0.2033
3704,-0.09554
3705,0.000432
3706,-0.3017
3707,-0.7873
3708,0.07534
3709,0.03549
3710,-0.2302
3711,-0.08962
3712,0.6319
3713,-0.4277
3714,-0.5695
3715,0.05486
3716,-0.5892
3717,0.4085
3718,0.75
3719,-0.548
3720,-1.014
3721,0.1749
3722,0.4274
3723,0.3441
3724,-0.3371
3725,-0.4102
3726,-0.7723
3727,0.4846
3728,0.06921
3729,0.3384
3730,-0.2857
3731,0.4291
3732,-0.2487
3733,0.8488
3734,0.3877
3735,0.5228
3736,0.71
3737,0.2063
3738,1.097
3739,-0.2609
3740,0.05363
3741,-0.2253
3742,-0.8721
3743,-0.6199
3744,0.3704
3745,0.3231
3746,0.4975
3747,-0.4775
3748,0.4779
3749,-0.1465
3750,0.08706
3751,-0.3353
3752,-0.1694
3753,-0.1775
3754,-0.2608
3755,0.4878
3756,0.05858
3757,-1.157
3758,0.6059
3759,0.6809
3760,0.3033
3761,0.3949
3762,0.6598
3763,0.6517
3764,-0.6018
3765,0.1414
3766,0.06129
3767,0.1921
3768,-0.02915
3769,0.296
3770,-0.5613
3771,-0.294
3772,-0.02716
3773,-0.08572
3774,-0.07062
3775,0.09152
3776,-0.2808
3777,0.8381
3778,-0.4447
3779,0.493
3780,0.08199
3781,0.3147
3782,0.2431
3783,-0.1384
3784,-0.8222
3785,0.2377
3786,0.5239
3787,-0.935
3788,-0.4705
3789,0.1745
3790,0.1376
3791,0.568
3792,0.09659
3793,0.2096
3794,1.707
3795,0.1279
3796,0.4698
3797,-0.8811
3798,-0.3142
3799,-0.2934
3800,0.8145
3801,-0.2027
3802,0.3325
3803,-0.0241
3804,0.5716
3805,-0.1341
3806,-0.2728
3807,-0.3244
3808,0.1661
3809,0.1805
3810,-0.05934
3811,0.2777
3812,0.1019
3813,0.119
3814,0.08858
3815,0.1068
3816,-0.05874
3817,-0.09843
3818,-0.7341
3819,0.05063
3820,0.6294
3821,-0.038
3822,-0.1996
3823,-0.2624
3824,0.4852
3825,0.1863
3826,0.8569
3827,-0.859
3828,0.7086
3829,0.1236
3830,1.096
3831,0.9731
3832,-0.8796
3833,0.002467
3834,0.1395
3835,-0.7129
3836,0.7015
3837,0.3761
3838,0.8055
3839,0.3157
3840,0.9399
3841,0.1054
3842,-0.1921
3843,0.4941
3844,-0.5369
3845,0.6082
3846,0.719
3847,-0.01243
3848,-0.002558
3849,-0.3791
3850,0.3286
3851,-0.2108
3852,0.05151
3853,-0.3945
3854,0.6603
3855,0.2456
3856,0.1605
3857,-0.4343
3858,0.006019
3859,0.2367
3860,-0.8576
3861,0.9457
3862,0.5767
3863,0.3632
3864,-1.054
3865,-0.7935
3866,-0.4975
3867,-0.1687
3868,0.6341
3869,0.05145
3870,-0.4602
3871,0.4367
3872,-0.6153
3873,0.08382
3874,0.01955
3875,0.2915
3876,-0.4837
3877,-0.08914
3878,0.5621
3879,0.177
3880,0.7242
3881,0.1345
3882,-0.4418
3883,0.876
3884,-0.4205
3885,0.6535
3886,0.1915
3887,0.1411
3888,-0.03494
3889,0.2029
3890,0.8084
3891,-0.08801
3892,0.2572
3893,0.6909
3894,0.006998
3895,-1.227
3896,0.09094
3897,0.06334
3898,0.2327
3899,0.2414
3900,0.1336
3901,0.4643
3902,-0.6945
3903,0.8202
3904,0.1198
3905,0.8108
3906,0.1107
3907,0.2449
3908,0.06079
3909,0.3193
3910,0.3919
3911,0.03207
3912,0.475
3913,-0.0396
3914,0.5436
3915,-0.3094
3916,0.5769
3917,0.1887
3918,-0.1635
3919,0.4347
3920,0.315
3921,1.475
3922,0.6531
3923,-0.2348
3924,-0.1618
3925,0.2435
3926,1.401
3927,-0.03428
3928,0.1644
3929,0.2121
3930,0.2966
3931,-0.1883
3932,0.5703
3933,0.03399
3934,-0.0648
3935,0.4005
3936,-0.1631
3937,-0.1405
3938,0.2888
3939,0.4227
3940,-0.08415
3941,-0.2122
3942,0.3648
3943,0.6044
3944,0.3434
3945,-0.2961
3946,0.6378
3947,-0.5418
3948,0.3841
3949,-0.5391
3950,0.04389
3951,-0.3507
3952,0.3651
3953,0.5105
3954,-0.2964
3955,0.07005
3956,0.7285
3957,0.348
3958,1.252
3959,0.5162
3960,0.2068
3961,0.5369
3962,-0.4173
3963,0.7219
3964,0.3331
3965,0.3507
3966,-0.6001
3967,-0.1954
3968,-0.02407
3969,0.4458
3970,-0.3469
3971,-0.5885
3972,0.2575
3973,-0.009276
3974,-0.0562
3975,0.9406
3976,-0.4579
3977,0.4355
3978,-0.8014
3979,-0.293
3980,1.034
3981,0.3127
3982,0.3423
3983,-0.1167
3984,0.3093
3985,-0.297
3986,-0.2419
3987,0.09025
3988,-0.897
3989,-0.3777
3990,-0.3053
3991,-0.8669
3992,0.7179
3993,0.002216
3994,0.7087
3995,-0.4072
3996,0.4076
3997,0.4864
3998,0.2074
3999,0.4975
4000,-1.028
4001,0.1428
4002,0.6872
4003,0.08958
4004,-0.3538
4005,-0.1322
4006,0.138
4007,0.626
4008,0.2125
4009,0.3914
4010,-0.6692
4011,1.143
4012,0.2877
4013,0.01769
4014,0.352
4015,0.3895
4016,-0.3316
4017,-0.1672
4018,0.562
4019,1.005
4020,-0.06942
4021,0.02821
4022,-0.6875
4023,0.3954
4024,0.5256
4025,-0.3297
4026,0.01957
4027,0.6144
4028,0.1331
4029,0.7934
4030,0.2942
4031,-0.5651
4032,0.3781
4033,0.9622
4034,-0.02993
4035,1.093
4036,-0.4814
4037,-0.6125
4038,0.3102
4039,-0.4358
4040,0.09062
4041,-0.2498
4042,-0.5022
4043,0.8025
4044,0.01968
4045,-0.4155
4046,1.819
4047,0.9695
4048,0.241
4049,-0.01355
4050,-0.1065
4051,0.4129
4052,-0.6786
4053,0.3615
4054,-0.03856
4055,0.9027
4056,-1.326
4057,-0.3827
4058,-0.08072
4059,1.329
4060,0.9184
4061,-0.7197
4062,0.2665
4063,-0.4257
4064,0.1264
4065,0.4864
4066,0.0816
4067,0.1856
4068,0.6752
4069,0.06388
4070,0.1245
4071,1.11
4072,-0.0707
4073,0.06277
4074,0.4209
4075,0.08877
4076,0.3597
4077,-0.3523
4078,0.1765
4079,0.07582
4080,-0.03067
4081,-0.04062
4082,-0.2115
4083,-1.285
4084,-0.1435
4085,0.5316
4086,-0.425
4087,0.8329
4088,0.5091
4089,0.315
4090,-0.4321
4091,0.3432
4092,-0.4168
4093,-0.4028
4094,0.3771
4095,0.4903
4096,0.5112
4097,0.6904
4098,-0.7203
4099,-0.4018
4100,-0.02732
4101,0.4628
4102,0.4066
4103,0.2074
4104,0.3983
4105,-0.9691
4106,0.3583
4107,-0.1967
4108,-0.001822
4109,0.3804
4110,0.2038
4111,0.7426
4112,0.5681
4113,-0.2194
4114,-0.1459
4115,-0.03338
4116,0.2717
4117,0.8838
4118,-0.001391
4119,0.2714
4120,1.014
4121,0.05015
4122,-0.3291
4123,0.3398
4124,-0.07278
4125,0.8008
4126,-0.09759
4127,-0.1926
4128,-0.06967
4129,0.3625
4130,0.3381
4131,0.2972
4132,0.2035
4133,0.1006
4134,0.4632
4135,0.6915
4136,-0.3383
4137,0.5866
4138,0.4314
4139,0.2721
4140,-0.5501
4141,0.1539
4142,0.2743
4143,0.5082
4144,-0.04922
4145,0.4101
4146,0.1043
4147,1.335
4148,0.3677
4149,0.3131
4150,-0.7555
4151,-0.2985
4152,-0.195
4153,0.3855
4154,-0.07603
4155,0.1237
4156,-0.4743
4157,0.1397
4158,0.4914
4159,0.2323
4160,-0.1665
4161,0.836
4162,0.8749
4163,0.009198
4164,0.1126
4165,0.01732
4166,0.01371
4167,0.1014
4168,0.885
4169,0.6608
4170,-0.07211
4171,0.7306
4172,-0.4064
4173,-0.6319
4174,0.3061
4175,0.9043
4176,0.2328
4177,-0.1947
4178,0.214
4179,-0.1196
4180,0.3384
4181,-0.5828
4182,-0.06017
4183,0.03788
4184,0.01953
4185,0.04658
4186,-0.3563
4187,-0.1182
4188,-0.4387
4189,-0.0934
4190,0.4495
4191,0.1063
4192,-0.2291
4193,0.3338
4194,-0.1811
4195,-0.2344
4196,0.5685
4197,-0.9398
4198,-0.5344
4199,0.4002
4200,0.269
4201,0.3789
4202,1.132
4203,0.9554
4204,-0.3902
4205,1.018
4206,0.8198
4207,-0.1613
4208,0.7405
4209,1.098
4210,0.4298
4211,0.4685
4212,-0.2144
4213,-0.009474
4214,0.5806
4215,0.4759
4216,0.7866
4217,-0.3014
4218,0.1004
4219,-0.04819
4220,0.3798
4221,-0.7293
4222,-0.002215
4223,0.07993
4224,-0.2378
4225,-0.06688
4226,0.6126
4227,0.5253
4228,1.102
4229,-0.05251
4230,-0.4759
4231,-0.108
4232,0.4827
4233,0.194
4234,0.4466
4235,0.0965
4236,-0.2333
4237,0.2658
4238,0.5419
4239,-0.5572
4240,0.7257
4241,-0.07292
4242,-0.2607
4243,-0.1362
4244,0.8429
4245,-0.07914
4246,-0.4626
4247,-0.1745
4248,-0.5819
4249,0.2054
4250,0.2211
4251,0.01023
4252,0.3228
4253,-0.6015
4254,0.07869
4255,0.3391
4256,0.02738
4257,-0.3688
4258,0.2868
4259,0.03649
4260,-0.08955
4261,-0.2093
4262,0.9479
4263,0.2435
4264,-0.2824
4265,0.3681
4266,0.2225
4267,0.08801
4268,-0.1773
4269,0.5188
4270,0.163
4271,0.5869
4272,0.3
4273,-0.2298
4274,0.1685
4275,0.4203
4276,0.196
4277,0.004071
4278,-0.1566
4279,0.51
4280,-0.8532
4281,0.6225
4282,0.06898
4283,-0.3991
4284,0.1896
4285,1.43
4286,0.7381
4287,-0.0587
4288,-0.4231
4289,0.3434
4290,-0.1794
4291,-0.7293
4292,-0.06398
4293,0.5578
4294,-0.03868
4295,0.2251
4296,0.6269
4297,0.2961
4298,0.6468
4299,0.2407
4300,0.1747
4301,-0.7024
4302,0.4094
4303,-0.282
4304,0.09195
4305,-0.6693
4306,-0.3613
4307,-0.08611
4308,0.1315
4309,-0.2218
4310,0.4086
4311,-0.4062
4312,-0.156
4313,0.05825
4314,-0.102
4315,1.113
4316,-0.02832
4317,0.3616
4318,-0.4231
4319,-0.6115
4320,-0.2317
4321,0.3393
4322,0.3064
4323,-0.159
4324,-0.2064
4325,0.02994
4326,0.9227
4327,0.4526
4328,-1.016
4329,0.5162
4330,-0.2087
4331,-0.6122
4332,0.3661
4333,-0.08003
4334,0.7931
4335,-1.047
4336,0.05831
4337,-0.448
4338,-1.077
4339,0.2209
4340,0.1916
4341,0.6128
4342,0.1336
4343,0.1302
4344,0.1547
4345,-0.2637
4346,0.421
4347,0.191
4348,0.9979
4349,-0.09701
4350,0.2273
4351,0.6193
4352,-0.08769
4353,0.3822
4354,0.3004
4355,-0.7488
4356,0.1321
4357,-0.4136
4358,0.2758
4359,0.01366
4360,0.3619
4361,0.09321
4362,-0.7556
4363,-0.02171
4364,0.2086
4365,0.472
4366,0.5953
4367,0.1108
4368,-1.105
4369,-0.1321
4370,-0.1167
4371,-0.2147
4372,-0.1794
4373,-0.786
4374,1.512
4375,0.3593
4376,0.4499
4377,-0.1851
4378,-0.1122
4379,-0.6021
4380,-0.5576
4381,0.3216
4382,0.3948
4383,0.1708
4384,-0.556
4385,0.2033
4386,0.3147
4387,-0.3173
4388,0.601
4389,-0.2285
4390,-0.3016
4391,0.4691
4392,-0.3525
4393,0.3539
4394,-0.2161
4395,0.2278
4396,-0.3002
4397,0.7556
4398,0.8877
4399,0.5124
4400,-0.266
4401,0.1379
4402,0.08183
4403,-0.05368
4404,-0.6812
4405,0.02687
4406,0.03888
4407,0.9134
4408,0.4624
4409,0.3535
4410,0.1665
4411,0.7054
4412,0.7971
4413,0.3561
4414,-0.1732
4415,-0.3408
4416,-0.09656
4417,0.04678
4418,0.07933
4419,-0.002126
4420,0.4578
4421,0.3841
4422,-0.471
4423,-0.1184
4424,0.638
4425,0.3976
4426,0.6778
4427,-0.1586
4428,-1.337
4429,-0.1318
4430,-0.07762
4431,0.4709
4432,-0.02238
4433,0.1527
4434,-0.1429
4435,-0.2496
4436,-0.053
4437,0.04119
4438,0.3179
4439,-1.015
4440,0.7842
4441,-0.2869
4442,-0.3463
4443,0.4219
4444,-1.05
4445,-0.4709
4446,0.0205
4447,-0.2438
4448,0.6602
4449,-0.09151
4450,0.2309
4451,0.4927
4452,0.3085
4453,-0.8316
4454,-0.2054
4455,0.4885
4456,-1.118
4457,-0.163
4458,-0.4033
4459,-0.6882
4460,-0.8597
4461,-0.2215
4462,0.8071
4463,-0.16
4464,-0.02154
4465,-0.3908
4466,0.5745
4467,0.1923
4468,-0.2109
4469,0.6106
4470,0.5478
