t,cost
10,10180.8
20,10209.6
30,5234.4
40,5163.12
50,2929.68
60,2904.48
70,2900.88
80,2892.96
90,2877.84
100,2949.84
110,2995.92
120,3039.12
130,2944.08
140,2862
150,2887.92
160,2882.16
170,2861.28
180,2826.72
190,2817.36
200,2823.84
210,2814.48
220,2796.48
230,2675.52
240,2631.6
250,2622.96
260,2702.16
270,2669.04
280,2630.88
290,2630.88
300,2720.88
310,2854.08
320,2682.72
330,2684.88
340,2692.8
350,2700
360,2715.12
370,2705.04
380,2710.8
390,2707.92
400,2735.28
410,2708.64
420,2681.28
430,2680.56
440,2672.64
450,2705.04
460,2676.96
470,2656.8
480,2668.32
490,2682.72
500,2668.32
510,2658.96
520,2709.36
530,2700.72
540,2651.76
550,2682.72
560,2693.52
570,2682
580,2664
590,2658.24
600,2666.88
610,2661.12
620,2662.56
630,2689.92
640,2684.88
650,2799.36
660,2818.8
670,2809.44
680,2793.6
690,2824.56
700,2826.72
710,2888.64
720,2879.28
730,2862.72
740,2868.48
750,2818.8
760,2846.88
770,2838.24
780,2849.76
790,2848.32
800,2859.84
810,2879.28
820,2925.36
830,2869.2
840,2869.92
850,2872.8
860,2864.16
870,2880.72
880,2864.88
890,2838.24
900,2793.6
910,2728.8
920,2759.76
930,2725.92
940,2762.64
950,2795.76
960,2808
970,2796.48
980,2752.56
990,2774.88
1000,2779.2
1010,2778.48
1020,2773.44
1030,2772.72
1040,2793.6
1050,2745.36
1060,2771.28
1070,2917.44
1080,2866.32
1090,2889.36
1100,2852.64
1110,2908.08
1120,2738.88
1130,2815.92
1140,2375.28
1150,2388.24
1160,2391.12
1170,2391.84
1180,2395.44
1190,2401.2
1200,7308
1210,8244
1220,2396.88
1230,2730.24
1240,2760.48
1250,2748.24
1260,2744.64
1270,2723.04
1280,2743.92
1290,2759.04
1300,2780.64
1310,2746.08
1320,2745.36
1330,2716.56
1340,2743.92
1350,2736
1360,2783.52
1370,2790
1380,2782.08
1390,2774.16
1400,2841.12
1410,2828.16
1420,2779.92
1430,2857.68
1440,2840.4
1450,2895.84
1460,2913.12
1470,2924.64
1480,2872.8
1490,2856.24
1500,2866.32
1510,2770.56
1520,2786.4
1530,2773.44
1540,2777.04
1550,2764.8
1560,2674.08
1570,2674.8
1580,2687.76
1590,2766.96
1600,2645.28
1610,2625.84
1620,2628.72
1630,2618.64
1640,2630.88
1650,2633.04
1660,2610.72
1670,2612.16
1680,2633.04
1690,2643.12
1700,2620.8
1710,2635.92
1720,2624.4
1730,2610.72
1740,2565.36
1750,2612.16
1760,2630.16
1770,2620.08
1780,2589.12
1790,2596.32
1800,2688.48
1810,2672.64
1820,2744.64
1830,2769.12
1840,2836.8
1850,2597.04
1860,2599.92
1870,2599.2
1880,2596.32
1890,2578.32
1900,2594.88
1910,2646
1920,2660.4
1930,2649.6
1940,2675.52
1950,2669.04
1960,2657.52
1970,2695.68
1980,2653.92
1990,2633.04
2000,2533.68
2010,2532.24
2020,2538
2030,2572.56
2040,2562.48
2050,2567.52
2060,2587.68
2070,2586.24
2080,2596.32
2090,2563.92
2100,2545.2
2110,2547.36
2120,2564.64
2130,2545.2
2140,2534.4
2150,2541.6
2160,2589.84
2170,2576.16
2180,2561.04
2190,2545.92
2200,2725.2
2210,2707.92
2220,2741.04
2230,2752.56
2240,2804.4
2250,2779.2
2260,2818.8
2270,2718.72
2280,2697.84
2290,2701.44
2300,2718
2310,2766.96
2320,2752.56
2330,2691.36
2340,2707.2
2350,2766.96
2360,2835.36
2370,2886.48
2380,2828.16
2390,2791.44
2400,2928.96
2410,2971.44
2420,2914.56
2430,2938.32
2440,2898
2450,2926.8
2460,2905.2
2470,2954.88
2480,2885.04
2490,2887.92
2500,2917.44
2510,2933.28
2520,2854.08
2530,2871.36
2540,2945.52
2550,2871.36
2560,2851.92
2570,2898.72
2580,2876.4
2590,2854.8
2600,2712.96
2610,2697.84
2620,2715.12
2630,2699.28
2640,2714.4
2650,2712.96
2660,2691.36
2670,2624.4
2680,2627.28
2690,2646
2700,2607.84
2710,2637.36
2720,2654.64
2730,2701.44
2740,2717.28
2750,2851.2
2760,2851.92
2770,2873.52
2780,2776.32
2790,2773.44
2800,2687.76
2810,2666.88
2820,2661.12
2830,2712.24
2840,2794.32
2850,2887.92
2860,2682.72
2870,2659.68
2880,2721.6
2890,2771.28
2900,2806.56
2910,2782.8
2920,2723.04
2930,2952.72
2940,2743.2
2950,2728.8
2960,2655.36
2970,2761.92
2980,2797.2
2990,2770.56
3000,2884.32
3010,2872.8
3020,2883.6
3030,2801.52
3040,2851.92
3050,2948.4
3060,2792.88
3070,2756.16
3080,2854.8
3090,2846.88
3100,2842.56
3110,2939.04
3120,2919.6
3130,2864.16
3140,2858.4
3150,2818.8
3160,2802.96
3170,2886.48
3180,2862.72
3190,2851.2
3200,2928.96
3210,3030.48
3220,2929.68
3230,2926.8
3240,2941.2
3250,2944.08
3260,2923.92
3270,2799.36
3280,2800.08
3290,2831.04
3300,2863.44
3310,2876.4
3320,2882.16
3330,2836.8
3340,2854.08
3350,2901.6
3360,3015.36
3370,2874.24
3380,2835.36
3390,2849.04
3400,2933.28
3410,2962.8
3420,3184.56
3430,3193.2
3440,3413.52
3450,3172.32
3460,3395.52
3470,3463.2
3480,3123.36
3490,2995.2
3500,3196.8
3510,2827.44
3520,2769.12
3530,2718
3540,2718
3550,2719.44
3560,2716.56
3570,2672.64
3580,2632.32
3590,2625.84
3600,2900.88
3610,2900.88
3620,2867.04
3630,2944.08
3640,2903.04
3650,2890.8
3660,2905.92
3670,2944.8
3680,2917.44
3690,2895.12
3700,2876.4
3710,2947.68
3720,2978.64
3730,3100.32
3740,3178.8
3750,3026.88
3760,2914.56
3770,2907.36
3780,2933.28
3790,2920.32
3800,2916.72
3810,2915.28
3820,2918.16
3830,2952
3840,2939.76
3850,2985.12
3860,2921.76
3870,2911.68
3880,2933.28
3890,2928.96
3900,2902.32
3910,2916.72
3920,2901.6
3930,2975.76
3940,3020.4
3950,2928.96
3960,3086.64
3970,2912.4
3980,2921.04
3990,2922.48
4000,2917.44
4010,2917.44
4020,2900.16
4030,2886.48
4040,2924.64
4050,2918.88
4060,2859.84
4070,2862
4080,2863.44
4090,2800.8
4100,2762.64
4110,2812.32
4120,2936.88
4130,2937.6
4140,3018.24
4150,2973.6
4160,3003.12
4170,2862
4180,2853.36
4190,2915.28
4200,2859.84
4210,2851.2
4220,2831.04
4230,2800.08
4240,2804.4
4250,2779.2
4260,2820.96
4270,2769.12
4280,2748.96
4290,2700
4300,2678.4
4310,2712.24
4320,2718
4330,2679.84
4340,2677.68
4350,2707.2
4360,2730.96
4370,2748.96
4380,2685.6
4390,2643.84
4400,2581.92
4410,2597.04
4420,2565.36
4430,2584.8
4440,2559.6
4450,2582.64
4460,2584.8
4470,2585.52
4480,2586.24
4490,2596.32
4500,2583.36
4510,2586.24
4520,2581.92
4530,2594.16
4540,2580.48
4550,2574
4560,2576.16
4570,2603.52
4580,2592
4590,2600.64
4600,2969.28
4610,2975.76
4620,2926.8
4630,2887.92
4640,2896.56
4650,2936.16
4660,2847.6
4670,2877.84
4680,2935.44
4690,2912.4
4700,2913.12
4710,3066.48
4720,3019.68
4730,2954.88
4740,3084.48
4750,3082.32
4760,3018.24
4770,3051.36
4780,3015.36
4790,2995.2
4800,2700
4810,2861.28
4820,2727.36
4830,2730.24
4840,2814.48
4850,2709.36
4860,2718
4870,2738.16
4880,2695.68
4890,2689.92
4900,2779.2
4910,2878.56
4920,2871.36
4930,2825.28
4940,2753.28
4950,2723.04
4960,2714.4
4970,2686.32
4980,2702.16
4990,2676.24
5000,2748.96
5010,2749.68
5020,2738.88
5030,2721.6
5040,2756.16
5050,2803.68
5060,2818.8
5070,3552.48
5080,2970
5090,2907.36
5100,2798.64
5110,2843.28
5120,2756.16
5130,2671.92
5140,2698.56
5150,2689.92
5160,2704.32
5170,2716.56
5180,2740.32
5190,2719.44
5200,2736.72
5210,2723.76
5220,2726.64
5230,2720.16
5240,2712.96
5250,2707.2
5260,2723.04
5270,2782.8
5280,2579.76
5290,2602.8
5300,2621.52
5310,2613.6
5320,2621.52
5330,2622.96
5340,2581.2
5350,2584.8
5360,2564.64
5370,2584.08
5380,2671.2
5390,2624.4
5400,2651.04
5410,2624.4
5420,2604.24
5430,2585.52
5440,2578.32
5450,2562.48
5460,2519.28
5470,2561.04
5480,2701.44
5490,2707.2
5500,2707.92
5510,2733.12
5520,2695.68
5530,2734.56
5540,2763.36
5550,2687.76
5560,2723.76
5570,2743.92
5580,2788.56
5590,2664
5600,2644.56
5610,2630.88
5620,2656.08
5630,2689.92
5640,2703.6
5650,2705.04
5660,2630.16
5670,2595.6
5680,2685.6
5690,2594.88
5700,2610.72
5710,2606.4
5720,2662.56
5730,2635.92
5740,2646
5750,2639.52
5760,2656.8
5770,2652.48
5780,2826.72
5790,2676.96
5800,2771.28
5810,2726.64
5820,2701.44
5830,2683.44
5840,2691.36
5850,2690.64
5860,2658.24
5870,2735.28
5880,2628
5890,2592.72
5900,2617.92
5910,2594.16
5920,2702.16
5930,2576.16
5940,2667.6
5950,2615.04
5960,2540.88
5970,2579.04
5980,2566.8
5990,2617.92
6000,2625.84
6010,2738.16
6020,2648.16
6030,2720.16
6040,2697.84
6050,2795.76
6060,2643.12
6070,2689.2
6080,2623.68
6090,2617.2
6100,2583.36
6110,2536.56
6120,2539.44
6130,2540.16
6140,2553.12
6150,2566.08
6160,2573.28
6170,2564.64
6180,2565.36
6190,2550.96
6200,2580.48
6210,2563.2
6220,2544.48
6230,2545.92
6240,2583.36
6250,2596.32
6260,2586.24
6270,2581.2
6280,2592
6290,2591.28
6300,2569.68
6310,2593.44
6320,2550.24
6330,2585.52
6340,2590.56
6350,2586.24
6360,2587.68
6370,2600.64
6380,2587.68
6390,2601.36
6400,2549.52
6410,2532.24
6420,2545.2
6430,2539.44
6440,2522.88
6450,2524.32
6460,2492.64
6470,2488.32
