MDTU,plaq,Re(det),Im(det),link
1,0.449003,0.451211,0.141164,0.0478495
2,0.449003,0.451211,0.141164,0.0478495
3,0.740413,2.51767,0.634898,0.0726366
4,0.687282,2.12918,0.552087,0.0682606
5,0.674342,2.2349,0.59075,0.0665574
6,0.654709,2.12169,0.575203,0.0647221
7,0.637567,2.07135,0.571544,0.0630609
8,0.63456,2.00213,0.553199,0.0628593
9,0.63456,2.00213,0.553199,0.0628593
10,0.624985,2.03654,0.567536,0.0619476
11,0.649262,2.04893,0.555552,0.0643525
12,0.632575,1.97786,0.546821,0.06282
13,0.630427,1.97438,0.54554,0.062645
14,0.61145,1.8647,0.523889,0.0608931
15,0.599413,1.79589,0.514813,0.0598843
16,0.599841,1.81942,0.519344,0.0597915
17,0.601842,1.75709,0.499554,0.0601178
18,0.590671,1.72906,0.497003,0.0591194
19,0.586707,1.72949,0.498728,0.0588301
20,0.569159,1.64276,0.482381,0.0571361
21,0.589411,1.64665,0.472821,0.0592589
22,0.606574,1.6748,0.471776,0.0608804
23,0.603247,1.67872,0.476678,0.060563
24,0.606309,1.65327,0.468453,0.0608658
25,0.599438,1.64768,0.47336,0.0601731
26,0.603444,1.63894,0.46591,0.0606273
27,0.621077,1.65114,0.459106,0.0623451
28,0.630973,1.67284,0.462347,0.0633402
29,0.611275,1.60197,0.449612,0.0614759
30,0.606326,1.56743,0.442634,0.0612247
31,0.630672,1.62159,0.444693,0.0636254
32,0.599327,1.51893,0.432293,0.0605239
33,0.567268,1.42694,0.420748,0.0574549
34,0.58659,1.50655,0.430298,0.059364
35,0.562433,1.40921,0.414129,0.0570963
36,0.555238,1.38566,0.411394,0.0563417
37,0.589809,1.43255,0.406755,0.0598995
38,0.539381,1.29226,0.390352,0.0550242
39,0.539381,1.29226,0.390352,0.0550242
40,0.525515,1.24981,0.386137,0.0536371
41,0.533008,1.25972,0.387022,0.0544126
42,0.533937,1.25851,0.384028,0.0544798
43,0.512171,1.182,0.371806,0.0524765
44,0.53934,1.21795,0.366046,0.0552475
45,0.542985,1.21885,0.367679,0.0555966
46,0.53188,1.15889,0.355678,0.0546566
47,0.50038,1.1076,0.354322,0.05135
48,0.50038,1.1076,0.354322,0.05135
49,0.521746,1.14314,0.352915,0.0536634
50,0.539598,1.16355,0.348805,0.0553211
51,0.539598,1.16355,0.348805,0.0553211
52,0.545938,1.13796,0.338311,0.0562599
53,0.525175,1.1028,0.336387,0.0539699
54,0.498427,1.05819,0.335387,0.0513204
55,0.479936,1.0516,0.33947,0.0493006
56,0.474298,0.999274,0.329003,0.0488654
57,0.474298,0.999274,0.329003,0.0488654
58,0.462566,0.972575,0.324023,0.0476685
59,0.446787,0.93529,0.322032,0.0461344
60,0.452568,0.937773,0.31868,0.0466966
61,0.468062,0.939458,0.308085,0.0484051
62,0.448521,0.9054,0.307675,0.0463705
63,0.448521,0.9054,0.307675,0.0463705
64,0.466296,0.944613,0.313427,0.0481361
65,0.46477,0.92339,0.307114,0.048076
66,0.460806,0.93412,0.3104,0.0476006
67,0.478696,0.967356,0.312961,0.0493806
68,0.474189,0.963625,0.314047,0.0487912
69,0.467586,0.947826,0.313814,0.0480483
70,0.483115,0.973499,0.312349,0.0499274
71,0.483115,0.973499,0.312349,0.0499274
72,0.483115,0.973499,0.312349,0.0499274
73,0.483215,0.965539,0.307806,0.0499602
74,0.468396,0.921229,0.301991,0.0485747
75,0.466476,0.899128,0.293984,0.048358
76,0.466476,0.899128,0.293984,0.048358
77,0.4464,0.847298,0.287814,0.046425
78,0.446225,0.843159,0.287983,0.0463057
79,0.453714,0.846324,0.283519,0.0471904
80,0.453714,0.846324,0.283519,0.0471904
81,0.453714,0.846324,0.283519,0.0471904
82,0.454375,0.841129,0.282349,0.0472176
83,0.449125,0.817657,0.278187,0.0467386
84,0.462713,0.832728,0.275688,0.0482323
85,0.45004,0.803285,0.271147,0.0469236
86,0.489168,0.872777,0.276649,0.0509915
87,0.489168,0.872777,0.276649,0.0509915
88,0.469631,0.822105,0.269573,0.0490214
89,0.43571,0.776365,0.269028,0.0453948
90,0.420523,0.759374,0.270902,0.0437214
91,0.455654,0.817276,0.273951,0.0473855
92,0.454286,0.788847,0.264554,0.047293
93,0.454286,0.788847,0.264554,0.047293
94,0.474582,0.826107,0.267388,0.0493314
95,0.479555,0.831533,0.266815,0.0499674
96,0.508497,0.861517,0.265146,0.0530483
97,0.489498,0.832908,0.262667,0.0512262
98,0.476379,0.807439,0.260784,0.0497822
99,0.476379,0.807439,0.260784,0.0497822
100,0.45514,0.78357,0.261718,0.0473519
101,0.456573,0.785412,0.260752,0.0474872
102,0.471359,0.807271,0.261192,0.0492103
103,0.479057,0.840985,0.267593,0.049709
104,0.476599,0.834697,0.266274,0.049372
105,0.487455,0.868293,0.273032,0.0502087
106,0.487455,0.868293,0.273032,0.0502087
107,0.496676,0.873868,0.269806,0.0511084
108,0.483956,0.832609,0.261679,0.0500391
109,0.483195,0.827248,0.262114,0.0501906
110,0.492236,0.835806,0.260671,0.0513361
111,0.473049,0.782901,0.254061,0.0495391
112,0.473049,0.782901,0.254061,0.0495391
113,0.473049,0.782901,0.254061,0.0495391
114,0.473049,0.782901,0.254061,0.0495391
115,0.476474,0.789711,0.253468,0.0497552
116,0.474048,0.787058,0.252053,0.0495915
117,0.476532,0.783592,0.251486,0.0497931
118,0.476532,0.783592,0.251486,0.0497931
119,0.475857,0.788449,0.252482,0.0495758
120,0.475857,0.788449,0.252482,0.0495758
121,0.476422,0.773475,0.247639,0.0498824
122,0.481026,0.811991,0.258252,0.0502431
123,0.480443,0.800673,0.256672,0.0501539
124,0.471264,0.765599,0.250283,0.0494369
125,0.482839,0.778474,0.248573,0.0505725
126,0.476024,0.769364,0.248857,0.0499426
127,0.467496,0.759134,0.245737,0.0489312
128,0.446362,0.721737,0.242603,0.0467762
129,0.452883,0.722212,0.24075,0.0475594
130,0.429645,0.688058,0.238911,0.0451099
131,0.429645,0.688058,0.238911,0.0451099
132,0.453099,0.729766,0.241886,0.0472477
133,0.456437,0.749738,0.248464,0.0474364
134,0.467495,0.776013,0.253229,0.0483793
135,0.466199,0.767547,0.249989,0.0483698
136,0.457686,0.755707,0.250183,0.0475766
137,0.433531,0.692245,0.240009,0.0455488
138,0.433531,0.692245,0.240009,0.0455488
139,0.410467,0.640481,0.230934,0.0434192
140,0.411929,0.650148,0.235085,0.0433797
141,0.415381,0.654981,0.233553,0.0436442
142,0.42699,0.679279,0.237384,0.0446853
143,0.432278,0.682358,0.236676,0.0452027
144,0.452862,0.716491,0.238586,0.0473781
145,0.459682,0.720652,0.238209,0.0483089
146,0.456909,0.700243,0.23146,0.0480405
147,0.490622,0.758445,0.237075,0.0516584
148,0.490622,0.758445,0.237075,0.0516584
149,0.494692,0.756801,0.235919,0.0520723
150,0.494692,0.756801,0.235919,0.0520723
151,0.461716,0.703502,0.229121,0.0486185
152,0.468018,0.725163,0.234176,0.0491303
153,0.470726,0.745578,0.239948,0.0493735
154,0.470726,0.745578,0.239948,0.0493735
155,0.458943,0.705456,0.231221,0.0480467
156,0.479503,0.734564,0.231187,0.0500915
157,0.479503,0.734564,0.231187,0.0500915
158,0.479503,0.734564,0.231187,0.0500915
159,0.456652,0.695044,0.229933,0.0477391
160,0.460132,0.709663,0.232892,0.0478075
161,0.462535,0.710598,0.230994,0.0480204
162,0.479153,0.728733,0.231618,0.0500127
163,0.471002,0.710613,0.227653,0.0494286
164,0.512716,0.785608,0.236438,0.0536586
165,0.512716,0.785608,0.236438,0.0536586
166,0.499962,0.769359,0.235684,0.0523858
167,0.499962,0.769359,0.235684,0.0523858
168,0.494613,0.765213,0.237194,0.0516627
169,0.483083,0.741241,0.234393,0.0505957
170,0.483083,0.741241,0.234393,0.0505957
171,0.494711,0.755198,0.233533,0.0519273
172,0.494711,0.755198,0.233533,0.0519273
173,0.473187,0.721303,0.229857,0.049635
174,0.473187,0.721303,0.229857,0.049635
175,0.458441,0.700068,0.228703,0.0483069
176,0.475993,0.734159,0.233555,0.0499421
177,0.475993,0.734159,0.233555,0.0499421
178,0.475993,0.734159,0.233555,0.0499421
179,0.471737,0.722982,0.231189,0.0496031
180,0.480618,0.730904,0.230897,0.0504053
181,0.481975,0.718237,0.22648,0.0508728
182,0.476463,0.725392,0.231522,0.0501063
183,0.485405,0.747621,0.235109,0.0508909
184,0.490813,0.752292,0.233538,0.0513705
185,0.47558,0.718756,0.229321,0.0499461
186,0.446231,0.656017,0.219931,0.0469618
187,0.446231,0.656017,0.219931,0.0469618
188,0.450779,0.653717,0.217679,0.0476312
189,0.468956,0.66821,0.214256,0.049423
190,0.468956,0.66821,0.214256,0.049423
191,0.468956,0.66821,0.214256,0.049423
192,0.465424,0.676605,0.218646,0.0488702
193,0.442551,0.63567,0.214203,0.0466827
194,0.445858,0.648121,0.21593,0.046677
195,0.432264,0.620482,0.21264,0.0453156
196,0.425748,0.607786,0.211365,0.0447542
197,0.425748,0.607786,0.211365,0.0447542
198,0.425748,0.607786,0.211365,0.0447542
199,0.440624,0.617847,0.209684,0.0464838
200,0.429535,0.59794,0.207072,0.0453126
201,0.429801,0.605093,0.209887,0.0453122
202,0.429801,0.605093,0.209887,0.0453122
203,0.456177,0.655393,0.214758,0.0479618
204,0.456177,0.655393,0.214758,0.0479618
205,0.455801,0.652419,0.215067,0.0477592
206,0.448224,0.633924,0.211171,0.0469033
207,0.463786,0.661291,0.213511,0.0486552
208,0.461454,0.656089,0.212421,0.0482437
209,0.440643,0.61304,0.205713,0.0464346
210,0.457573,0.631124,0.205081,0.048237
211,0.439521,0.61592,0.207884,0.0462408
212,0.436384,0.614561,0.208695,0.0458243
213,0.428244,0.595946,0.205625,0.0452431
214,0.436858,0.607306,0.205597,0.0460306
215,0.436858,0.607306,0.205597,0.0460306
216,0.423732,0.594912,0.206607,0.0443835
217,0.447354,0.612791,0.204452,0.0469851
218,0.447354,0.612791,0.204452,0.0469851
219,0.448946,0.62494,0.206535,0.0472226
220,0.448946,0.62494,0.206535,0.0472226
221,0.451385,0.626524,0.207054,0.0476808
222,0.451385,0.626524,0.207054,0.0476808
223,0.432596,0.60547,0.206903,0.0455581
224,0.427854,0.589947,0.204051,0.0450369
225,0.446347,0.620254,0.207574,0.0469723
226,0.439875,0.619512,0.209148,0.0461471
227,0.465684,0.648935,0.209165,0.0489916
228,0.456235,0.632122,0.207196,0.0480361
229,0.456235,0.632122,0.207196,0.0480361
230,0.433408,0.590067,0.201779,0.0456547
231,0.443572,0.608227,0.203353,0.0466317
232,0.445135,0.623976,0.208157,0.0469142
233,0.445135,0.623976,0.208157,0.0469142
234,0.436455,0.608106,0.2067,0.0460814
235,0.436455,0.608106,0.2067,0.0460814
236,0.466815,0.649555,0.208072,0.0493829
237,0.46514,0.642652,0.208543,0.0490906
238,0.478969,0.674727,0.213291,0.0504373
239,0.466545,0.651954,0.209224,0.0492616
240,0.463074,0.644282,0.208766,0.0487404
241,0.483544,0.669745,0.210335,0.0509624
242,0.472079,0.651598,0.207277,0.0497856
243,0.472079,0.651598,0.207277,0.0497856
244,0.472079,0.651598,0.207277,0.0497856
245,0.472079,0.651598,0.207277,0.0497856
246,0.472079,0.651598,0.207277,0.0497856
247,0.468651,0.646542,0.206316,0.0494537
248,0.468651,0.646542,0.206316,0.0494537
249,0.468651,0.646542,0.206316,0.0494537
250,0.468651,0.646542,0.206316,0.0494537
251,0.461013,0.633125,0.205895,0.0487654
252,0.453388,0.61569,0.202774,0.0478912
253,0.442178,0.596607,0.198633,0.0466664
254,0.454005,0.614428,0.201079,0.0479456
255,0.455845,0.624962,0.203798,0.0479668
256,0.463111,0.623463,0.200963,0.0487387
257,0.464817,0.633263,0.201995,0.048558
258,0.464817,0.633263,0.201995,0.048558
259,0.472044,0.632279,0.200817,0.0491462
260,0.487416,0.668223,0.206821,0.0505767
261,0.487416,0.668223,0.206821,0.0505767
262,0.474855,0.645194,0.203542,0.0493554
263,0.47351,0.648243,0.204807,0.0493703
264,0.424991,0.566016,0.195749,0.0447261
265,0.435968,0.577967,0.194312,0.0459684
266,0.435968,0.577967,0.194312,0.0459684
267,0.433947,0.574912,0.195322,0.0458552
268,0.432851,0.564373,0.191189,0.0455653
269,0.432851,0.564373,0.191189,0.0455653
270,0.4434,0.578553,0.194463,0.0467175
271,0.4434,0.578553,0.194463,0.0467175
272,0.4434,0.578553,0.194463,0.0467175
273,0.4434,0.578553,0.194463,0.0467175
274,0.443576,0.566491,0.190187,0.046946
275,0.44189,0.566973,0.189679,0.0465803
276,0.426989,0.556549,0.191204,0.0447363
277,0.425201,0.557503,0.192549,0.0444643
278,0.426268,0.556069,0.192354,0.0444984
279,0.426268,0.556069,0.192354,0.0444984
280,0.426588,0.563654,0.194509,0.0446754
281,0.418203,0.544637,0.191674,0.0440128
282,0.418203,0.544637,0.191674,0.0440128
283,0.414869,0.544491,0.191713,0.0435421
284,0.412826,0.537897,0.191015,0.0435727
285,0.420471,0.550966,0.19245,0.0442764
286,0.410782,0.527374,0.186617,0.0435029
287,0.410782,0.527374,0.186617,0.0435029
288,0.406449,0.522224,0.186027,0.0428207
289,0.421711,0.548322,0.190336,0.0445868
290,0.421192,0.541673,0.187513,0.044264
291,0.432947,0.559813,0.189896,0.045635
292,0.436855,0.564864,0.189455,0.0459532
293,0.456797,0.593521,0.192317,0.0481454
294,0.456797,0.593521,0.192317,0.0481454
295,0.443876,0.566829,0.189324,0.0471378
296,0.459555,0.580351,0.187873,0.0488023
297,0.447163,0.567658,0.188335,0.0473234
298,0.44729,0.560182,0.185713,0.047587
299,0.447195,0.552194,0.182539,0.0471428
300,0.447195,0.552194,0.182539,0.0471428
301,0.477897,0.59975,0.188683,0.0503518
302,0.462186,0.572515,0.184295,0.0488817
303,0.462186,0.572515,0.184295,0.0488817
304,0.463548,0.573695,0.185245,0.0490168
305,0.454817,0.563908,0.184225,0.0482224
306,0.455106,0.566955,0.186505,0.0483561
307,0.465991,0.574276,0.184738,0.0497115
308,0.465991,0.574276,0.184738,0.0497115
309,0.449306,0.557601,0.185345,0.0480308
310,0.449306,0.557601,0.185345,0.0480308
311,0.432973,0.53373,0.182393,0.0463576
312,0.420369,0.508179,0.178207,0.0452012
313,0.431342,0.519075,0.177387,0.0464231
314,0.431342,0.519075,0.177387,0.0464231
315,0.44681,0.553856,0.184572,0.0477334
316,0.448491,0.553476,0.183753,0.0479668
317,0.43406,0.522797,0.178699,0.0464171
318,0.43406,0.522797,0.178699,0.0464171
319,0.458309,0.56448,0.18368,0.0488769
320,0.453715,0.563288,0.185555,0.0482173
321,0.474283,0.589548,0.18692,0.0504409
322,0.474283,0.589548,0.18692,0.0504409
323,0.474283,0.589548,0.18692,0.0504409
324,0.469261,0.584815,0.186209,0.0498032
325,0.465927,0.56217,0.180459,0.0496484
326,0.438362,0.531822,0.179109,0.046518
327,0.438362,0.531822,0.179109,0.046518
328,0.43481,0.518461,0.175244,0.0461323
329,0.43481,0.518461,0.175244,0.0461323
330,0.439618,0.516373,0.17309,0.0469402
331,0.439618,0.516373,0.17309,0.0469402
332,0.422486,0.494061,0.170156,0.0451045
333,0.427583,0.497363,0.169172,0.0457427
334,0.427583,0.497363,0.169172,0.0457427
335,0.427583,0.497363,0.169172,0.0457427
336,0.427583,0.497363,0.169172,0.0457427
337,0.415508,0.498153,0.174585,0.0440409
338,0.427276,0.516076,0.177043,0.0453491
339,0.408401,0.479432,0.171485,0.0434235
340,0.386283,0.456319,0.170602,0.0412363
341,0.403447,0.478755,0.171893,0.0427901
342,0.398887,0.467935,0.168887,0.0423162
343,0.398887,0.467935,0.168887,0.0423162
344,0.398887,0.467935,0.168887,0.0423162
345,0.38931,0.455115,0.16879,0.0412615
346,0.381159,0.44925,0.169413,0.0402417
347,0.381159,0.44925,0.169413,0.0402417
348,0.402713,0.479998,0.172413,0.0423454
349,0.402713,0.479998,0.172413,0.0423454
350,0.421712,0.49274,0.168801,0.0444422
351,0.410553,0.480436,0.169378,0.0430786
352,0.38481,0.449404,0.167973,0.0406531
353,0.38481,0.449404,0.167973,0.0406531
354,0.383489,0.446311,0.167255,0.0405454
355,0.383489,0.446311,0.167255,0.0405454
356,0.391637,0.471042,0.173933,0.0409783
357,0.393168,0.469788,0.171685,0.0413084
358,0.418267,0.494749,0.172436,0.0435235
359,0.408623,0.483848,0.170855,0.0427657
360,0.408623,0.483848,0.170855,0.0427657
361,0.414738,0.47947,0.167658,0.0433755
362,0.430981,0.510796,0.172919,0.0449491
363,0.440491,0.523004,0.17495,0.0458871
364,0.440491,0.523004,0.17495,0.0458871
365,0.440491,0.523004,0.17495,0.0458871
366,0.448699,0.538813,0.176109,0.046958
367,0.418565,0.494487,0.172172,0.044399
368,0.436701,0.518143,0.174294,0.0464983
369,0.452102,0.537355,0.176545,0.0482296
370,0.476109,0.57601,0.180865,0.0507906
371,0.474608,0.557435,0.176362,0.0505612
372,0.470282,0.557733,0.176509,0.0501165
373,0.460736,0.542138,0.17554,0.0493068
374,0.476576,0.54399,0.171258,0.0511558
375,0.476576,0.54399,0.171258,0.0511558
376,0.454085,0.528521,0.173052,0.0486263
377,0.454085,0.528521,0.173052,0.0486263
378,0.459456,0.529149,0.171151,0.049231
379,0.446014,0.509964,0.169565,0.047827
380,0.429465,0.494433,0.168371,0.0461051
381,0.429465,0.494433,0.168371,0.0461051
382,0.429465,0.494433,0.168371,0.0461051
383,0.42672,0.492536,0.167972,0.0456308
384,0.439301,0.511001,0.170247,0.0469493
385,0.432842,0.506995,0.171082,0.0460795
386,0.437398,0.513192,0.172073,0.046334
387,0.437398,0.513192,0.172073,0.046334
388,0.448269,0.516228,0.169661,0.0477378
389,0.430297,0.497397,0.168741,0.0458189
390,0.429233,0.500778,0.169901,0.0456145
391,0.429233,0.500778,0.169901,0.0456145
392,0.421503,0.481973,0.168257,0.0448029
393,0.421503,0.481973,0.168257,0.0448029
394,0.421503,0.481973,0.168257,0.0448029
395,0.406631,0.478909,0.170485,0.0431647
396,0.408821,0.473607,0.167789,0.0434877
397,0.400861,0.462153,0.166016,0.042573
398,0.431089,0.494925,0.167524,0.0460741
399,0.444722,0.521381,0.172162,0.0473133
400,0.444722,0.521381,0.172162,0.0473133
401,0.439007,0.519459,0.172145,0.0466772
402,0.442485,0.530574,0.175648,0.04657
403,0.452601,0.546812,0.177342,0.0475365
404,0.45871,0.545148,0.174556,0.0481912
405,0.446433,0.539195,0.177024,0.046558
406,0.431122,0.51017,0.17323,0.0453139
407,0.433755,0.51588,0.173024,0.0453504
408,0.433755,0.51588,0.173024,0.0453504
409,0.428107,0.509827,0.173559,0.0445872
410,0.442304,0.529337,0.174955,0.045687
411,0.442304,0.529337,0.174955,0.045687
412,0.449114,0.534633,0.173371,0.0465212
413,0.437334,0.505278,0.16824,0.0455469
414,0.426616,0.486588,0.164174,0.044431
415,0.437809,0.500903,0.167163,0.0457697
416,0.449681,0.522762,0.169736,0.0473169
417,0.449681,0.522762,0.169736,0.0473169
418,0.449113,0.512077,0.166529,0.0472332
419,0.45808,0.522577,0.168084,0.0482274
420,0.460493,0.509882,0.1649,0.0488869
421,0.470006,0.534651,0.169444,0.0493332
422,0.470006,0.534651,0.169444,0.0493332
423,0.453621,0.514526,0.167777,0.0478299
424,0.474466,0.55634,0.174188,0.0497816
425,0.482642,0.549193,0.169854,0.0508749
426,0.482828,0.558193,0.172677,0.0510216
427,0.464854,0.531239,0.169557,0.0490806
428,0.464854,0.531239,0.169557,0.0490806
429,0.467111,0.528418,0.168543,0.0495705
430,0.462648,0.519515,0.166697,0.0490469
431,0.462648,0.519515,0.166697,0.0490469
432,0.463094,0.516797,0.164937,0.0490034
433,0.463094,0.516797,0.164937,0.0490034
434,0.463094,0.516797,0.164937,0.0490034
435,0.472656,0.52378,0.165742,0.0502514
436,0.472656,0.52378,0.165742,0.0502514
437,0.484505,0.543642,0.169488,0.0512488
438,0.496542,0.564515,0.171513,0.0523712
439,0.480154,0.541303,0.168027,0.0506001
440,0.483757,0.547151,0.169647,0.0511384
441,0.491638,0.555772,0.170316,0.0519581
442,0.475146,0.5427,0.169857,0.0503328
443,0.474281,0.541561,0.16984,0.0498691
444,0.474281,0.541561,0.16984,0.0498691
445,0.464236,0.514561,0.164328,0.0493366
446,0.465572,0.517704,0.164559,0.0495741
447,0.444418,0.487002,0.160432,0.0472522
448,0.444418,0.487002,0.160432,0.0472522
449,0.444418,0.487002,0.160432,0.0472522
450,0.444418,0.487002,0.160432,0.0472522
451,0.449109,0.496353,0.162204,0.0477706
452,0.468159,0.521114,0.164118,0.0494709
453,0.445374,0.48831,0.159985,0.0468271
454,0.418777,0.442661,0.152594,0.0445707
455,0.437061,0.470066,0.157759,0.046357
456,0.437061,0.470066,0.157759,0.046357
457,0.433053,0.464403,0.156438,0.0457539
458,0.426635,0.446864,0.153193,0.0452226
459,0.422261,0.453383,0.15571,0.0444423
460,0.432401,0.464304,0.155654,0.0454739
461,0.421227,0.442347,0.150956,0.0443468
462,0.421227,0.442347,0.150956,0.0443468
463,0.421227,0.442347,0.150956,0.0443468
464,0.421227,0.442347,0.150956,0.0443468
465,0.406143,0.424671,0.150251,0.0425905
466,0.406143,0.424671,0.150251,0.0425905
467,0.414467,0.439419,0.151645,0.043045
468,0.414467,0.439419,0.151645,0.043045
469,0.407904,0.432117,0.15236,0.0426155
470,0.407904,0.432117,0.15236,0.0426155
471,0.407904,0.432117,0.15236,0.0426155
472,0.440625,0.469615,0.155723,0.0463228
473,0.444015,0.473244,0.155798,0.0466676
474,0.444015,0.473244,0.155798,0.0466676
475,0.446124,0.466927,0.152462,0.0470413
476,0.449659,0.468181,0.150985,0.0477621
477,0.449659,0.468181,0.150985,0.0477621
478,0.433005,0.451896,0.151689,0.0457084
479,0.420594,0.437086,0.150022,0.0443975
480,0.420594,0.437086,0.150022,0.0443975
481,0.42338,0.44534,0.151956,0.044805
482,0.41571,0.434444,0.150516,0.0438414
483,0.417987,0.440171,0.152321,0.0440519
484,0.416223,0.423286,0.146668,0.0442993
485,0.410484,0.422127,0.147362,0.0436174
486,0.406817,0.414647,0.14636,0.0431404
487,0.441661,0.456464,0.150234,0.0467985
488,0.439139,0.450825,0.15026,0.0466457
489,0.439139,0.450825,0.15026,0.0466457
490,0.440334,0.45098,0.148779,0.0466557
491,0.449038,0.470458,0.152305,0.0473622
492,0.449038,0.470458,0.152305,0.0473622
493,0.451818,0.484921,0.157173,0.0476161
494,0.460603,0.487914,0.155768,0.0486954
495,0.460603,0.487914,0.155768,0.0486954
496,0.460603,0.487914,0.155768,0.0486954
497,0.465199,0.49982,0.158356,0.0490271
498,0.447592,0.475323,0.15537,0.0473756
499,0.453019,0.480406,0.155275,0.0478903
500,0.453019,0.480406,0.155275,0.0478903
501,0.42366,0.444177,0.151539,0.0448373
502,0.410942,0.425237,0.149115,0.0432843
503,0.428555,0.443314,0.149636,0.0454283
504,0.42017,0.439474,0.15064,0.044519
505,0.425353,0.441046,0.149875,0.0453304
506,0.411074,0.432941,0.151366,0.0437199
507,0.393709,0.418285,0.152028,0.0422294
508,0.393709,0.418285,0.152028,0.0422294
509,0.393709,0.418285,0.152028,0.0422294
510,0.393709,0.418285,0.152028,0.0422294
511,0.393709,0.418285,0.152028,0.0422294
512,0.393709,0.418285,0.152028,0.0422294
513,0.393709,0.418285,0.152028,0.0422294
514,0.412973,0.443822,0.155891,0.0441359
515,0.412973,0.443822,0.155891,0.0441359
516,0.412973,0.443822,0.155891,0.0441359
517,0.390746,0.414801,0.15227,0.0419682
518,0.390746,0.414801,0.15227,0.0419682
519,0.401801,0.43007,0.154443,0.0432352
520,0.420041,0.441163,0.152396,0.04513
521,0.420041,0.441163,0.152396,0.04513
522,0.412671,0.430821,0.150749,0.0444427
523,0.412671,0.430821,0.150749,0.0444427
524,0.41216,0.437653,0.153713,0.0442756
525,0.400484,0.433306,0.155922,0.0428972
526,0.419215,0.445501,0.153145,0.0449977
527,0.406182,0.435449,0.15473,0.043543
528,0.406182,0.435449,0.15473,0.043543
529,0.398361,0.411721,0.148083,0.0428247
530,0.388738,0.410305,0.150628,0.041793
531,0.415017,0.437076,0.151236,0.0441634
532,0.415017,0.437076,0.151236,0.0441634
533,0.430129,0.462843,0.155243,0.0455366
534,0.420413,0.446743,0.15353,0.0445949
535,0.428542,0.457448,0.155817,0.0454981
536,0.428542,0.457448,0.155817,0.0454981
537,0.428566,0.456446,0.154443,0.0455596
538,0.403323,0.431707,0.153925,0.0430373
539,0.395346,0.421532,0.153509,0.0419499
540,0.395346,0.421532,0.153509,0.0419499
541,0.395346,0.421532,0.153509,0.0419499
542,0.395346,0.421532,0.153509,0.0419499
543,0.410608,0.438954,0.153275,0.0435588
544,0.410608,0.438954,0.153275,0.0435588
545,0.410608,0.438954,0.153275,0.0435588
546,0.429401,0.461758,0.156383,0.0453575
547,0.452957,0.480589,0.155634,0.0483934
548,0.464283,0.492531,0.157377,0.0497065
549,0.464283,0.492531,0.157377,0.0497065
550,0.464283,0.492531,0.157377,0.0497065
551,0.457883,0.494923,0.159371,0.0489081
552,0.470691,0.507581,0.160435,0.0498815
553,0.455342,0.490656,0.158882,0.0483336
554,0.44565,0.484764,0.160017,0.047449
555,0.446289,0.480094,0.158023,0.0475417
556,0.446289,0.480094,0.158023,0.0475417
557,0.442426,0.476618,0.157952,0.047052
558,0.460533,0.493745,0.159171,0.0492311
559,0.456201,0.485003,0.158,0.0489542
560,0.480402,0.523475,0.164207,0.0515078
561,0.480402,0.523475,0.164207,0.0515078
562,0.467884,0.503784,0.159839,0.0499525
563,0.451827,0.488727,0.160021,0.048168
564,0.451252,0.496841,0.163168,0.0480663
565,0.452404,0.49939,0.16464,0.0481834
566,0.452404,0.49939,0.16464,0.0481834
567,0.417586,0.451121,0.156248,0.0444248
568,0.417586,0.451121,0.156248,0.0444248
569,0.435835,0.471933,0.157904,0.046282
570,0.413996,0.451398,0.158836,0.043881
571,0.425598,0.466983,0.160094,0.0452235
572,0.425598,0.466983,0.160094,0.0452235
573,0.404414,0.438751,0.156837,0.0430551
574,0.404414,0.438751,0.156837,0.0430551
575,0.383251,0.417046,0.155372,0.0407937
576,0.392406,0.42763,0.157172,0.0416203
577,0.411223,0.449566,0.158196,0.0434615
578,0.411223,0.449566,0.158196,0.0434615
579,0.400483,0.429284,0.154358,0.0425298
580,0.400483,0.429284,0.154358,0.0425298
581,0.382333,0.411105,0.153155,0.0404862
582,0.376253,0.397321,0.150408,0.0400101
583,0.41004,0.430394,0.151218,0.0434344
584,0.41004,0.430394,0.151218,0.0434344
585,0.41004,0.430394,0.151218,0.0434344
586,0.41004,0.430394,0.151218,0.0434344
587,0.41004,0.430394,0.151218,0.0434344
588,0.417759,0.441481,0.152427,0.0437598
589,0.393698,0.407217,0.147391,0.0411702
590,0.40579,0.429523,0.151015,0.042488
591,0.40579,0.429523,0.151015,0.042488
592,0.40579,0.429523,0.151015,0.042488
593,0.415379,0.440091,0.152722,0.0435676
594,0.401331,0.419548,0.149422,0.0422259
595,0.401331,0.419548,0.149422,0.0422259
596,0.402095,0.412512,0.145544,0.0420655
597,0.402095,0.412512,0.145544,0.0420655
598,0.402095,0.412512,0.145544,0.0420655
599,0.379534,0.384883,0.143616,0.0398427
600,0.379534,0.384883,0.143616,0.0398427
601,0.379534,0.384883,0.143616,0.0398427
602,0.379534,0.384883,0.143616,0.0398427
603,0.379534,0.384883,0.143616,0.0398427
604,0.370689,0.377002,0.142706,0.0387034
605,0.370689,0.377002,0.142706,0.0387034
606,0.364197,0.362086,0.139415,0.0387798
607,0.364197,0.362086,0.139415,0.0387798
608,0.354892,0.351431,0.138754,0.0378046
609,0.358851,0.355441,0.139118,0.0378475
610,0.395824,0.388943,0.139483,0.0423329
611,0.390423,0.391848,0.142457,0.0413141
612,0.391458,0.39028,0.141353,0.0414043
613,0.391458,0.39028,0.141353,0.0414043
614,0.391458,0.39028,0.141353,0.0414043
615,0.391458,0.39028,0.141353,0.0414043
616,0.394323,0.387577,0.140551,0.0420311
617,0.402638,0.399864,0.142277,0.0426967
618,0.402638,0.399864,0.142277,0.0426967
619,0.402638,0.399864,0.142277,0.0426967
620,0.405194,0.410674,0.145572,0.042803
621,0.42358,0.435943,0.14899,0.0448294
622,0.42358,0.435943,0.14899,0.0448294
623,0.440282,0.453623,0.14969,0.0464771
624,0.440282,0.453623,0.14969,0.0464771
625,0.444175,0.465563,0.152375,0.0468404
626,0.45148,0.468687,0.151588,0.0477441
627,0.45148,0.468687,0.151588,0.0477441
628,0.45148,0.468687,0.151588,0.0477441
629,0.444692,0.456606,0.149609,0.0472413
630,0.455249,0.459239,0.147345,0.04869
631,0.455249,0.459239,0.147345,0.04869
632,0.455249,0.459239,0.147345,0.04869
633,0.455249,0.459239,0.147345,0.04869
634,0.455249,0.459239,0.147345,0.04869
635,0.455249,0.459239,0.147345,0.04869
636,0.455249,0.459239,0.147345,0.04869
637,0.459082,0.4637,0.147953,0.0489173
638,0.447181,0.451499,0.147582,0.0475757
639,0.472404,0.484068,0.151857,0.0502178
640,0.484578,0.494132,0.152281,0.0514393
641,0.493023,0.513299,0.155103,0.0522172
642,0.492224,0.50512,0.153683,0.0521358
643,0.492224,0.50512,0.153683,0.0521358
644,0.48952,0.508574,0.154438,0.0518364
645,0.48952,0.508574,0.154438,0.0518364
646,0.473701,0.496136,0.154013,0.0502157
647,0.463478,0.485788,0.154777,0.0489586
648,0.463478,0.485788,0.154777,0.0489586
649,0.463478,0.485788,0.154777,0.0489586
650,0.463478,0.485788,0.154777,0.0489586
651,0.446603,0.468911,0.153597,0.0474384
652,0.442177,0.458788,0.150833,0.0471611
653,0.435815,0.453879,0.151004,0.0464626
654,0.434633,0.44322,0.148978,0.0465581
655,0.425188,0.432063,0.147109,0.0456157
656,0.421517,0.430566,0.148247,0.0451853
657,0.423187,0.433052,0.148088,0.0453177
658,0.423187,0.433052,0.148088,0.0453177
659,0.423187,0.433052,0.148088,0.0453177
660,0.423187,0.433052,0.148088,0.0453177
661,0.417697,0.428758,0.148924,0.0446923
662,0.419453,0.430909,0.14823,0.0448608
663,0.440975,0.451756,0.148868,0.0471857
664,0.440875,0.442504,0.146181,0.0473033
665,0.43969,0.446334,0.147395,0.0468942
666,0.438422,0.439453,0.145376,0.0468508
667,0.442366,0.449944,0.148393,0.0473641
668,0.427467,0.42387,0.143542,0.0459231
669,0.4251,0.422166,0.143436,0.0455526
670,0.440753,0.446794,0.14788,0.047089
671,0.443381,0.453066,0.148689,0.0472023
672,0.456968,0.471267,0.151891,0.0483486
673,0.462081,0.477355,0.151497,0.0490726
674,0.457279,0.465872,0.149423,0.0486582
675,0.459752,0.480148,0.15432,0.0485644
676,0.452093,0.461385,0.149005,0.0478508
677,0.464071,0.483591,0.152708,0.0487438
678,0.448279,0.476467,0.154048,0.0466067
679,0.448279,0.476467,0.154048,0.0466067
680,0.445952,0.465452,0.150306,0.0465139
681,0.456529,0.481388,0.153983,0.047716
682,0.471489,0.499671,0.15561,0.0494187
683,0.471489,0.499671,0.15561,0.0494187
684,0.471489,0.499671,0.15561,0.0494187
685,0.471489,0.499671,0.15561,0.0494187
686,0.471489,0.499671,0.15561,0.0494187
687,0.457196,0.49074,0.155665,0.0476312
688,0.443667,0.466427,0.15175,0.046559
689,0.46497,0.495424,0.155321,0.0489503
690,0.450375,0.466007,0.150984,0.0475424
691,0.450375,0.466007,0.150984,0.0475424
692,0.45719,0.480133,0.15368,0.0482517
693,0.44741,0.468792,0.152665,0.0472155
694,0.44741,0.468792,0.152665,0.0472155
695,0.443881,0.463013,0.151571,0.0468799
696,0.443881,0.463013,0.151571,0.0468799
697,0.434491,0.456606,0.152495,0.0457667
698,0.434491,0.456606,0.152495,0.0457667
699,0.434491,0.456606,0.152495,0.0457667
700,0.457081,0.497208,0.158848,0.0480382
701,0.457081,0.497208,0.158848,0.0480382
702,0.45442,0.487373,0.157222,0.0476789
703,0.464015,0.495765,0.157997,0.0492857
704,0.464677,0.48585,0.153581,0.0497165
705,0.464677,0.48585,0.153581,0.0497165
706,0.44337,0.463418,0.151388,0.0471146
707,0.437775,0.451961,0.149558,0.0464707
708,0.425904,0.441067,0.149341,0.0452365
709,0.42293,0.437308,0.149228,0.044804
710,0.418195,0.422683,0.145594,0.0442074
711,0.402521,0.429337,0.153199,0.0423605
712,0.402521,0.429337,0.153199,0.0423605
713,0.42099,0.442947,0.152275,0.044091
714,0.408811,0.427018,0.148993,0.0426679
715,0.40838,0.418792,0.147402,0.0429459
716,0.424551,0.435559,0.147345,0.0442681
717,0.432028,0.445172,0.148402,0.0447829
718,0.432028,0.445172,0.148402,0.0447829
719,0.432028,0.445172,0.148402,0.0447829
720,0.430963,0.435935,0.144464,0.0448493
721,0.430056,0.447554,0.149872,0.0448023
722,0.430058,0.4431,0.149183,0.0449591
723,0.395866,0.402033,0.145325,0.0416695
724,0.395866,0.402033,0.145325,0.0416695
725,0.395866,0.402033,0.145325,0.0416695
726,0.411153,0.407522,0.141873,0.04344
727,0.411153,0.407522,0.141873,0.04344
728,0.411153,0.407522,0.141873,0.04344
729,0.422146,0.417141,0.142851,0.0445693
730,0.415626,0.406229,0.139888,0.0441124
731,0.415626,0.406229,0.139888,0.0441124
732,0.398577,0.386226,0.137579,0.0422033
733,0.402095,0.392094,0.140221,0.0422459
734,0.39368,0.377972,0.136737,0.0413396
735,0.400611,0.387609,0.13761,0.0419268
736,0.425523,0.418739,0.141346,0.0445996
737,0.435947,0.432827,0.143748,0.0454501
738,0.459421,0.464557,0.148049,0.0480499
739,0.464383,0.474437,0.150197,0.0482695
740,0.464383,0.474437,0.150197,0.0482695
741,0.475875,0.490999,0.152928,0.0499748
742,0.480442,0.494527,0.152482,0.0501635
743,0.458422,0.458816,0.146306,0.0485748
744,0.46766,0.471103,0.147819,0.049387
745,0.47999,0.501016,0.153737,0.0502365
746,0.460928,0.475261,0.150374,0.0484888
747,0.460928,0.475261,0.150374,0.0484888
748,0.457698,0.474534,0.151436,0.0480906
749,0.455578,0.468321,0.150012,0.0481585
750,0.440104,0.442122,0.147043,0.0466489
751,0.463703,0.464961,0.147318,0.0493474
752,0.454868,0.460991,0.14762,0.0480362
753,0.477987,0.483051,0.149868,0.0505225
754,0.477987,0.483051,0.149868,0.0505225
755,0.477987,0.483051,0.149868,0.0505225
756,0.477987,0.483051,0.149868,0.0505225
757,0.484804,0.495188,0.150822,0.051159
758,0.480096,0.492204,0.15121,0.0506446
759,0.464575,0.476261,0.151006,0.0486984
760,0.464575,0.476261,0.151006,0.0486984
761,0.464575,0.476261,0.151006,0.0486984
762,0.461047,0.473983,0.15086,0.0485254
763,0.464085,0.478438,0.151183,0.0488537
764,0.462698,0.473182,0.14983,0.0488309
765,0.460417,0.465498,0.147262,0.0484994
766,0.471187,0.478789,0.149204,0.0499764
767,0.46965,0.472373,0.148131,0.0498847
768,0.459283,0.449932,0.144465,0.0490128
769,0.465368,0.466935,0.147644,0.0493954
770,0.465368,0.466935,0.147644,0.0493954
771,0.456793,0.462613,0.146792,0.0481629
772,0.465892,0.479593,0.150297,0.0487039
773,0.465892,0.479593,0.150297,0.0487039
774,0.465892,0.479593,0.150297,0.0487039
775,0.465892,0.479593,0.150297,0.0487039
776,0.465892,0.479593,0.150297,0.0487039
777,0.465892,0.479593,0.150297,0.0487039
778,0.461552,0.47503,0.15,0.048281
779,0.458491,0.479768,0.152211,0.0479409
780,0.448905,0.457824,0.148038,0.046812
781,0.441266,0.446046,0.147956,0.0464761
782,0.438222,0.437778,0.144376,0.0463379
783,0.463448,0.470861,0.148579,0.0490681
784,0.463448,0.470861,0.148579,0.0490681
785,0.448909,0.448034,0.146439,0.0476829
786,0.440283,0.441682,0.146711,0.0465969
787,0.445045,0.450456,0.148382,0.0471914
788,0.445045,0.450456,0.148382,0.0471914
789,0.445045,0.450456,0.148382,0.0471914
790,0.445045,0.450456,0.148382,0.0471914
791,0.451614,0.460354,0.149729,0.0480129
792,0.451614,0.460354,0.149729,0.0480129
793,0.438465,0.433946,0.143404,0.0468978
794,0.469762,0.470331,0.148396,0.0501874
795,0.469762,0.470331,0.148396,0.0501874
796,0.467333,0.474913,0.150699,0.0498804
797,0.467333,0.474913,0.150699,0.0498804
798,0.475861,0.482766,0.150243,0.0507619
799,0.462023,0.471713,0.149933,0.0492052
800,0.460347,0.470324,0.149827,0.0487198
801,0.460347,0.470324,0.149827,0.0487198
802,0.462268,0.489421,0.155568,0.0488002
803,0.462268,0.489421,0.155568,0.0488002
804,0.476359,0.504489,0.155616,0.0503199
805,0.490698,0.509812,0.155617,0.0518651
806,0.487629,0.497068,0.15219,0.0517758
807,0.487748,0.503807,0.154294,0.051879
808,0.490329,0.507984,0.155179,0.0522053
809,0.489563,0.507719,0.154872,0.0521191
810,0.489829,0.496712,0.151784,0.0522965
811,0.499298,0.510625,0.152965,0.0532213
812,0.499298,0.510625,0.152965,0.0532213
813,0.475496,0.475999,0.147559,0.0505696
814,0.484043,0.503284,0.154298,0.0509984
815,0.484043,0.503284,0.154298,0.0509984
816,0.452273,0.462478,0.149292,0.0476878
817,0.447499,0.464375,0.150715,0.0470516
818,0.447499,0.464375,0.150715,0.0470516
819,0.448757,0.462532,0.150187,0.0472946
820,0.460804,0.474935,0.1506,0.0484537
821,0.460804,0.474935,0.1506,0.0484537
822,0.464997,0.486067,0.15424,0.0488864
823,0.464997,0.486067,0.15424,0.0488864
824,0.465722,0.484781,0.152989,0.0490185
825,0.429559,0.439097,0.1475,0.0450503
826,0.429559,0.439097,0.1475,0.0450503
827,0.419103,0.416441,0.142391,0.0443995
828,0.419103,0.416441,0.142391,0.0443995
829,0.417511,0.408123,0.140156,0.0443643
830,0.414001,0.408661,0.141943,0.0443477
831,0.41651,0.413824,0.143636,0.0444019
832,0.408362,0.414386,0.146078,0.0432573
833,0.425502,0.434228,0.147547,0.045129
834,0.454841,0.475464,0.153397,0.04808
835,0.429353,0.43785,0.147959,0.0454385
836,0.438288,0.455054,0.150206,0.046102
837,0.438288,0.455054,0.150206,0.046102
838,0.439399,0.458545,0.149439,0.0462263
839,0.439399,0.458545,0.149439,0.0462263
840,0.454528,0.464398,0.148519,0.0477651
841,0.454528,0.464398,0.148519,0.0477651
842,0.447084,0.454248,0.148273,0.0469232
843,0.447084,0.454248,0.148273,0.0469232
844,0.412973,0.42531,0.147725,0.043383
845,0.428735,0.442381,0.148669,0.0450398
846,0.431681,0.447232,0.149826,0.0452276
847,0.444607,0.460424,0.150575,0.0466495
848,0.444607,0.460424,0.150575,0.0466495
849,0.445572,0.460479,0.150216,0.046804
850,0.434692,0.437916,0.145428,0.0458999
851,0.445431,0.449581,0.146742,0.0470122
852,0.433646,0.443656,0.148641,0.0455499
853,0.433646,0.443656,0.148641,0.0455499
854,0.430137,0.436254,0.146997,0.0452021
855,0.425145,0.434582,0.148268,0.0445055
856,0.425145,0.434582,0.148268,0.0445055
857,0.425145,0.434582,0.148268,0.0445055
858,0.425145,0.434582,0.148268,0.0445055
859,0.430482,0.437604,0.147411,0.0451448
860,0.408814,0.410957,0.14445,0.0428489
861,0.408814,0.410957,0.14445,0.0428489
862,0.408814,0.410957,0.14445,0.0428489
863,0.430341,0.432346,0.145174,0.0451783
864,0.401835,0.394045,0.140421,0.0424597
865,0.401835,0.394045,0.140421,0.0424597
866,0.412515,0.408701,0.141856,0.0432074
867,0.408887,0.398947,0.139618,0.0428956
868,0.408887,0.398947,0.139618,0.0428956
869,0.39726,0.381571,0.137465,0.0415145
870,0.39726,0.381571,0.137465,0.0415145
871,0.39726,0.381571,0.137465,0.0415145
872,0.39726,0.381571,0.137465,0.0415145
873,0.39726,0.381571,0.137465,0.0415145
874,0.387317,0.377787,0.137542,0.0402108
875,0.374162,0.362469,0.13627,0.0388712
876,0.379311,0.365065,0.136326,0.0391941
877,0.376294,0.359214,0.13487,0.0391694
878,0.376294,0.359214,0.13487,0.0391694
879,0.376294,0.359214,0.13487,0.0391694
880,0.369933,0.352185,0.134074,0.0386416
881,0.379787,0.366838,0.135962,0.0393888
882,0.379787,0.366838,0.135962,0.0393888
883,0.379787,0.366838,0.135962,0.0393888
884,0.379787,0.366838,0.135962,0.0393888
885,0.381435,0.372939,0.138159,0.0395181
886,0.343698,0.337921,0.138484,0.0352863
887,0.337737,0.330279,0.137127,0.0351711
888,0.33788,0.331459,0.137148,0.03483
889,0.333482,0.329137,0.137643,0.0346876
890,0.333482,0.329137,0.137643,0.0346876
891,0.354,0.350572,0.13849,0.0367129
892,0.342999,0.337806,0.137363,0.0356783
893,0.342999,0.337806,0.137363,0.0356783
894,0.362862,0.364769,0.142179,0.0376061
895,0.362862,0.364769,0.142179,0.0376061
896,0.370977,0.366144,0.139352,0.0384775
897,0.361577,0.35223,0.137407,0.0377388
898,0.353661,0.346069,0.137891,0.0374345
899,0.361597,0.361278,0.141861,0.0379101
900,0.361597,0.361278,0.141861,0.0379101
901,0.361597,0.361278,0.141861,0.0379101
902,0.357839,0.349584,0.137434,0.037493
903,0.357839,0.349584,0.137434,0.037493
904,0.355736,0.345979,0.136713,0.0372543
905,0.371188,0.365177,0.138816,0.0389274
906,0.390333,0.386188,0.140713,0.0409272
907,0.390333,0.386188,0.140713,0.0409272
908,0.390333,0.386188,0.140713,0.0409272
909,0.397791,0.403158,0.145312,0.0418375
910,0.383472,0.379232,0.140837,0.0401899
911,0.394436,0.388944,0.140186,0.0419153
912,0.380001,0.368611,0.136892,0.0404841
913,0.380001,0.368611,0.136892,0.0404841
914,0.380001,0.368611,0.136892,0.0404841
915,0.400251,0.400289,0.141974,0.0424807
916,0.377289,0.372416,0.139376,0.0403009
917,0.389052,0.384343,0.140518,0.0414712
918,0.399914,0.384367,0.137952,0.0430294
919,0.388297,0.377829,0.138849,0.0417062
920,0.388297,0.377829,0.138849,0.0417062
921,0.391826,0.375492,0.137142,0.0423349
922,0.410787,0.397918,0.13965,0.0443515
923,0.410787,0.397918,0.13965,0.0443515
924,0.411581,0.403593,0.140293,0.0440658
925,0.411581,0.403593,0.140293,0.0440658
926,0.411581,0.403593,0.140293,0.0440658
927,0.379842,0.38084,0.142446,0.0405294
928,0.379842,0.38084,0.142446,0.0405294
929,0.379842,0.38084,0.142446,0.0405294
930,0.390835,0.387624,0.141445,0.0416498
931,0.390446,0.3868,0.141655,0.0416382
932,0.362768,0.353142,0.137841,0.0391452
933,0.362768,0.353142,0.137841,0.0391452
934,0.366472,0.358232,0.138346,0.039528
935,0.366472,0.358232,0.138346,0.039528
936,0.366472,0.358232,0.138346,0.039528
937,0.352939,0.350715,0.139709,0.0379344
938,0.343773,0.345228,0.140743,0.0366314
939,0.337341,0.334588,0.139566,0.0357495
940,0.328316,0.327132,0.139569,0.0350099
941,0.357088,0.35338,0.139415,0.0382769
942,0.35606,0.340692,0.134982,0.0382707
943,0.35606,0.340692,0.134982,0.0382707
944,0.35606,0.340692,0.134982,0.0382707
945,0.368863,0.355668,0.135637,0.0394232
946,0.368863,0.355668,0.135637,0.0394232
947,0.350328,0.340855,0.136918,0.0375976
948,0.343954,0.329444,0.133838,0.0365637
949,0.387345,0.382094,0.139527,0.0414144
950,0.406244,0.402279,0.141262,0.043155
951,0.385848,0.374237,0.137016,0.0407657
952,0.385848,0.374237,0.137016,0.0407657
953,0.385848,0.374237,0.137016,0.0407657
954,0.385848,0.374237,0.137016,0.0407657
955,0.385848,0.374237,0.137016,0.0407657
956,0.385848,0.374237,0.137016,0.0407657
957,0.385848,0.374237,0.137016,0.0407657
958,0.375817,0.367143,0.138495,0.0397375
959,0.388593,0.373201,0.136191,0.0407883
960,0.384807,0.369383,0.136621,0.0405416
961,0.384834,0.375032,0.138588,0.0406549
962,0.37841,0.370872,0.139488,0.0398169
963,0.37841,0.370872,0.139488,0.0398169
964,0.37841,0.370872,0.139488,0.0398169
965,0.38675,0.378032,0.138398,0.0407887
966,0.38675,0.378032,0.138398,0.0407887
967,0.38675,0.378032,0.138398,0.0407887
968,0.38675,0.378032,0.138398,0.0407887
969,0.38675,0.378032,0.138398,0.0407887
970,0.38675,0.378032,0.138398,0.0407887
971,0.36918,0.351199,0.133431,0.0391751
972,0.36918,0.351199,0.133431,0.0391751
973,0.36918,0.351199,0.133431,0.0391751
974,0.364958,0.349367,0.134506,0.0384779
975,0.389874,0.378047,0.137567,0.0412069
976,0.389874,0.378047,0.137567,0.0412069
977,0.389874,0.378047,0.137567,0.0412069
978,0.408626,0.398202,0.139405,0.0432465
979,0.422586,0.407942,0.139762,0.0448539
980,0.422586,0.407942,0.139762,0.0448539
981,0.422586,0.407942,0.139762,0.0448539
982,0.420581,0.404769,0.138861,0.0446833
983,0.420144,0.400669,0.138003,0.0447519
984,0.420144,0.400669,0.138003,0.0447519
985,0.420144,0.400669,0.138003,0.0447519
986,0.401119,0.380661,0.136394,0.0427902
987,0.401119,0.380661,0.136394,0.0427902
988,0.401119,0.380661,0.136394,0.0427902
989,0.401119,0.380661,0.136394,0.0427902
990,0.401119,0.380661,0.136394,0.0427902
991,0.426309,0.411486,0.139674,0.0452848
992,0.426715,0.406399,0.136626,0.0453871
993,0.415523,0.4012,0.138967,0.0436792
994,0.415523,0.4012,0.138967,0.0436792
995,0.430891,0.421115,0.140484,0.0451169
996,0.401266,0.374293,0.131801,0.0424152
997,0.397026,0.369795,0.13216,0.0420399
998,0.403294,0.378711,0.133175,0.0427242
999,0.403294,0.378711,0.133175,0.0427242
1000,0.403294,0.378711,0.133175,0.0427242
1001,0.402241,0.385272,0.137151,0.0423501
1002,0.407513,0.390279,0.137392,0.0429877
1003,0.426253,0.425392,0.143666,0.0444315
1004,0.426253,0.425392,0.143666,0.0444315
1005,0.418046,0.412955,0.141061,0.0433767
1006,0.418046,0.412955,0.141061,0.0433767
1007,0.414851,0.408391,0.141288,0.0432987
1008,0.416365,0.409048,0.140668,0.0436224
1009,0.416365,0.409048,0.140668,0.0436224
1010,0.416365,0.409048,0.140668,0.0436224
1011,0.416365,0.409048,0.140668,0.0436224
1012,0.416365,0.409048,0.140668,0.0436224
1013,0.402273,0.39047,0.137825,0.0422146
1014,0.402273,0.39047,0.137825,0.0422146
1015,0.401194,0.384492,0.136777,0.0425775
1016,0.396253,0.376605,0.135132,0.0421551
1017,0.405628,0.388256,0.136315,0.0430765
1018,0.406593,0.384797,0.135314,0.0431866
1019,0.406593,0.384797,0.135314,0.0431866
1020,0.398452,0.376013,0.133548,0.0424918
1021,0.406064,0.375449,0.13253,0.0431238
1022,0.406064,0.375449,0.13253,0.0431238
1023,0.406064,0.375449,0.13253,0.0431238
1024,0.389733,0.359642,0.130619,0.0416491
1025,0.367769,0.337753,0.129194,0.039394
1026,0.400957,0.372523,0.132558,0.0429381
1027,0.410442,0.388783,0.136269,0.0440146
1028,0.423122,0.397266,0.134347,0.0454678
1029,0.423122,0.397266,0.134347,0.0454678
1030,0.423122,0.397266,0.134347,0.0454678
1031,0.422531,0.397177,0.134279,0.0450402
1032,0.408002,0.375451,0.13079,0.0435771
1033,0.408002,0.375451,0.13079,0.0435771
1034,0.408002,0.375451,0.13079,0.0435771
1035,0.409981,0.369551,0.128529,0.0440324
1036,0.410305,0.367614,0.127856,0.0439837
1037,0.410305,0.367614,0.127856,0.0439837
1038,0.409907,0.367586,0.127585,0.043839
1039,0.408156,0.368447,0.128482,0.0434735
1040,0.409568,0.379406,0.132382,0.0435969
1041,0.42817,0.398883,0.134487,0.0457114
1042,0.43027,0.398287,0.133239,0.0460563
1043,0.43027,0.398287,0.133239,0.0460563
1044,0.421346,0.393851,0.133936,0.0448778
1045,0.421346,0.393851,0.133936,0.0448778
1046,0.44897,0.420491,0.136047,0.0478459
1047,0.44897,0.420491,0.136047,0.0478459
1048,0.435144,0.402811,0.132672,0.0461619
1049,0.435144,0.402811,0.132672,0.0461619
1050,0.435144,0.402811,0.132672,0.0461619
1051,0.438489,0.403979,0.132415,0.0465129
1052,0.416669,0.38259,0.130661,0.0442986
1053,0.424904,0.382376,0.129602,0.0454313
1054,0.417511,0.378363,0.13007,0.0449441
1055,0.421916,0.383795,0.130147,0.0449722
1056,0.416778,0.374255,0.128485,0.0446003
1057,0.432687,0.394589,0.131459,0.0460823
1058,0.426555,0.392374,0.132836,0.0455185
1059,0.426555,0.392374,0.132836,0.0455185
1060,0.426555,0.392374,0.132836,0.0455185
1061,0.421469,0.392051,0.133325,0.0448931
1062,0.421469,0.392051,0.133325,0.0448931
1063,0.418015,0.397199,0.136572,0.0443571
1064,0.430294,0.410243,0.137684,0.045564
1065,0.421282,0.41254,0.141808,0.0444274
1066,0.421282,0.41254,0.141808,0.0444274
1067,0.421282,0.41254,0.141808,0.0444274
1068,0.421282,0.41254,0.141808,0.0444274
1069,0.442645,0.440761,0.143542,0.0462231
1070,0.412888,0.410686,0.141449,0.0430689
1071,0.412434,0.404869,0.139818,0.0429543
1072,0.402399,0.39429,0.139626,0.0420522
1073,0.402399,0.39429,0.139626,0.0420522
1074,0.426068,0.426767,0.143681,0.044565
1075,0.445328,0.440723,0.143155,0.0464767
1076,0.426735,0.422262,0.142085,0.0446193
1077,0.437257,0.424631,0.139638,0.0459719
1078,0.421145,0.40834,0.138869,0.0443045
1079,0.421145,0.40834,0.138869,0.0443045
1080,0.421145,0.40834,0.138869,0.0443045
1081,0.421145,0.40834,0.138869,0.0443045
1082,0.424045,0.415312,0.140647,0.04459
1083,0.424045,0.415312,0.140647,0.04459
1084,0.422021,0.401236,0.135479,0.0445408
1085,0.441485,0.420259,0.137473,0.046677
1086,0.441485,0.420259,0.137473,0.046677
1087,0.441485,0.420259,0.137473,0.046677
1088,0.445352,0.418385,0.136453,0.0471075
1089,0.470748,0.445481,0.138688,0.0497993
1090,0.450936,0.431572,0.138319,0.0472725
1091,0.450936,0.431572,0.138319,0.0472725
1092,0.445756,0.427524,0.138255,0.0467508
1093,0.459593,0.447909,0.141496,0.0483513
1094,0.46412,0.44854,0.141328,0.0488732
1095,0.46412,0.44854,0.141328,0.0488732
1096,0.46412,0.44854,0.141328,0.0488732
1097,0.475284,0.46234,0.142222,0.0505524
1098,0.486813,0.471731,0.144626,0.0518663
1099,0.479174,0.46763,0.144126,0.0509475
1100,0.468183,0.446656,0.140066,0.0499706
1101,0.468183,0.446656,0.140066,0.0499706
1102,0.478547,0.449085,0.138532,0.0511031
1103,0.481197,0.463346,0.142327,0.0511416
1104,0.481197,0.463346,0.142327,0.0511416
1105,0.489237,0.478908,0.144773,0.0518501
1106,0.476762,0.465135,0.143815,0.0505676
1107,0.476762,0.465135,0.143815,0.0505676
1108,0.475807,0.473776,0.146426,0.0505258
1109,0.500962,0.489094,0.144724,0.0533337
1110,0.500962,0.489094,0.144724,0.0533337
1111,0.500962,0.489094,0.144724,0.0533337
1112,0.473374,0.461402,0.144342,0.0503936
1113,0.472631,0.465233,0.144185,0.0498026
1114,0.450136,0.445326,0.144304,0.0476293
1115,0.430598,0.428496,0.145211,0.045491
1116,0.430598,0.428496,0.145211,0.045491
1117,0.430598,0.428496,0.145211,0.045491
1118,0.430598,0.428496,0.145211,0.045491
1119,0.427756,0.418109,0.141195,0.0454519
1120,0.455085,0.454573,0.145558,0.0479111
1121,0.455085,0.454573,0.145558,0.0479111
1122,0.455085,0.454573,0.145558,0.0479111
1123,0.446682,0.437193,0.141232,0.0470656
1124,0.447579,0.439967,0.14242,0.0472118
1125,0.447579,0.439967,0.14242,0.0472118
1126,0.456679,0.453065,0.14297,0.0479275
1127,0.456038,0.458121,0.145606,0.0477167
1128,0.467905,0.461193,0.144648,0.0491227
1129,0.467905,0.461193,0.144648,0.0491227
1130,0.462897,0.449941,0.140438,0.0485565
1131,0.468554,0.4484,0.139937,0.0497847
1132,0.468554,0.4484,0.139937,0.0497847
1133,0.469555,0.461407,0.143521,0.049689
1134,0.469555,0.461407,0.143521,0.049689
1135,0.46051,0.457783,0.144415,0.0485102
1136,0.46372,0.466725,0.145967,0.0485475
1137,0.46244,0.47473,0.149734,0.0483505
1138,0.46244,0.47473,0.149734,0.0483505
1139,0.462742,0.467937,0.147665,0.048342
1140,0.443615,0.4451,0.146393,0.0465429
1141,0.457294,0.451391,0.142895,0.0479193
1142,0.457294,0.451391,0.142895,0.0479193
1143,0.454434,0.451006,0.145606,0.0479582
1144,0.461909,0.455385,0.14409,0.0488064
1145,0.489619,0.484246,0.147504,0.0521518
1146,0.489619,0.484246,0.147504,0.0521518
1147,0.460121,0.458809,0.145015,0.048705
1148,0.457618,0.44939,0.143402,0.0484061
1149,0.457618,0.44939,0.143402,0.0484061
1150,0.480918,0.47133,0.145478,0.0511011
1151,0.480918,0.47133,0.145478,0.0511011
1152,0.458745,0.448047,0.141964,0.0487401
1153,0.458745,0.448047,0.141964,0.0487401
1154,0.446695,0.450063,0.146584,0.047296
1155,0.434564,0.437588,0.145567,0.0458518
1156,0.42463,0.426126,0.145547,0.0447235
1157,0.456259,0.457609,0.147426,0.048215
1158,0.436823,0.435106,0.145304,0.0463108
1159,0.424435,0.42856,0.146949,0.0449063
1160,0.424435,0.42856,0.146949,0.0449063
1161,0.42663,0.426975,0.144414,0.0453361
1162,0.42663,0.426975,0.144414,0.0453361
1163,0.434498,0.431388,0.144204,0.0461943
1164,0.453457,0.454071,0.145738,0.0480168
1165,0.430878,0.425351,0.14222,0.0457745
1166,0.430319,0.415952,0.140152,0.0459297
1167,0.430319,0.415952,0.140152,0.0459297
1168,0.430319,0.415952,0.140152,0.0459297
1169,0.416976,0.410191,0.14128,0.0443794
1170,0.414883,0.403685,0.139625,0.0437607
1171,0.396535,0.392489,0.141015,0.042114
1172,0.39877,0.3893,0.14025,0.0426274
1173,0.39877,0.3893,0.14025,0.0426274
1174,0.403769,0.394174,0.139465,0.0429869
1175,0.403769,0.394174,0.139465,0.0429869
1176,0.379322,0.370431,0.138945,0.040372
1177,0.391393,0.380844,0.138846,0.0414257
1178,0.394194,0.381305,0.13792,0.0421064
1179,0.415479,0.411014,0.142509,0.0439683
1180,0.415479,0.411014,0.142509,0.0439683
1181,0.415479,0.411014,0.142509,0.0439683
1182,0.414673,0.418724,0.145793,0.0437894
1183,0.423007,0.422226,0.144408,0.0449869
1184,0.435064,0.430381,0.143887,0.0463801
1185,0.413212,0.414957,0.145097,0.0441299
1186,0.417274,0.421927,0.146274,0.0445028
1187,0.423906,0.424752,0.144732,0.0451583
1188,0.423906,0.424752,0.144732,0.0451583
1189,0.402183,0.401378,0.143151,0.0427169
1190,0.402183,0.401378,0.143151,0.0427169
1191,0.402183,0.401378,0.143151,0.0427169
1192,0.402183,0.401378,0.143151,0.0427169
1193,0.41151,0.411962,0.143,0.0439724
1194,0.391076,0.395999,0.143376,0.0417759
1195,0.39098,0.385888,0.140584,0.0417412
1196,0.39098,0.385888,0.140584,0.0417412
1197,0.402529,0.399154,0.142369,0.0429904
1198,0.402529,0.399154,0.142369,0.0429904
1199,0.402529,0.399154,0.142369,0.0429904
1200,0.396309,0.386823,0.138934,0.0424025
1201,0.376093,0.367795,0.138342,0.0402524
1202,0.376093,0.367795,0.138342,0.0402524
1203,0.392797,0.384571,0.140405,0.0418433
1204,0.384809,0.376775,0.139569,0.0407991
1205,0.375095,0.370659,0.140614,0.0399232
1206,0.375095,0.370659,0.140614,0.0399232
1207,0.374306,0.368388,0.138835,0.0396769
1208,0.380352,0.382313,0.14331,0.0402782
1209,0.379477,0.380812,0.142417,0.040364
1210,0.379477,0.380812,0.142417,0.040364
1211,0.389382,0.389851,0.143238,0.0417491
1212,0.389382,0.389851,0.143238,0.0417491
1213,0.385406,0.3837,0.140964,0.0412364
1214,0.385406,0.3837,0.140964,0.0412364
1215,0.385406,0.3837,0.140964,0.0412364
1216,0.385406,0.3837,0.140964,0.0412364
1217,0.385406,0.3837,0.140964,0.0412364
1218,0.375464,0.375801,0.141632,0.0401128
1219,0.375464,0.375801,0.141632,0.0401128
1220,0.393065,0.383345,0.138413,0.0418296
1221,0.416582,0.414297,0.143104,0.0445694
1222,0.441074,0.433923,0.143783,0.0470467
1223,0.43698,0.43076,0.143684,0.0466048
1224,0.431837,0.433242,0.145453,0.0461023
1225,0.431837,0.433242,0.145453,0.0461023
1226,0.421593,0.41863,0.143186,0.0449153
1227,0.421593,0.41863,0.143186,0.0449153
1228,0.421593,0.41863,0.143186,0.0449153
1229,0.415539,0.406622,0.140561,0.0443425
1230,0.422043,0.418219,0.142929,0.0449808
1231,0.422043,0.418219,0.142929,0.0449808
1232,0.422043,0.418219,0.142929,0.0449808
1233,0.401717,0.401964,0.143477,0.0427367
1234,0.401325,0.40888,0.145466,0.0424818
1235,0.401325,0.40888,0.145466,0.0424818
1236,0.397762,0.403653,0.144233,0.0420429
1237,0.386303,0.387334,0.142491,0.0409136
1238,0.386303,0.387334,0.142491,0.0409136
1239,0.386303,0.387334,0.142491,0.0409136
1240,0.386303,0.387334,0.142491,0.0409136
1241,0.408885,0.415727,0.145994,0.0429581
1242,0.408885,0.415727,0.145994,0.0429581
1243,0.406115,0.402467,0.141594,0.0430004
1244,0.398785,0.385557,0.1376,0.0423086
1245,0.380887,0.363882,0.135577,0.0406889
1246,0.403861,0.388414,0.13756,0.0431134
1247,0.381703,0.374133,0.139263,0.0407409
1248,0.381703,0.374133,0.139263,0.0407409
1249,0.381703,0.374133,0.139263,0.0407409
1250,0.384759,0.379706,0.14099,0.0412067
1251,0.384759,0.379706,0.14099,0.0412067
1252,0.398035,0.389898,0.13982,0.0426839
1253,0.402932,0.393672,0.140199,0.0431543
1254,0.394835,0.384466,0.139416,0.0425768
1255,0.394835,0.384466,0.139416,0.0425768
1256,0.401902,0.392557,0.140264,0.0430601
1257,0.395961,0.387909,0.140116,0.0421715
1258,0.394493,0.392479,0.142838,0.0422419
1259,0.394493,0.392479,0.142838,0.0422419
1260,0.387467,0.383338,0.141333,0.0415544
1261,0.394166,0.390552,0.141904,0.0423934
1262,0.386459,0.372253,0.136795,0.0417675
1263,0.363323,0.353641,0.136888,0.0392837
1264,0.368315,0.352676,0.13538,0.0400002
1265,0.368315,0.352676,0.13538,0.0400002
1266,0.373804,0.360677,0.137059,0.0402157
1267,0.373804,0.360677,0.137059,0.0402157
1268,0.392693,0.385472,0.140409,0.0423649
1269,0.399656,0.390058,0.139372,0.0431063
1270,0.383908,0.36338,0.135025,0.0414392
1271,0.383908,0.36338,0.135025,0.0414392
1272,0.383908,0.36338,0.135025,0.0414392
1273,0.394977,0.378336,0.136326,0.0424114
1274,0.407783,0.393275,0.138481,0.0437449
1275,0.401953,0.375847,0.133628,0.0430988
1276,0.401953,0.375847,0.133628,0.0430988
1277,0.40165,0.381075,0.13699,0.043372
1278,0.413658,0.391108,0.135638,0.0445007
1279,0.413658,0.391108,0.135638,0.0445007
1280,0.413658,0.391108,0.135638,0.0445007
1281,0.432651,0.424406,0.142241,0.0464857
1282,0.41048,0.402486,0.139517,0.0438417
1283,0.41048,0.402486,0.139517,0.0438417
1284,0.420916,0.414474,0.142067,0.0448126
1285,0.381474,0.374386,0.13858,0.0405611
1286,0.400567,0.387717,0.138352,0.042804
1287,0.423697,0.415031,0.140755,0.0451052
1288,0.423697,0.415031,0.140755,0.0451052
1289,0.425822,0.41859,0.141954,0.0454486
1290,0.421046,0.41584,0.142183,0.0446579
1291,0.432897,0.421146,0.14105,0.0459256
1292,0.417825,0.40219,0.137868,0.0443674
1293,0.409336,0.39411,0.138391,0.0435739
1294,0.422875,0.40624,0.138339,0.0450716
1295,0.422875,0.40624,0.138339,0.0450716
1296,0.456689,0.448261,0.144061,0.0485907
1297,0.456689,0.448261,0.144061,0.0485907
1298,0.447037,0.437689,0.142252,0.0475877
1299,0.447037,0.437689,0.142252,0.0475877
1300,0.447037,0.437689,0.142252,0.0475877
1301,0.445221,0.429734,0.139817,0.0473976
1302,0.441054,0.429596,0.140122,0.0465438
1303,0.423129,0.412547,0.139547,0.0442744
1304,0.418468,0.403605,0.13698,0.0435792
1305,0.418468,0.403605,0.13698,0.0435792
1306,0.418468,0.403605,0.13698,0.0435792
1307,0.430762,0.424307,0.141278,0.0445621
1308,0.426896,0.409472,0.137671,0.0441168
1309,0.436303,0.41707,0.136349,0.0453348
1310,0.436303,0.41707,0.136349,0.0453348
1311,0.431837,0.407253,0.134903,0.0451143
1312,0.440143,0.425013,0.13842,0.0459901
1313,0.416082,0.39918,0.135811,0.0431951
1314,0.416082,0.39918,0.135811,0.0431951
1315,0.406259,0.393333,0.137567,0.0421231
1316,0.406259,0.393333,0.137567,0.0421231
1317,0.406259,0.393333,0.137567,0.0421231
1318,0.406259,0.393333,0.137567,0.0421231
1319,0.387535,0.379759,0.138547,0.0399536
1320,0.388726,0.37802,0.137213,0.0400598
1321,0.388726,0.37802,0.137213,0.0400598
1322,0.395811,0.378385,0.135085,0.04114
1323,0.391897,0.377334,0.137069,0.0407513
1324,0.402231,0.386046,0.13665,0.0422054
1325,0.402463,0.384679,0.136228,0.0425557
1326,0.402463,0.384679,0.136228,0.0425557
1327,0.407215,0.386111,0.135444,0.0428483
1328,0.407215,0.386111,0.135444,0.0428483
1329,0.407215,0.386111,0.135444,0.0428483
1330,0.407215,0.386111,0.135444,0.0428483
1331,0.392639,0.365506,0.131962,0.0416042
1332,0.397679,0.371053,0.133015,0.0422631
1333,0.397679,0.371053,0.133015,0.0422631
1334,0.412662,0.381283,0.132629,0.0440097
1335,0.421814,0.381999,0.129326,0.0452268
1336,0.432699,0.406406,0.135535,0.0460706
1337,0.418065,0.391716,0.135959,0.0445636
1338,0.416475,0.395738,0.136703,0.044296
1339,0.416475,0.395738,0.136703,0.044296
1340,0.416475,0.395738,0.136703,0.044296
1341,0.428215,0.404292,0.137023,0.0455213
1342,0.427307,0.401402,0.135167,0.0455196
1343,0.415996,0.390967,0.135289,0.0443333
1344,0.440246,0.418857,0.137431,0.0470321
1345,0.440246,0.418857,0.137431,0.0470321
1346,0.433307,0.411271,0.137326,0.0458507
1347,0.433307,0.411271,0.137326,0.0458507
1348,0.433307,0.411271,0.137326,0.0458507
1349,0.437817,0.418662,0.1383,0.0462912
1350,0.444257,0.424234,0.138513,0.0469943
1351,0.444122,0.426661,0.140172,0.0472259
1352,0.440953,0.423314,0.140376,0.0466368
1353,0.447827,0.44486,0.145195,0.0471044
1354,0.432567,0.421023,0.140856,0.0455108
1355,0.417536,0.398754,0.136883,0.0442379
1356,0.428037,0.404461,0.13622,0.0454822
1357,0.428037,0.404461,0.13622,0.0454822
1358,0.436503,0.416706,0.138093,0.0464208
1359,0.436503,0.416706,0.138093,0.0464208
1360,0.436503,0.416706,0.138093,0.0464208
1361,0.432697,0.411827,0.137832,0.0459799
1362,0.432697,0.411827,0.137832,0.0459799
1363,0.432697,0.411827,0.137832,0.0459799
1364,0.430982,0.409769,0.137538,0.0456432
1365,0.430982,0.409769,0.137538,0.0456432
1366,0.430982,0.409769,0.137538,0.0456432
1367,0.402817,0.389554,0.138407,0.0424852
1368,0.396784,0.383132,0.137169,0.0416141
1369,0.397102,0.38788,0.138468,0.0417635
1370,0.412987,0.405276,0.140874,0.0431954
1371,0.442768,0.437146,0.143709,0.046441
1372,0.435506,0.4253,0.141314,0.0452554
1373,0.435506,0.4253,0.141314,0.0452554
1374,0.435506,0.4253,0.141314,0.0452554
1375,0.438164,0.439069,0.14478,0.0454949
1376,0.444119,0.439314,0.143187,0.0463784
1377,0.43502,0.430125,0.142832,0.045436
1378,0.44574,0.435429,0.141392,0.0466799
1379,0.433828,0.408821,0.135571,0.0457107
1380,0.431637,0.410133,0.136034,0.0451026
1381,0.431637,0.410133,0.136034,0.0451026
1382,0.431637,0.410133,0.136034,0.0451026
1383,0.424361,0.406124,0.137171,0.0444759
1384,0.42515,0.403643,0.136561,0.0444123
1385,0.419342,0.399816,0.136188,0.0439506
1386,0.419342,0.399816,0.136188,0.0439506
1387,0.439694,0.423269,0.139247,0.0461568
1388,0.439876,0.421556,0.137411,0.0461228
1389,0.439876,0.421556,0.137411,0.0461228
1390,0.439876,0.421556,0.137411,0.0461228
1391,0.43608,0.421676,0.139001,0.0456026
1392,0.43608,0.421676,0.139001,0.0456026
1393,0.414696,0.38972,0.134919,0.0434267
1394,0.413508,0.379138,0.130493,0.0436516
1395,0.408895,0.371681,0.130046,0.043222
1396,0.412065,0.373529,0.129583,0.043728
1397,0.41287,0.373983,0.129849,0.0436449
1398,0.419998,0.377765,0.128585,0.0444489
1399,0.419998,0.377765,0.128585,0.0444489
1400,0.439613,0.406132,0.133953,0.0464564
1401,0.439613,0.406132,0.133953,0.0464564
1402,0.461112,0.432711,0.137386,0.0488364
1403,0.461112,0.432711,0.137386,0.0488364
1404,0.455709,0.428769,0.136452,0.0481157
1405,0.436762,0.40726,0.134452,0.0462633
1406,0.436762,0.40726,0.134452,0.0462633
1407,0.436762,0.40726,0.134452,0.0462633
1408,0.436762,0.40726,0.134452,0.0462633
1409,0.436762,0.40726,0.134452,0.0462633
1410,0.451548,0.407087,0.130905,0.0481545
1411,0.451548,0.407087,0.130905,0.0481545
1412,0.451548,0.407087,0.130905,0.0481545
1413,0.448383,0.398121,0.127937,0.047824
1414,0.458237,0.405737,0.128714,0.0490966
1415,0.458237,0.405737,0.128714,0.0490966
1416,0.458237,0.405737,0.128714,0.0490966
1417,0.458237,0.405737,0.128714,0.0490966
1418,0.454297,0.40925,0.130589,0.0486183
1419,0.454297,0.40925,0.130589,0.0486183
1420,0.454297,0.40925,0.130589,0.0486183
1421,0.445871,0.395881,0.128179,0.0475833
1422,0.438022,0.391857,0.128373,0.0466762
1423,0.438022,0.391857,0.128373,0.0466762
1424,0.445285,0.391714,0.126613,0.0478309
1425,0.445285,0.391714,0.126613,0.0478309
1426,0.443325,0.39655,0.129572,0.0474461
1427,0.453996,0.403584,0.12988,0.0486272
1428,0.453996,0.403584,0.12988,0.0486272
1429,0.458239,0.404422,0.128438,0.0492459
1430,0.458239,0.404422,0.128438,0.0492459
1431,0.458239,0.404422,0.128438,0.0492459
1432,0.458239,0.404422,0.128438,0.0492459
1433,0.464019,0.40887,0.129401,0.0501487
1434,0.464019,0.40887,0.129401,0.0501487
1435,0.4796,0.418762,0.129036,0.0519388
1436,0.483045,0.420361,0.12867,0.0522179
1437,0.480404,0.416751,0.128298,0.0519899
1438,0.480404,0.416751,0.128298,0.0519899
1439,0.480404,0.416751,0.128298,0.0519899
1440,0.484986,0.429936,0.132055,0.0524683
1441,0.468572,0.415384,0.129719,0.0507752
1442,0.468572,0.415384,0.129719,0.0507752
1443,0.468572,0.415384,0.129719,0.0507752
1444,0.468572,0.415384,0.129719,0.0507752
1445,0.468572,0.415384,0.129719,0.0507752
1446,0.468572,0.415384,0.129719,0.0507752
1447,0.462454,0.40891,0.129665,0.0500923
1448,0.476547,0.422696,0.1311,0.051569
1449,0.476547,0.422696,0.1311,0.051569
1450,0.466887,0.419668,0.132624,0.0505295
1451,0.470101,0.424175,0.133088,0.050733
1452,0.470101,0.424175,0.133088,0.050733
1453,0.457917,0.41154,0.132554,0.0496189
1454,0.448321,0.403029,0.130759,0.0484242
1455,0.448321,0.403029,0.130759,0.0484242
1456,0.448321,0.403029,0.130759,0.0484242
1457,0.448321,0.403029,0.130759,0.0484242
1458,0.471869,0.421852,0.132415,0.051235
1459,0.46259,0.425579,0.134573,0.0498467
1460,0.446975,0.413653,0.134369,0.0479548
1461,0.446975,0.413653,0.134369,0.0479548
1462,0.446975,0.413653,0.134369,0.0479548
1463,0.446975,0.413653,0.134369,0.0479548
1464,0.471246,0.433844,0.135404,0.0507308
1465,0.476607,0.438509,0.136445,0.0512444
1466,0.462947,0.437563,0.138446,0.0496353
1467,0.462947,0.437563,0.138446,0.0496353
1468,0.444754,0.419037,0.1363,0.0478327
1469,0.425701,0.394638,0.133575,0.0457555
1470,0.435457,0.409588,0.135978,0.0463661
1471,0.419028,0.39013,0.133818,0.0450225
1472,0.419028,0.39013,0.133818,0.0450225
1473,0.418819,0.386918,0.132932,0.0448694
1474,0.418819,0.386918,0.132932,0.0448694
1475,0.451606,0.419637,0.135588,0.0484059
1476,0.462962,0.433625,0.137632,0.0495623
1477,0.462962,0.433625,0.137632,0.0495623
1478,0.462962,0.433625,0.137632,0.0495623
1479,0.462962,0.433625,0.137632,0.0495623
1480,0.468733,0.436162,0.136463,0.0502837
1481,0.458568,0.428206,0.137088,0.0491065
1482,0.463947,0.424862,0.133234,0.0498398
1483,0.461722,0.42257,0.134582,0.0498638
1484,0.461722,0.42257,0.134582,0.0498638
1485,0.455127,0.41685,0.134407,0.0488739
1486,0.455127,0.41685,0.134407,0.0488739
1487,0.460128,0.421895,0.133704,0.0493206
1488,0.463184,0.42445,0.134266,0.0498541
1489,0.450862,0.417486,0.135398,0.0484474
1490,0.463412,0.433097,0.136409,0.0496017
1491,0.463412,0.433097,0.136409,0.0496017
1492,0.463412,0.433097,0.136409,0.0496017
1493,0.463412,0.433097,0.136409,0.0496017
1494,0.443927,0.408862,0.133711,0.0476854
1495,0.443927,0.408862,0.133711,0.0476854
1496,0.432915,0.400204,0.133553,0.0463461
1497,0.432915,0.400204,0.133553,0.0463461
1498,0.432915,0.400204,0.133553,0.0463461
1499,0.435544,0.410044,0.135944,0.0463855
1500,0.435544,0.410044,0.135944,0.0463855
1501,0.426031,0.402023,0.136876,0.0455871
1502,0.415201,0.381279,0.132013,0.0443958
1503,0.415201,0.381279,0.132013,0.0443958
1504,0.415201,0.381279,0.132013,0.0443958
1505,0.415201,0.381279,0.132013,0.0443958
1506,0.377571,0.348108,0.130651,0.040248
1507,0.377571,0.348108,0.130651,0.040248
1508,0.372274,0.339319,0.128965,0.0397043
1509,0.372274,0.339319,0.128965,0.0397043
1510,0.376091,0.346145,0.130166,0.0404197
1511,0.376091,0.346145,0.130166,0.0404197
1512,0.383591,0.348657,0.128949,0.0411154
1513,0.383591,0.348657,0.128949,0.0411154
1514,0.391088,0.359803,0.129939,0.0417836
1515,0.39286,0.364117,0.131661,0.0421207
1516,0.39286,0.364117,0.131661,0.0421207
1517,0.409404,0.372572,0.130043,0.0441493
1518,0.370413,0.330983,0.12596,0.0402879
1519,0.370801,0.326812,0.124461,0.040433
1520,0.370801,0.326812,0.124461,0.040433
1521,0.382737,0.338479,0.124944,0.0417149
1522,0.400677,0.361369,0.128284,0.0430615
1523,0.415066,0.384949,0.13262,0.0441613
1524,0.407673,0.388753,0.136219,0.0433349
1525,0.407673,0.388753,0.136219,0.0433349
1526,0.407673,0.388753,0.136219,0.0433349
1527,0.386065,0.366519,0.134125,0.0407208
1528,0.395927,0.373485,0.134226,0.0419453
1529,0.379295,0.35189,0.130612,0.0403788
1530,0.368786,0.344444,0.131769,0.039121
1531,0.368786,0.344444,0.131769,0.039121
1532,0.368786,0.344444,0.131769,0.039121
1533,0.359458,0.332815,0.130984,0.0383661
1534,0.347491,0.319922,0.128357,0.0371162
1535,0.347491,0.319922,0.128357,0.0371162
1536,0.353069,0.328117,0.130773,0.0375432
1537,0.353069,0.328117,0.130773,0.0375432
1538,0.357869,0.331469,0.129421,0.0381681
1539,0.343774,0.32395,0.132308,0.0361674
1540,0.331477,0.31224,0.13114,0.0348617
1541,0.342201,0.323512,0.132735,0.0360661
1542,0.337579,0.311703,0.128644,0.0358164
1543,0.335067,0.308681,0.128886,0.0354485
1544,0.338587,0.314642,0.129618,0.0358539
1545,0.338587,0.314642,0.129618,0.0358539
1546,0.329567,0.309551,0.130338,0.0345724
1547,0.32302,0.307951,0.132585,0.0337555
1548,0.342091,0.32836,0.133421,0.0360116
1549,0.342091,0.32836,0.133421,0.0360116
1550,0.342091,0.32836,0.133421,0.0360116
1551,0.342091,0.32836,0.133421,0.0360116
1552,0.336978,0.32315,0.133274,0.0355227
1553,0.350941,0.331534,0.131499,0.0370344
1554,0.350941,0.331534,0.131499,0.0370344
1555,0.348057,0.323996,0.128931,0.036721
1556,0.348057,0.323996,0.128931,0.036721
1557,0.348057,0.323996,0.128931,0.036721
1558,0.360109,0.341889,0.131697,0.0379481
1559,0.360109,0.341889,0.131697,0.0379481
1560,0.366735,0.347203,0.13232,0.038539
1561,0.366735,0.347203,0.13232,0.038539
1562,0.363529,0.343165,0.133478,0.0385001
1563,0.363529,0.343165,0.133478,0.0385001
1564,0.37164,0.353694,0.134445,0.0393811
1565,0.374072,0.358983,0.135547,0.0391557
1566,0.374072,0.358983,0.135547,0.0391557
1567,0.374072,0.358983,0.135547,0.0391557
1568,0.410118,0.401568,0.139851,0.042835
1569,0.408332,0.393748,0.137322,0.0425241
1570,0.399121,0.393976,0.140059,0.0415429
1571,0.383107,0.36364,0.134408,0.0401687
1572,0.403623,0.384196,0.136327,0.0426354
1573,0.403623,0.384196,0.136327,0.0426354
1574,0.403623,0.384196,0.136327,0.0426354
1575,0.42025,0.393221,0.134209,0.0449384
1576,0.417639,0.393751,0.135482,0.0442616
1577,0.417639,0.393751,0.135482,0.0442616
1578,0.427355,0.407418,0.137084,0.0452822
1579,0.412911,0.40255,0.138921,0.0435475
1580,0.412911,0.40255,0.138921,0.0435475
1581,0.408852,0.395121,0.137548,0.0429454
1582,0.407959,0.39843,0.138482,0.0428286
1583,0.407959,0.39843,0.138482,0.0428286
1584,0.399604,0.392145,0.139163,0.0418947
1585,0.391222,0.383868,0.139141,0.0412796
1586,0.391222,0.383868,0.139141,0.0412796
1587,0.421552,0.41893,0.142283,0.0440376
1588,0.402337,0.398615,0.141933,0.0421404
1589,0.404259,0.396222,0.139642,0.0425504
1590,0.392636,0.379009,0.137277,0.0411744
1591,0.409127,0.396449,0.13693,0.0429354
1592,0.410584,0.402183,0.140127,0.0430695
1593,0.406698,0.399381,0.14002,0.0427452
1594,0.392942,0.392351,0.142161,0.0414172
1595,0.392942,0.392351,0.142161,0.0414172
1596,0.375212,0.370704,0.13933,0.0397839
1597,0.409544,0.411778,0.143903,0.0433888
1598,0.433506,0.438584,0.145503,0.0456436
1599,0.433506,0.438584,0.145503,0.0456436
1600,0.441517,0.452276,0.148399,0.0464608
1601,0.441517,0.452276,0.148399,0.0464608
1602,0.421639,0.429371,0.145051,0.0444093
1603,0.413407,0.41984,0.144794,0.0432188
1604,0.413407,0.41984,0.144794,0.0432188
1605,0.414212,0.422129,0.14513,0.0432704
1606,0.407811,0.408495,0.142032,0.0427072
1607,0.399643,0.405963,0.144318,0.0416396
1608,0.422154,0.434391,0.148006,0.0438697
1609,0.413175,0.429607,0.150112,0.0431134
1610,0.413175,0.429607,0.150112,0.0431134
1611,0.421693,0.438546,0.150437,0.0440263
1612,0.42064,0.437065,0.148774,0.0438425
1613,0.413026,0.440451,0.153326,0.0429516
1614,0.413026,0.440451,0.153326,0.0429516
1615,0.413026,0.440451,0.153326,0.0429516
1616,0.413026,0.440451,0.153326,0.0429516
1617,0.415138,0.44167,0.152557,0.0433066
1618,0.418511,0.447538,0.154302,0.0436671
1619,0.418511,0.447538,0.154302,0.0436671
1620,0.405733,0.427226,0.150314,0.042214
1621,0.419622,0.437589,0.149369,0.0441682
1622,0.425774,0.438112,0.148328,0.0446281
1623,0.425774,0.438112,0.148328,0.0446281
1624,0.425774,0.438112,0.148328,0.0446281
1625,0.425496,0.44364,0.150504,0.0443281
1626,0.425496,0.44364,0.150504,0.0443281
1627,0.412876,0.427024,0.149236,0.043215
1628,0.418134,0.42298,0.145414,0.0438919
1629,0.432979,0.443089,0.148064,0.0456801
1630,0.432979,0.443089,0.148064,0.0456801
1631,0.430276,0.437556,0.147446,0.0453288
1632,0.416317,0.428305,0.147875,0.0438351
1633,0.416317,0.428305,0.147875,0.0438351
1634,0.401394,0.414864,0.148406,0.0421744
1635,0.401394,0.414864,0.148406,0.0421744
1636,0.388227,0.395608,0.146558,0.0410677
1637,0.400183,0.410301,0.148159,0.0426359
1638,0.400183,0.410301,0.148159,0.0426359
1639,0.410433,0.422373,0.148122,0.0435516
1640,0.382333,0.395085,0.147338,0.0405209
1641,0.38418,0.395217,0.14696,0.0403565
1642,0.374629,0.39023,0.148734,0.0396044
1643,0.374629,0.39023,0.148734,0.0396044
1644,0.374629,0.39023,0.148734,0.0396044
1645,0.374629,0.39023,0.148734,0.0396044
1646,0.374629,0.39023,0.148734,0.0396044
1647,0.373504,0.3891,0.149249,0.0397629
1648,0.373504,0.3891,0.149249,0.0397629
1649,0.403844,0.416377,0.148251,0.0432461
1650,0.403844,0.416377,0.148251,0.0432461
1651,0.394621,0.412739,0.150198,0.0421533
1652,0.395025,0.408505,0.147648,0.0418601
1653,0.395025,0.408505,0.147648,0.0418601
1654,0.395025,0.408505,0.147648,0.0418601
1655,0.40106,0.420993,0.151575,0.0428152
1656,0.40106,0.420993,0.151575,0.0428152
1657,0.404489,0.417295,0.148913,0.0433186
1658,0.401254,0.412128,0.146461,0.0427767
1659,0.402552,0.412416,0.147058,0.0427259
1660,0.402552,0.412416,0.147058,0.0427259
1661,0.402552,0.412416,0.147058,0.0427259
1662,0.399589,0.404179,0.145118,0.0429522
1663,0.398923,0.405011,0.14567,0.0427442
1664,0.394443,0.395422,0.143197,0.042347
1665,0.407194,0.414737,0.14709,0.0439638
1666,0.407194,0.414737,0.14709,0.0439638
1667,0.399674,0.404045,0.145036,0.0431277
1668,0.417727,0.421927,0.146541,0.0447997
1669,0.416302,0.429404,0.149714,0.0448187
1670,0.399151,0.414565,0.148615,0.0427346
1671,0.391581,0.411114,0.150492,0.0416501
1672,0.388965,0.398261,0.145288,0.0419404
1673,0.421005,0.437329,0.149495,0.0453259
1674,0.421005,0.437329,0.149495,0.0453259
1675,0.446357,0.461574,0.152049,0.0480901
1676,0.446357,0.461574,0.152049,0.0480901
1677,0.446357,0.461574,0.152049,0.0480901
1678,0.458296,0.478879,0.153991,0.0493413
1679,0.452032,0.476217,0.154119,0.0486335
1680,0.433356,0.4612,0.154385,0.0464763
1681,0.433356,0.4612,0.154385,0.0464763
1682,0.428798,0.463208,0.157285,0.0458785
1683,0.406436,0.43486,0.153744,0.0434444
1684,0.393468,0.430885,0.156747,0.041638
1685,0.390297,0.431317,0.157797,0.0408443
1686,0.390297,0.431317,0.157797,0.0408443
1687,0.380801,0.422217,0.158089,0.0398191
1688,0.401811,0.440733,0.157305,0.041947
1689,0.380702,0.408965,0.153354,0.0398345
1690,0.410848,0.455558,0.160611,0.0431481
1691,0.406815,0.449934,0.160829,0.0425813
1692,0.420758,0.466231,0.161689,0.0440528
1693,0.411558,0.449308,0.157641,0.0431284
1694,0.432826,0.472891,0.158766,0.045396
1695,0.424039,0.453586,0.154815,0.0448977
1696,0.427492,0.471193,0.159728,0.0449249
1697,0.409973,0.450485,0.158536,0.0430857
1698,0.398552,0.4237,0.153162,0.0419258
1699,0.398552,0.4237,0.153162,0.0419258
1700,0.422666,0.454252,0.155748,0.0445696
1701,0.412361,0.436888,0.15238,0.043654
1702,0.41088,0.43118,0.151621,0.0437452
1703,0.41318,0.420166,0.146321,0.0440004
1704,0.41318,0.420166,0.146321,0.0440004
1705,0.416343,0.427219,0.148784,0.0445029
1706,0.418963,0.434489,0.149765,0.0446203
1707,0.403427,0.419089,0.148949,0.0427039
1708,0.403604,0.421568,0.150742,0.042898
1709,0.412045,0.440799,0.155199,0.0440551
1710,0.40543,0.439779,0.156832,0.0429959
1711,0.38889,0.413268,0.152541,0.0411648
1712,0.387768,0.417766,0.154561,0.0414207
1713,0.387768,0.417766,0.154561,0.0414207
1714,0.387768,0.417766,0.154561,0.0414207
1715,0.400655,0.423247,0.151659,0.0427262
1716,0.393613,0.412711,0.150616,0.0424085
1717,0.393613,0.412711,0.150616,0.0424085
1718,0.393613,0.412711,0.150616,0.0424085
1719,0.393613,0.412711,0.150616,0.0424085
1720,0.387474,0.407338,0.150013,0.0416797
