ReTr(L),ImTr(L)
0.335964,0.848222
0.335964,0.848222
0.335964,0.848222
0.335964,0.848222
0.335964,0.848222
0.318458,0.864661
0.321685,0.859215
0.317003,0.862555
0.325294,0.860756
0.322816,0.86152
0.328795,0.860058
0.338835,0.850395
0.334657,0.858291
0.329605,0.855544
0.358716,0.841093
0.358754,0.84662
0.368273,0.841104
0.390846,0.827429
0.363725,0.840545
0.3862,0.829926
0.382396,0.831305
0.397959,0.823916
0.386842,0.831357
0.378274,0.835072
0.391767,0.828429
0.391767,0.828429
0.407599,0.821453
0.436557,0.805183
0.461754,0.792625
0.438066,0.805122
0.423059,0.806218
0.425851,0.809721
0.398675,0.820554
0.414166,0.811233
0.415511,0.809845
0.387714,0.823932
0.355275,0.843551
0.313531,0.860521
0.330466,0.849927
0.314729,0.855526
0.294864,0.862404
0.269135,0.872757
0.234454,0.882366
0.26566,0.872089
0.26566,0.872089
0.289625,0.865189
0.227679,0.87896
0.213833,0.885039
0.270705,0.867186
0.252591,0.879147
0.24119,0.877386
0.273547,0.869259
0.271705,0.871232
0.266933,0.869861
0.30272,0.861296
0.309208,0.855639
0.26789,0.872274
0.272562,0.868686
0.290774,0.866154
0.289133,0.8601
0.277265,0.868839
0.265952,0.871394
0.265952,0.871394
0.265952,0.871394
0.252519,0.876123
0.248376,0.869204
0.265122,0.875541
0.245994,0.875934
0.251159,0.87422
0.251159,0.87422
0.251159,0.87422
0.275526,0.86519
0.275526,0.86519
0.273899,0.865369
0.27607,0.866954
0.25278,0.87911
0.237547,0.875842
0.261709,0.869371
0.250151,0.873376
0.246381,0.872875
0.246381,0.872875
0.222175,0.886423
0.252785,0.873653
0.252785,0.873653
0.269745,0.868565
0.269168,0.867364
0.344569,0.845284
0.344569,0.845284
0.344569,0.845284
0.344569,0.845284
0.361409,0.836939
0.335161,0.843714
0.335161,0.843714
0.335161,0.843714
0.335161,0.843714
0.335161,0.843714
0.335161,0.843714
0.36256,0.837955
0.368341,0.8327
0.321571,0.851066
0.288702,0.865076
0.30014,0.853144
0.30014,0.853144
0.304046,0.860047
0.25283,0.872106
0.268869,0.867861
0.282965,0.856886
0.265983,0.868707
0.243541,0.876489
0.204524,0.885876
0.21158,0.881452
0.205471,0.882471
0.204979,0.884305
0.235479,0.88097
0.24159,0.875152
0.23819,0.872936
0.244353,0.870979
0.244353,0.870979
0.244353,0.870979
0.244353,0.870979
0.251528,0.869193
0.21466,0.885417
0.21466,0.885417
0.216776,0.877674
0.185799,0.88947
0.170962,0.890304
0.170962,0.890304
0.170962,0.890304
0.150141,0.898046
0.150141,0.898046
0.131689,0.899726
0.126065,0.899479
0.120879,0.89843
0.120879,0.89843
0.137281,0.895332
0.160725,0.895219
0.162534,0.89508
0.172008,0.888363
0.154943,0.891545
0.16588,0.891004
0.152441,0.894075
0.169614,0.88563
0.167612,0.883575
0.167612,0.883575
0.135041,0.892785
0.15098,0.890293
0.15098,0.890293
0.15098,0.890293
0.16177,0.891988
0.16177,0.891988
0.203289,0.882678
0.193704,0.879589
0.236623,0.871664
0.236623,0.871664
0.192861,0.88144
0.192694,0.879282
0.21752,0.877262
0.220324,0.8761
0.219571,0.879736
0.209223,0.880665
0.209375,0.885574
0.142536,0.895664
0.162976,0.888621
0.200075,0.880753
0.200075,0.880753
0.200075,0.880753
0.211014,0.878389
0.235609,0.873584
0.235609,0.873584
0.227467,0.87898
0.220944,0.87597
0.220944,0.87597
0.237535,0.872278
0.237535,0.872278
0.219139,0.873665
0.22219,0.876774
0.207924,0.877825
0.184103,0.883385
0.181311,0.883502
0.181311,0.883502
0.181311,0.883502
0.170851,0.88744
0.170851,0.88744
0.199424,0.88098
0.220307,0.874267
0.247603,0.870777
0.235747,0.871366
0.230068,0.866895
0.230068,0.866895
0.208885,0.88137
0.196967,0.879631
0.196967,0.879631
0.222555,0.873591
0.222555,0.873591
0.15492,0.891765
0.133481,0.890999
0.145216,0.893695
0.175987,0.886599
0.172886,0.886824
0.177322,0.88905
0.192409,0.882567
0.184853,0.882855
0.184853,0.882855
0.184853,0.882855
0.160628,0.890234
0.161139,0.889863
0.157131,0.890449
0.128232,0.896317
0.11247,0.896713
0.101344,0.899713
0.135426,0.895694
0.145084,0.894153
0.145084,0.894153
0.166944,0.888305
0.152504,0.89325
0.149248,0.889321
0.180664,0.887478
0.163876,0.890996
0.171271,0.884889
0.151925,0.883769
0.175919,0.885846
0.196854,0.881055
0.200974,0.884729
0.210211,0.883117
0.21241,0.885615
0.203962,0.882915
0.203962,0.882915
0.203962,0.882915
0.183065,0.88872
0.223141,0.880565
0.244214,0.875012
0.251597,0.873391
0.233692,0.873429
0.228132,0.872677
0.228132,0.872677
0.244995,0.874495
0.244995,0.874495
0.244995,0.874495
0.244995,0.874495
0.296211,0.860121
0.300166,0.853363
0.300166,0.853363
0.279678,0.858862
0.279678,0.858862
0.311319,0.847287
0.311319,0.847287
0.319766,0.84211
0.279581,0.858346
0.300243,0.852715
0.306986,0.847272
0.306986,0.847272
0.308111,0.846427
0.308111,0.846427
0.308111,0.846427
0.313227,0.850734
0.313227,0.850734
0.311275,0.846257
0.34416,0.839505
0.34416,0.839505
0.343356,0.832369
0.320845,0.847394
0.283659,0.856966
0.276641,0.85723
0.271145,0.861599
0.271145,0.861599
0.256094,0.86952
0.256094,0.86952
0.227294,0.873097
0.219529,0.877351
0.209308,0.878073
0.209308,0.878073
0.208146,0.887805
0.217314,0.878045
0.183325,0.886769
0.221548,0.8741
0.243429,0.864058
0.243429,0.864058
0.255916,0.862835
0.255916,0.862835
0.245536,0.864451
0.236178,0.865326
0.236934,0.870164
0.233076,0.869742
0.233076,0.869742
0.245096,0.862019
0.245096,0.862019
0.245096,0.862019
0.245096,0.862019
0.225966,0.879472
0.225966,0.879472
0.1991,0.882657
0.182965,0.883853
0.182965,0.883853
0.186494,0.881012
0.188018,0.877692
0.238391,0.87425
0.238391,0.87425
0.253244,0.867034
0.228832,0.877748
0.224859,0.878711
0.224859,0.878711
0.219205,0.876195
0.208665,0.882654
0.200293,0.884076
0.200851,0.884984
0.184644,0.8853
0.184644,0.8853
0.191885,0.888655
0.173212,0.891619
0.169339,0.883875
0.181589,0.880957
0.181589,0.880957
0.170348,0.885866
0.191511,0.881733
0.208556,0.879311
0.214616,0.87658
0.227869,0.874856
0.210441,0.881289
0.210441,0.881289
0.18788,0.888399
0.18788,0.888399
0.18788,0.888399
0.18788,0.888399
0.18788,0.888399
0.179946,0.885885
0.194603,0.886844
0.194603,0.886844
0.194603,0.886844
0.196093,0.884459
0.196093,0.884459
0.175407,0.882186
0.175407,0.882186
0.170195,0.888051
0.150948,0.89321
0.190646,0.884881
0.191161,0.884572
0.223905,0.872152
0.201568,0.883718
0.207406,0.881082
0.18493,0.88591
0.17733,0.887149
0.142857,0.889232
0.142857,0.889232
0.117754,0.897391
0.159952,0.889024
0.128598,0.896323
0.111338,0.89599
0.111338,0.89599
0.111338,0.89599
0.109259,0.897701
0.120479,0.897029
0.13265,0.896165
0.132234,0.891871
0.132234,0.891871
0.132234,0.891871
0.132234,0.891871
0.107902,0.899643
0.107902,0.899643
0.107902,0.899643
0.101964,0.8971
0.0758183,0.898789
0.0670705,0.901547
0.0670705,0.901547
0.0833711,0.895914
0.0373749,0.907155
0.0373749,0.907155
0.0352582,0.900654
0.0449586,0.904848
0.0388696,0.905591
0.0175524,0.904064
0.0274321,0.90847
0.0416788,0.905016
0.0416788,0.905016
0.0634747,0.902865
0.03521,0.905831
0.03521,0.905831
0.0359306,0.900258
0.0672438,0.900861
0.097597,0.893406
0.097597,0.893406
0.097597,0.893406
0.115576,0.894972
0.149267,0.89024
0.161667,0.891461
0.154518,0.889291
0.184971,0.884496
0.184971,0.884496
0.20074,0.879909
0.188883,0.884728
0.190936,0.881857
0.190936,0.881857
0.190936,0.881857
0.190936,0.881857
0.179509,0.884019
0.179509,0.884019
0.17851,0.88307
0.17851,0.88307
0.123154,0.897643
0.123154,0.897643
0.13373,0.892465
0.14426,0.889191
0.151867,0.885947
0.169465,0.881132
0.180941,0.883707
0.180941,0.883707
0.208904,0.875583
0.205986,0.881666
0.253733,0.862721
0.267941,0.864179
0.281216,0.859366
0.271489,0.862536
0.26155,0.860308
0.26155,0.860308
0.275469,0.85993
0.263892,0.860448
0.263892,0.860448
0.263892,0.860448
0.270421,0.859826
0.25794,0.864631
0.246168,0.868542
0.246168,0.868542
0.253841,0.86604
0.253841,0.86604
0.266816,0.858527
0.265645,0.859319
0.234825,0.869559
0.237355,0.868325
0.234965,0.873915
0.23396,0.869027
0.254678,0.862537
0.243218,0.870621
0.243218,0.870621
0.272904,0.860401
0.255585,0.864365
0.22773,0.872486
0.233401,0.877564
0.211545,0.880219
0.211545,0.880219
0.211545,0.880219
0.229878,0.873212
0.209455,0.876684
0.16774,0.889444
0.165015,0.889018
0.121934,0.892374
0.124696,0.891916
0.116664,0.893062
0.159605,0.889534
0.159605,0.889534
0.177905,0.881686
0.177905,0.881686
0.150204,0.891116
0.136181,0.8853
0.106113,0.894848
0.104796,0.894544
0.104796,0.894544
0.104796,0.894544
0.12687,0.894212
0.12687,0.894212
0.12687,0.894212
0.129365,0.898369
0.12592,0.895465
0.12592,0.895465
0.123465,0.896749
0.110266,0.893138
0.164381,0.888529
0.164381,0.888529
0.164381,0.888529
0.164381,0.888529
0.164381,0.888529
0.164381,0.888529
0.176967,0.881834
0.155177,0.883795
0.155177,0.883795
0.155177,0.883795
0.15589,0.882291
0.160658,0.885707
0.160658,0.885707
0.160658,0.885707
0.15688,0.89045
0.165329,0.888734
0.165329,0.888734
0.173052,0.88329
0.176306,0.884968
0.195238,0.879246
0.197839,0.883476
0.2191,0.878069
0.194178,0.877904
0.194178,0.877904
0.21443,0.880703
0.224142,0.8732
0.240675,0.871695
0.24004,0.873244
0.264915,0.862069
0.264915,0.862069
0.264915,0.862069
0.26689,0.862321
0.247388,0.868995
0.211952,0.875927
0.208725,0.878399
0.184324,0.889119
0.159601,0.888851
0.141985,0.891866
0.17623,0.886915
0.175898,0.890877
0.186957,0.884194
0.171318,0.893907
0.171318,0.893907
0.171318,0.893907
0.171318,0.893907
0.171318,0.893907
0.138909,0.894693
0.165167,0.893092
0.179645,0.886498
0.179645,0.886498
0.159459,0.891741
0.122875,0.900112
0.122875,0.900112
0.0981875,0.897426
0.131522,0.893525
0.131522,0.893525
0.131522,0.893525
0.141285,0.891652
0.141285,0.891652
0.149413,0.891719
0.171233,0.886672
0.206459,0.880792
0.200043,0.882514
0.200043,0.882514
0.165026,0.889652
0.165026,0.889652
0.179122,0.890115
0.144559,0.891352
0.133174,0.896238
0.115991,0.892875
0.121951,0.894273
0.137064,0.896364
0.137064,0.896364
0.156825,0.889391
0.156825,0.889391
0.163781,0.887948
0.163781,0.887948
0.188408,0.874171
0.156883,0.888317
0.22436,0.870128
0.22436,0.870128
0.204866,0.876764
0.204866,0.876764
0.204866,0.876764
0.208143,0.871454
0.229524,0.870944
0.229524,0.870944
0.247537,0.862664
0.23171,0.870164
0.23171,0.870164
0.226906,0.877601
0.221746,0.875196
0.221653,0.875079
0.179959,0.88731
0.161546,0.887338
0.181041,0.8792
0.214156,0.873859
0.236721,0.865507
0.254348,0.866635
0.254348,0.866635
0.2454,0.86602
0.2454,0.86602
0.210595,0.874733
0.210595,0.874733
0.209767,0.87704
0.170136,0.883475
0.175498,0.88168
0.175498,0.88168
0.169624,0.891046
0.169624,0.891046
0.169624,0.891046
0.161098,0.892756
0.161098,0.892756
0.169136,0.889125
0.169136,0.889125
0.145431,0.889217
0.145431,0.889217
0.14689,0.89301
0.179026,0.889351
0.173489,0.8861
0.141847,0.895391
0.116748,0.895834
0.120058,0.892227
0.120058,0.892227
0.120058,0.892227
0.120058,0.892227
0.112653,0.898836
0.112653,0.898836
0.127773,0.897924
0.140266,0.894976
0.0816696,0.901288
0.0520319,0.901531
0.0520319,0.901531
0.0399145,0.902436
0.0406834,0.900681
-0.0129186,0.902327
-0.0185106,0.899482
0.0114818,0.903034
0.0114818,0.903034
0.0114818,0.903034
0.0114818,0.903034
0.00588909,0.90515
0.00588909,0.90515
-0.00553414,0.90295
0.0217371,0.901536
0.0567306,0.898898
0.0567306,0.898898
0.0534803,0.900971
0.0622226,0.901877
0.0622226,0.901877
0.0810122,0.894951
0.0810122,0.894951
0.0723251,0.895691
0.104775,0.895349
0.148655,0.890076
0.157585,0.887861
0.137186,0.89407
0.137186,0.89407
0.137186,0.89407
0.165344,0.886957
0.15913,0.888751
0.15913,0.888751
0.151859,0.889514
0.130491,0.89004
0.152729,0.889846
0.152729,0.889846
0.152729,0.889846
0.152729,0.889846
0.152932,0.896319
0.152932,0.896319
0.171229,0.885611
0.171229,0.885611
0.150501,0.891999
0.128356,0.894617
0.113596,0.892983
0.10278,0.897715
0.10278,0.897715
0.10278,0.897715
0.10278,0.897715
0.10278,0.897715
0.141352,0.892116
0.162419,0.890756
0.154445,0.887665
0.187505,0.88867
0.163619,0.889657
0.179147,0.884458
0.150936,0.892652
0.0936496,0.896266
0.107884,0.895796
0.146558,0.886989
0.153954,0.885741
0.202961,0.877665
0.202961,0.877665
0.196387,0.878785
0.196387,0.878785
0.153025,0.8875
0.153025,0.8875
0.153025,0.8875
0.115773,0.889596
0.147165,0.886288
0.154336,0.892684
0.136255,0.890423
0.170192,0.886224
0.115921,0.895877
0.115921,0.895877
0.115921,0.895877
0.115921,0.895877
0.0903107,0.894938
0.0903107,0.894938
0.112248,0.895181
0.0608865,0.901478
0.058584,0.900049
0.00271563,0.908665
-0.038298,0.90641
-0.0292116,0.903606
-0.0159046,0.899655
-0.0247214,0.901526
0.0179331,0.905312
0.0179331,0.905312
0.0177294,0.902265
-0.00479056,0.902241
0.00687408,0.899994
0.0100816,0.896749
0.0100816,0.896749
0.0100816,0.896749
-0.022667,0.897417
-0.022667,0.897417
-0.022667,0.897417
-0.022667,0.897417
-0.028934,0.898565
-0.046468,0.896352
-0.0478102,0.890716
-0.0316479,0.895741
-0.0316479,0.895741
-0.0316479,0.895741
-0.0217593,0.899282
-0.0217593,0.899282
-0.0200125,0.89995
-0.0320099,0.904704
-0.0320099,0.904704
-0.0573756,0.901582
-0.0758385,0.898519
-0.0758385,0.898519
-0.0976,0.899665
-0.090202,0.900343
-0.090202,0.900343
-0.090202,0.900343
-0.086825,0.896942
-0.0823966,0.899962
-0.134436,0.888062
-0.124437,0.895689
-0.124437,0.895689
-0.11731,0.893989
-0.11731,0.893989
-0.11731,0.893989
-0.11731,0.893989
-0.11731,0.893989
-0.122736,0.896251
-0.111696,0.898246
-0.0730326,0.900925
-0.0601886,0.900099
-0.106404,0.892286
-0.11606,0.891974
-0.11606,0.891974
-0.123579,0.890845
-0.133843,0.892145
-0.133843,0.892145
-0.133843,0.892145
-0.15214,0.888103
-0.144577,0.893994
-0.132807,0.893247
-0.0889143,0.894935
-0.102694,0.896076
-0.0828029,0.899027
-0.0828029,0.899027
-0.0828029,0.899027
-0.0823631,0.897818
-0.0823631,0.897818
-0.0711666,0.89774
-0.0933699,0.894519
-0.0551471,0.900615
-0.0832534,0.894986
-0.0832534,0.894986
-0.0540723,0.899124
-0.0412908,0.901644
-0.0280585,0.905573
-0.0280585,0.905573
-0.0480536,0.900449
-0.054463,0.900899
-0.0938659,0.895217
-0.0942812,0.89063
-0.133135,0.884796
-0.128685,0.891951
-0.0882012,0.899244
-0.0679893,0.902495
-0.0679893,0.902495
-0.0679893,0.902495
-0.090995,0.898056
-0.122592,0.898243
-0.128966,0.897089
-0.128966,0.897089
-0.128966,0.897089
-0.132087,0.889288
-0.132087,0.889288
-0.132087,0.889288
-0.157324,0.885657
-0.175451,0.879051
-0.174542,0.887295
-0.149253,0.888976
-0.158472,0.890006
-0.158472,0.890006
-0.170228,0.886564
-0.156099,0.88574
-0.134246,0.893799
-0.134246,0.893799
-0.12224,0.895315
-0.118179,0.890929
-0.082241,0.901293
-0.082241,0.901293
-0.082241,0.901293
-0.104162,0.896726
-0.104162,0.896726
-0.110522,0.891809
-0.112122,0.893431
-0.112122,0.893431
-0.104033,0.89516
-0.0852704,0.899876
-0.112401,0.898919
-0.124603,0.894634
-0.124603,0.894634
-0.124603,0.894634
-0.14712,0.885864
-0.142055,0.887581
-0.171406,0.884892
-0.142423,0.888643
-0.142423,0.888643
-0.135161,0.892819
-0.135161,0.892819
-0.127938,0.888945
-0.127938,0.888945
-0.134063,0.893454
-0.140701,0.890787
-0.138772,0.893204
-0.166179,0.882264
-0.161087,0.880776
-0.169111,0.887663
-0.196181,0.877625
-0.181753,0.879655
-0.181753,0.879655
-0.23405,0.871134
-0.23405,0.871134
-0.236561,0.871946
-0.223221,0.866946
-0.209094,0.874881
-0.216811,0.875285
-0.210567,0.87591
-0.206271,0.870601
-0.194623,0.874194
-0.176164,0.877578
-0.159977,0.881259
-0.135659,0.881974
-0.0893271,0.89043
-0.0500511,0.894746
-0.0365221,0.898829
-0.0442684,0.899311
-0.0442684,0.899311
-0.0442684,0.899311
-0.0105672,0.896116
0.0184635,0.896574
0.0153778,0.893114
0.0766555,0.89169
0.0197275,0.899469
0.0276843,0.900616
0.0593706,0.899133
0.0593706,0.899133
0.0642829,0.897352
0.0577517,0.901652
0.0617979,0.897444
0.0237509,0.9035
0.0237509,0.9035
0.0237509,0.9035
0.0518096,0.903632
0.0383811,0.901414
0.0350255,0.897924
0.051408,0.899945
0.051408,0.899945
0.051408,0.899945
0.0639918,0.902681
0.0672966,0.89956
0.0672966,0.89956
0.0809414,0.894294
0.0809414,0.894294
0.0446,0.897095
0.0446,0.897095
0.0927122,0.897552
0.0927122,0.897552
0.0626539,0.898216
0.0621109,0.893011
0.0834561,0.898229
0.0456194,0.902199
0.0456194,0.902199
0.0793066,0.896613
0.0837258,0.891316
0.0505566,0.894992
0.0486173,0.897175
0.0273459,0.898195
0.0207271,0.89906
0.026975,0.901683
0.025533,0.902999
0.0380314,0.903621
-0.0070624,0.902919
0.0156584,0.904896
0.0135071,0.900796
0.0265275,0.905367
0.0265275,0.905367
0.0361312,0.901813
0.0361312,0.901813
0.0361312,0.901813
0.0361312,0.901813
0.0361312,0.901813
0.0147603,0.903785
-0.00414718,0.895054
-0.023897,0.902424
-0.0203021,0.902325
-0.0203021,0.902325
-0.0254555,0.89937
-0.0254555,0.89937
-0.0254555,0.89937
-0.019022,0.897151
-0.019022,0.897151
-0.0102703,0.897475
0.0147812,0.901003
0.0160243,0.903451
0.0160243,0.903451
0.0160243,0.903451
0.0109765,0.8998
-0.00271841,0.901051
-0.00271841,0.901051
0.0122158,0.896491
0.0122158,0.896491
0.0122158,0.896491
0.0122158,0.896491
0.0531414,0.895672
0.0531414,0.895672
0.0531414,0.895672
0.0504366,0.895229
0.0504366,0.895229
0.0629196,0.898736
0.0726464,0.89495
0.0726464,0.89495
0.0744071,0.890289
0.0691251,0.898073
0.0691251,0.898073
0.0951901,0.89988
0.0792516,0.89955
0.062288,0.899959
0.0776877,0.896296
0.0776877,0.896296
0.0766706,0.89452
0.0801537,0.898754
0.0802481,0.900661
0.0616336,0.896314
0.0616336,0.896314
0.0616336,0.896314
0.0870468,0.89844
0.104195,0.898591
0.0990356,0.894955
0.102387,0.896548
0.102387,0.896548
0.102387,0.896548
0.0859397,0.90042
0.0859397,0.90042
0.0786619,0.896294
0.0786619,0.896294
0.104899,0.898406
0.0777193,0.901476
0.09218,0.898998
0.09218,0.898998
0.09218,0.898998
0.0593695,0.89913
0.0773834,0.899721
0.0773834,0.899721
0.0515668,0.898332
6.62965e-05,0.901064
0.0367355,0.901474
0.0367355,0.901474
0.0500538,0.897524
0.05811,0.900208
0.0578313,0.900391
0.0271185,0.903524
0.06013,0.897594
0.0476066,0.904665
0.0180299,0.902426
0.02251,0.90081
0.0237256,0.895835
0.0237256,0.895835
0.0526544,0.900698
-0.00572953,0.900706
-0.000499094,0.902364
0.0267624,0.900789
0.0437157,0.900354
0.0212659,0.903065
0.0212659,0.903065
0.0114019,0.904469
-0.0347099,0.898509
-0.0347099,0.898509
-0.0194155,0.903147
-0.0194155,0.903147
-0.0275176,0.904565
-0.0275176,0.904565
-0.00100513,0.903246
-0.00854605,0.902776
-0.00854605,0.902776
-0.00854605,0.902776
0.0209539,0.900915
0.0608524,0.897436
0.0608524,0.897436
0.0608524,0.897436
0.0620581,0.898358
0.0620581,0.898358
0.0669526,0.898356
0.0679335,0.897285
0.0679335,0.897285
0.0404995,0.901299
0.0298416,0.902415
0.0298416,0.902415
0.0201014,0.902238
0.0291752,0.902269
0.0482545,0.900107
0.0482545,0.900107
0.043192,0.904934
0.043192,0.904934
0.0407139,0.904515
0.0405055,0.902255
0.0350775,0.901937
0.0350775,0.901937
0.0240351,0.904894
0.0380886,0.905989
0.0316095,0.906364
0.0434706,0.903349
0.0094966,0.906095
0.0409181,0.903223
0.0721905,0.897011
0.0721905,0.897011
0.0721905,0.897011
0.0703219,0.895855
0.0703219,0.895855
0.0448327,0.89423
0.0577149,0.89312
0.0623693,0.893323
0.0768502,0.891945
0.0768502,0.891945
0.0768502,0.891945
0.0845354,0.897933
0.0994415,0.901602
0.0779004,0.904196
0.0779004,0.904196
0.0779004,0.904196
0.0818578,0.89396
0.0764774,0.897243
0.0904929,0.89847
0.082634,0.898587
0.118926,0.900883
0.118926,0.900883
0.10815,0.897898
0.125955,0.891094
0.14088,0.887763
0.120222,0.889441
0.13305,0.890851
0.085322,0.892836
0.086811,0.902604
0.0718099,0.901057
0.0720989,0.897695
0.0970886,0.899116
0.0970886,0.899116
0.0952623,0.89613
0.0952623,0.89613
0.0670167,0.895066
0.0670167,0.895066
0.0559606,0.899861
0.0539242,0.903334
0.0539242,0.903334
0.0332127,0.900884
0.0332127,0.900884
0.0184496,0.904109
0.0089284,0.901255
0.00765485,0.898551
0.0199176,0.901726
0.0199176,0.901726
0.0458624,0.900636
0.0365424,0.903345
0.0464426,0.904192
0.0464426,0.904192
0.0464426,0.904192
0.0464426,0.904192
0.0820073,0.899201
0.0582734,0.902726
0.0934869,0.897964
0.124936,0.891595
0.0814938,0.894925
0.0814938,0.894925
0.0572565,0.899602
0.0280885,0.896526
0.0280885,0.896526
0.011247,0.900495
0.0262429,0.895694
0.059396,0.897449
0.126562,0.892955
0.126562,0.892955
0.136096,0.884965
0.136744,0.886761
0.159384,0.887529
0.146509,0.889856
0.164337,0.8867
0.164337,0.8867
0.164337,0.8867
0.164337,0.8867
0.164337,0.8867
0.141432,0.886981
0.141432,0.886981
0.141432,0.886981
0.141432,0.886981
0.139686,0.886699
0.139686,0.886699
0.120932,0.890639
0.105622,0.895798
0.103553,0.88602
0.103553,0.88602
0.11763,0.887675
0.0539377,0.895129
0.077428,0.890274
0.08156,0.88879
0.0925008,0.893274
0.0860947,0.893813
0.0860947,0.893813
0.0566269,0.899012
0.109311,0.90006
0.109311,0.90006
0.108636,0.894409
0.121995,0.889525
0.162447,0.883826
0.162447,0.883826
0.181102,0.884267
0.198784,0.881669
0.198784,0.881669
0.181113,0.8856
0.150062,0.884959
0.135683,0.890082
0.158644,0.886971
0.146871,0.892602
0.143737,0.890046
0.141804,0.888169
0.126065,0.89113
0.126065,0.89113
0.126065,0.89113
0.119306,0.89536
0.119306,0.89536
0.122456,0.895253
0.093321,0.900949
0.0889791,0.901877
0.0471234,0.901763
0.0423518,0.903924
0.0423518,0.903924
0.0690661,0.894813
0.0690661,0.894813
0.0441555,0.895744
0.0765465,0.898041
0.0945511,0.898376
0.0945511,0.898376
0.131904,0.88926
0.131904,0.88926
0.119913,0.891845
0.119913,0.891845
0.169611,0.883596
0.169611,0.883596
0.164149,0.886713
0.164149,0.886713
0.164149,0.886713
0.187551,0.879791
0.179968,0.88441
0.206726,0.875681
0.206726,0.875681
0.241635,0.86228
0.229412,0.868749
0.229412,0.868749
0.229412,0.868749
0.245244,0.862779
0.245244,0.862779
0.245244,0.862779
0.245244,0.862779
0.256965,0.867829
0.256965,0.867829
0.233701,0.874557
0.297872,0.848255
0.295419,0.853454
0.295419,0.853454
0.295419,0.853454
0.282025,0.85467
0.282025,0.85467
0.299391,0.849256
0.299391,0.849256
0.325695,0.838294
0.325695,0.838294
0.325695,0.838294
0.310273,0.844826
0.310273,0.844826
0.310273,0.844826
0.287346,0.851011
0.279034,0.852607
0.285863,0.85285
0.304805,0.854604
0.320954,0.843614
0.299865,0.850779
0.299865,0.850779
0.299865,0.850779
0.317925,0.847533
0.329377,0.842853
0.36961,0.820851
0.36961,0.820851
0.352821,0.834844
0.355942,0.832082
0.363645,0.827019
0.347636,0.830774
0.340612,0.834765
0.340612,0.834765
0.340612,0.834765
0.340612,0.834765
0.332241,0.84125
0.300994,0.851225
0.300994,0.851225
0.295909,0.847245
0.295909,0.847245
0.243314,0.866534
0.243314,0.866534
0.243314,0.866534
0.242271,0.86812
0.242271,0.86812
0.251061,0.864552
0.234251,0.874075
0.256931,0.86323
0.256931,0.86323
0.256931,0.86323
0.26958,0.860649
0.269363,0.859604
0.249204,0.867711
0.249204,0.867711
0.260801,0.865296
0.283955,0.859105
0.283955,0.859105
0.283955,0.859105
0.283955,0.859105
0.283955,0.859105
0.256719,0.86271
0.263119,0.86463
0.273029,0.860742
0.286509,0.859675
0.286509,0.859675
0.286509,0.859675
0.270211,0.861559
0.235664,0.874452
0.240613,0.867689
0.24034,0.863599
0.221571,0.872023
0.247639,0.861592
0.287651,0.851776
0.287651,0.851776
0.278637,0.859976
0.292337,0.847579
0.268911,0.857202
0.268911,0.857202
0.254601,0.865521
0.282301,0.854191
0.300516,0.851904
0.254849,0.866818
0.268211,0.863526
0.268211,0.863526
0.270816,0.860197
0.262984,0.862995
0.262981,0.86405
0.282087,0.856762
0.303545,0.849594
0.303545,0.849594
0.332465,0.83549
0.340261,0.83586
0.340261,0.83586
0.331371,0.840556
0.364216,0.825494
0.355857,0.822769
0.355857,0.822769
0.355857,0.822769
0.327628,0.839878
0.327628,0.839878
0.302429,0.850049
0.302429,0.850049
0.302429,0.850049
0.287649,0.851947
0.27508,0.859525
0.281091,0.856248
0.281091,0.856248
0.281091,0.856248
0.281091,0.856248
0.286451,0.855322
0.302726,0.85015
0.305466,0.845219
0.314049,0.842291
0.33209,0.838503
0.377999,0.818693
0.370937,0.823454
0.363925,0.823461
0.354274,0.827366
0.349444,0.836126
0.308444,0.848859
0.326264,0.842946
0.370866,0.824152
0.400279,0.808652
0.400279,0.808652
0.372555,0.820462
0.33227,0.835016
0.33227,0.835016
0.306945,0.846159
0.306945,0.846159
0.292007,0.846904
0.292007,0.846904
0.285952,0.850006
0.262572,0.864551
0.262572,0.864551
0.262572,0.864551
0.210452,0.880352
0.216548,0.878384
0.19266,0.881694
0.162648,0.884264
0.157474,0.888675
0.175284,0.880981
0.203228,0.877434
0.203228,0.877434
0.167712,0.886414
0.14913,0.887816
0.143246,0.888267
0.155374,0.888073
0.177275,0.881989
0.185913,0.882219
0.185913,0.882219
0.193775,0.880792
0.225483,0.870657
0.221424,0.874687
0.221424,0.874687
0.243176,0.859551
0.231964,0.864281
0.231964,0.864281
0.233589,0.870417
0.190158,0.878999
0.190158,0.878999
0.186599,0.883935
0.186599,0.883935
0.188639,0.882694
0.185484,0.8796
0.185484,0.8796
0.185484,0.8796
0.200825,0.878466
0.171311,0.885366
0.181026,0.883325
0.194552,0.88328
0.194552,0.88328
0.1886,0.884424
0.1886,0.884424
0.216578,0.87401
0.216578,0.87401
0.205012,0.875066
0.205012,0.875066
0.18303,0.881968
0.197946,0.878772
0.221002,0.869591
0.221002,0.869591
0.216204,0.873625
0.234199,0.867084
0.224559,0.868815
0.235453,0.866004
0.235453,0.866004
0.255947,0.860536
0.261684,0.859738
0.289334,0.849554
0.301199,0.840381
0.318259,0.841211
0.299155,0.849429
0.320051,0.843037
0.332143,0.838974
0.332143,0.838974
0.332143,0.838974
0.323436,0.843117
0.325026,0.836065
0.325026,0.836065
0.32966,0.834318
0.364777,0.82065
0.365084,0.81967
0.363269,0.814791
0.363269,0.814791
0.358729,0.822331
0.358729,0.822331
0.358729,0.822331
0.359919,0.823656
0.352585,0.826104
0.324324,0.835283
0.324324,0.835283
0.348272,0.828838
0.373982,0.816461
0.369265,0.818653
0.394059,0.8112
0.379657,0.816785
0.377614,0.823741
0.377614,0.823741
0.377925,0.81657
0.377925,0.81657
0.377925,0.81657
0.360988,0.827881
0.330241,0.839439
0.35116,0.833875
0.35116,0.833875
0.35116,0.833875
0.35116,0.833875
0.368446,0.820284
0.399046,0.810855
0.387729,0.812689
0.39913,0.811975
0.406135,0.804184
0.378899,0.816762
0.389571,0.805094
0.389571,0.805094
0.389571,0.805094
0.391144,0.81037
0.408963,0.799934
0.384933,0.816999
0.332736,0.838021
0.321685,0.84038
0.321685,0.84038
0.362831,0.822055
0.35101,0.818483
0.35101,0.818483
0.342275,0.824855
0.339754,0.833958
0.339754,0.833958
0.352949,0.825699
0.359059,0.826257
0.380983,0.818002
0.380983,0.818002
0.380983,0.818002
0.381179,0.822257
0.395059,0.808156
0.395059,0.808156
0.395059,0.808156
0.395059,0.808156
0.405878,0.808276
0.40733,0.802824
0.40733,0.802824
0.411686,0.803536
0.411686,0.803536
0.411686,0.803536
0.4032,0.804179
0.4032,0.804179
0.415101,0.804799
0.434369,0.790775
0.434369,0.790775
0.434369,0.790775
0.434369,0.790775
0.434369,0.790775
0.448524,0.783247
0.448524,0.783247
0.462413,0.774737
0.45805,0.774513
0.45805,0.774513
0.45805,0.774513
0.45805,0.774513
0.47338,0.764949
0.496494,0.749349
0.50663,0.749621
0.50663,0.749621
0.50663,0.749621
0.533754,0.728716
0.51693,0.739507
0.521466,0.739301
0.50611,0.74619
0.477212,0.758223
0.457416,0.7691
0.48946,0.752244
0.510426,0.737918
0.499459,0.752718
0.499459,0.752718
0.499459,0.752718
0.509181,0.741821
0.518912,0.740031
0.518912,0.740031
0.511391,0.743507
0.505586,0.74266
0.510544,0.742754
0.476046,0.762968
0.486781,0.758804
0.486781,0.758804
0.516197,0.74549
0.549169,0.717666
0.549169,0.717666
0.541837,0.7252
0.538609,0.723952
0.55513,0.711734
0.544614,0.712581
0.544614,0.712581
0.544614,0.712581
0.572211,0.701814
0.551467,0.720261
0.53409,0.731715
0.546106,0.718259
0.588063,0.685329
0.588063,0.685329
0.588063,0.685329
0.588063,0.685329
0.588063,0.685329
0.588063,0.685329
0.588063,0.685329
0.603101,0.677453
0.606291,0.673845
0.606291,0.673845
0.651966,0.621389
0.644536,0.627191
0.646386,0.624425
0.646386,0.624425
0.646386,0.624425
0.646386,0.624425
0.646386,0.624425
0.646293,0.630833
0.65121,0.625888
0.636135,0.642792
0.657495,0.613514
0.67761,0.594468
0.666865,0.610506
0.666865,0.610506
0.666865,0.610506
0.660669,0.616644
0.670737,0.605088
0.67601,0.593619
0.669666,0.606677
0.669666,0.606677
0.665438,0.614897
0.665438,0.614897
0.656105,0.621709
0.643338,0.636415
0.639472,0.635526
0.644684,0.632486
0.630365,0.645127
0.639253,0.627885
0.62511,0.639423
0.62511,0.639423
0.610364,0.666494
0.569178,0.69882
0.590615,0.679556
0.590326,0.677576
0.590326,0.677576
0.593195,0.679871
0.560885,0.705947
0.560885,0.705947
0.531012,0.722565
0.531012,0.722565
0.518534,0.731611
0.499642,0.747502
0.499642,0.747502
0.499642,0.747502
0.499642,0.747502
0.499642,0.747502
0.459205,0.773924
0.443868,0.781875
0.443868,0.781875
0.443868,0.781875
0.455771,0.77788
0.485294,0.763331
0.484514,0.757123
0.48076,0.75821
0.48076,0.75821
0.48076,0.75821
0.502661,0.745266
0.483891,0.761713
0.504519,0.745285
0.4937,0.751016
0.4937,0.751016
0.4937,0.751016
0.499596,0.741518
0.491415,0.750476
0.491415,0.750476
0.467548,0.768334
0.44109,0.77754
0.468945,0.762269
0.468945,0.762269
0.468945,0.762269
0.468945,0.762269
0.473134,0.765849
0.464479,0.771956
0.446691,0.778655
0.434886,0.784495
0.434886,0.784495
0.445993,0.783744
0.444005,0.777578
0.4594,0.77692
0.420758,0.7983
0.409923,0.801155
0.377916,0.812854
0.377916,0.812854
0.377916,0.812854
0.346753,0.831573
0.362523,0.825956
0.378266,0.817286
0.393136,0.811156
0.36668,0.822535
0.367368,0.821081
0.354363,0.824551
0.354363,0.824551
0.354363,0.824551
0.354363,0.824551
0.392033,0.81084
0.392033,0.81084
0.396836,0.810961
0.401877,0.812176
0.401877,0.812176
0.399386,0.810712
0.399386,0.810712
0.393395,0.808211
0.401625,0.797637
0.394012,0.808603
0.356637,0.827266
0.356637,0.827266
0.356637,0.827266
0.332286,0.843061
0.342366,0.837395
0.315025,0.845861
0.255128,0.861801
0.226784,0.871446
0.237934,0.869073
0.246833,0.872877
0.24532,0.868426
0.24532,0.868426
0.24532,0.868426
0.221027,0.876584
0.238654,0.869129
0.235233,0.873291
0.221705,0.876999
0.239714,0.872417
0.239714,0.872417
0.221887,0.874869
0.221887,0.874869
0.21895,0.87511
0.181234,0.887629
0.181234,0.887629
0.2061,0.882164
0.2061,0.882164
0.211944,0.882756
0.222543,0.874649
0.222543,0.874649
0.222543,0.874649
0.221513,0.874679
0.220279,0.872576
0.238292,0.873542
0.246865,0.868221
0.221257,0.877139
0.249362,0.869677
0.25467,0.865289
0.271263,0.862145
0.261435,0.864669
0.236109,0.870546
0.23802,0.871791
0.212105,0.872271
0.181133,0.883528
0.162337,0.890354
0.156624,0.893587
0.156624,0.893587
0.156624,0.893587
0.156624,0.893587
0.159579,0.887249
0.146351,0.893629
0.117443,0.897101
0.076284,0.897969
0.0941498,0.897455
0.0941498,0.897455
0.0941498,0.897455
0.110231,0.896741
0.0676517,0.895124
0.0603271,0.89219
0.0865522,0.89652
0.0869074,0.894295
0.0778935,0.894813
0.0680645,0.902985
0.022949,0.895424
0.0297267,0.902944
0.0393669,0.905615
0.064662,0.901151
0.064662,0.901151
0.056841,0.901857
0.056841,0.901857
0.0633356,0.900225
0.0468763,0.901813
0.0468763,0.901813
0.0468763,0.901813
0.0453985,0.899254
0.0453985,0.899254
-0.0021089,0.902884
-0.00682021,0.902816
-0.000489934,0.906271
0.00974842,0.899626
0.0147933,0.897596
0.0147933,0.897596
0.0169152,0.897695
0.0541125,0.900042
0.0399376,0.89596
0.0399376,0.89596
0.0303969,0.899743
0.0291265,0.897511
0.0291265,0.897511
0.0441334,0.900066
0.0504573,0.901574
0.0504573,0.901574
0.0504573,0.901574
0.0504573,0.901574
0.023862,0.896907
0.0476989,0.895135
0.00619878,0.897749
-0.0348316,0.897309
-0.0247442,0.899676
-0.0247442,0.899676
-0.0247442,0.899676
-0.0271944,0.901367
-0.0271944,0.901367
-0.0349489,0.898691
-0.0163231,0.900258
0.0117331,0.901539
0.0139571,0.901259
0.0165098,0.898695
0.0227836,0.901564
-0.00800837,0.900856
-0.0162505,0.90669
-0.00536284,0.899241
-0.0189764,0.902501
-0.0189764,0.902501
-0.0194633,0.904175
-0.0377022,0.900579
-0.0377022,0.900579
-0.0377022,0.900579
-0.0551701,0.899581
-0.0414935,0.896224
-0.0517411,0.898367
-0.0517411,0.898367
-0.0631259,0.896405
-0.0808991,0.890809
-0.0757076,0.892709
-0.0757076,0.892709
-0.0220236,0.902049
-0.0220236,0.902049
-0.0482364,0.899616
-0.0459656,0.8944
-0.0196956,0.902473
-0.0196956,0.902473
-0.0431767,0.898625
-0.0431767,0.898625
-0.0775977,0.890174
-0.0775977,0.890174
-0.0863154,0.88916
-0.0863154,0.88916
-0.0768,0.88607
-0.0768,0.88607
-0.0768,0.88607
-0.0534655,0.891271
-0.0817474,0.89092
-0.0817474,0.89092
-0.0816659,0.892021
-0.0448044,0.901645
-0.0448044,0.901645
-0.0378041,0.903516
-0.0413564,0.899889
-0.0531618,0.89907
-0.0531618,0.89907
-0.0640934,0.897499
-0.0640934,0.897499
-0.0640934,0.897499
-0.0640934,0.897499
-0.0640934,0.897499
-0.0640934,0.897499
-0.0359787,0.900315
-0.0472909,0.892844
-0.0227287,0.900076
-0.0458049,0.890935
-0.0458049,0.890935
-0.0458049,0.890935
-0.0458049,0.890935
-0.0458049,0.890935
-0.0458049,0.890935
-0.04083,0.895221
-0.04083,0.895221
-0.0565414,0.898282
-0.0603827,0.899003
-0.0432756,0.903104
-0.0453279,0.895772
-0.100733,0.892755
-0.0918984,0.892896
-0.0792822,0.892881
-0.0535863,0.900525
-0.0535863,0.900525
-0.0602409,0.895326
-0.0500591,0.895754
-0.0492763,0.895123
-0.0492763,0.895123
-0.0618107,0.89651
-0.0618107,0.89651
-0.0438332,0.902881
-0.0438332,0.902881
-0.0438332,0.902881
-0.0386857,0.90136
-0.0386857,0.90136
-0.0386857,0.90136
-0.0318425,0.898297
-0.0184364,0.894089
-0.0404744,0.898564
-0.031459,0.897698
-0.0457201,0.901709
-0.0457535,0.899475
-0.0457535,0.899475
0.00506163,0.899704
-0.0162363,0.900737
-0.038401,0.899469
-0.038401,0.899469
0.0340015,0.900813
0.0209304,0.901441
0.0209304,0.901441
0.0209304,0.901441
0.0262957,0.901315
0.022389,0.899829
0.0223426,0.899508
0.0265861,0.895779
0.0265861,0.895779
0.0900674,0.889728
0.0729738,0.898953
0.0814324,0.897073
0.0814324,0.897073
0.0650624,0.90165
0.0650624,0.90165
0.0650624,0.90165
0.0270791,0.898854
0.0270791,0.898854
0.0756783,0.902478
0.0777056,0.898324
0.0514804,0.90003
0.0514804,0.90003
0.0324086,0.899754
0.0324086,0.899754
0.0600427,0.896188
0.0748995,0.89521
0.0699453,0.895379
0.0352638,0.899385
0.0352638,0.899385
0.0365629,0.901546
0.00615995,0.901737
0.00615995,0.901737
0.00615995,0.901737
0.036497,0.901214
0.0378452,0.902223
0.0478031,0.902347
0.0503391,0.901116
0.0639597,0.901685
0.0544709,0.902541
0.0554126,0.8981
0.0763364,0.89796
0.0936021,0.890641
0.0665468,0.895845
0.0515549,0.893968
0.0515549,0.893968
0.0828746,0.899212
0.0828746,0.899212
0.116904,0.890609
0.114987,0.892645
0.117663,0.889125
0.133755,0.884835
0.135199,0.887135
0.123689,0.894491
0.0971401,0.892904
0.0971401,0.892904
0.0569719,0.89695
0.0569719,0.89695
0.00307962,0.898904
-0.0215539,0.89996
-0.0215539,0.89996
-0.0323985,0.898131
-0.0434527,0.892842
-0.0248814,0.897921
-0.0248814,0.897921
-0.0248814,0.897921
-0.0318255,0.900919
-0.0318255,0.900919
-0.00197046,0.899479
-0.0127194,0.893951
-0.0127194,0.893951
-0.0127194,0.893951
-0.0192586,0.896776
0.00518187,0.905314
0.00518187,0.905314
0.00518187,0.905314
0.00410511,0.904595
0.00410511,0.904595
0.0393606,0.902424
0.0515264,0.900343
0.0714349,0.901869
0.0749652,0.89786
0.0755689,0.898312
0.0795618,0.897511
0.0675331,0.900505
0.0556873,0.89814
0.0635109,0.897933
0.091156,0.897039
0.091156,0.897039
0.134167,0.894395
0.117368,0.895104
0.14851,0.89258
0.148784,0.888827
0.149615,0.88703
0.168025,0.883944
0.168025,0.883944
0.172335,0.880285
0.172335,0.880285
0.180176,0.88054
0.180176,0.88054
0.211701,0.875566
0.219667,0.873756
0.219667,0.873756
0.219667,0.873756
0.22406,0.876094
0.191624,0.881529
0.201132,0.878223
0.208285,0.878769
0.209627,0.873954
0.206331,0.871769
0.206331,0.871769
0.217238,0.871768
0.249256,0.863521
0.240879,0.868126
0.240879,0.868126
0.240879,0.868126
0.21397,0.879232
0.21397,0.879232
0.17712,0.884112
0.17712,0.884112
0.144009,0.890883
0.13711,0.888426
0.13204,0.892296
0.150015,0.890681
0.188159,0.879112
0.213974,0.877491
0.233405,0.874234
0.236285,0.871566
0.246754,0.868614
0.246754,0.868614
0.246754,0.868614
0.246754,0.868614
0.246754,0.868614
0.259896,0.8668
0.259896,0.8668
0.223051,0.875295
0.222421,0.872812
0.21924,0.877
0.197293,0.879991
0.19265,0.882308
0.203235,0.880361
0.179893,0.884151
0.145196,0.893149
0.145196,0.893149
0.152051,0.893849
0.152051,0.893849
0.152051,0.893849
0.152051,0.893849
0.154904,0.890154
0.152103,0.886786
0.152103,0.886786
0.169873,0.892261
0.184991,0.889246
0.184991,0.889246
0.148063,0.890046
0.167756,0.889794
0.172146,0.891581
0.172146,0.891581
0.172146,0.891581
0.156115,0.889581
0.178248,0.885129
0.178248,0.885129
0.189433,0.88198
0.170674,0.891819
0.213756,0.87094
0.213756,0.87094
0.225644,0.869337
0.222331,0.875154
0.193,0.880409
0.170345,0.884912
0.237711,0.864918
0.241918,0.86939
0.241918,0.86939
0.241918,0.86939
0.255007,0.864984
0.255007,0.864984
0.199619,0.885798
0.229593,0.870486
0.215536,0.878897
0.236904,0.869411
0.264833,0.861265
0.241509,0.868493
0.241509,0.868493
0.206742,0.87452
0.206742,0.87452
0.206742,0.87452
0.216126,0.872719
0.219469,0.87496
0.214822,0.877299
0.190889,0.882191
0.179191,0.889
0.1868,0.886686
0.1868,0.886686
0.1868,0.886686
0.1868,0.886686
0.204051,0.884071
0.204051,0.884071
0.155025,0.890501
0.155025,0.890501
0.155025,0.890501
0.155025,0.890501
0.155025,0.890501
0.153254,0.890834
0.153254,0.890834
0.153254,0.890834
0.144234,0.891699
0.164502,0.887783
0.15125,0.896109
0.148264,0.890999
0.129529,0.894279
0.129529,0.894279
0.148698,0.887816
0.19631,0.879385
0.19631,0.879385
0.180371,0.881879
0.149113,0.886444
0.164014,0.886367
0.184554,0.884942
0.220573,0.877944
0.193071,0.886341
0.202363,0.881121
0.160963,0.888914
0.15687,0.888094
0.15687,0.888094
0.15687,0.888094
0.175811,0.888394
0.197184,0.879894
0.197729,0.877114
0.167392,0.886267
0.167392,0.886267
0.155994,0.889977
0.155994,0.889977
0.164805,0.888613
0.189969,0.884838
0.216855,0.875191
0.231969,0.873639
0.221831,0.868566
0.214833,0.873836
0.238076,0.864636
0.235346,0.869252
0.25177,0.860955
0.25177,0.860955
0.25177,0.860955
0.287105,0.851936
0.287105,0.851936
0.291857,0.855061
0.292569,0.855909
0.269477,0.862121
0.233377,0.873
0.213321,0.875756
0.258214,0.861413
0.239965,0.8705
0.227637,0.873557
0.220926,0.8731
0.220926,0.8731
0.213193,0.875437
0.179761,0.883886
0.181539,0.8829
0.181539,0.8829
0.181539,0.8829
0.181539,0.8829
0.225115,0.87171
0.248151,0.866869
0.2343,0.875725
0.2343,0.875725
0.2343,0.875725
0.2343,0.875725
0.2343,0.875725
0.2343,0.875725
0.22041,0.867345
0.250606,0.861786
0.283649,0.854912
0.280888,0.858962
0.308394,0.849078
0.308394,0.849078
0.308394,0.849078
0.308394,0.849078
0.308394,0.849078
0.307125,0.843409
0.307125,0.843409
0.307125,0.843409
0.295226,0.852248
0.317209,0.847036
0.317209,0.847036
0.34751,0.83266
0.34751,0.83266
0.34751,0.83266
0.34751,0.83266
0.34751,0.83266
0.332647,0.837542
0.332647,0.837542
0.311839,0.848401
0.319409,0.8446
0.319409,0.8446
0.323304,0.839573
0.331701,0.839244
0.3398,0.830261
0.3398,0.830261
0.34642,0.830924
0.34642,0.830924
0.337536,0.830028
0.35386,0.825113
0.399697,0.809365
0.377016,0.819734
0.377016,0.819734
0.378209,0.81802
0.378209,0.81802
0.378209,0.81802
0.368297,0.824104
0.368297,0.824104
0.386402,0.814148
0.386402,0.814148
0.400015,0.809244
0.401143,0.81084
0.401143,0.81084
0.40922,0.805996
0.411826,0.800255
0.41079,0.802238
0.415315,0.803405
0.408159,0.804174
0.412612,0.803795
0.392399,0.812049
0.37927,0.818917
0.378719,0.818392
0.380749,0.817399
0.38948,0.817901
0.38948,0.817901
0.391834,0.814016
0.380764,0.820411
0.367699,0.829511
0.367699,0.829511
0.367699,0.829511
0.367699,0.829511
0.33492,0.838111
0.352967,0.829535
0.352967,0.829535
0.367312,0.823809
0.384585,0.817534
0.368921,0.825606
0.342235,0.833945
0.342235,0.833945
0.342235,0.833945
0.339861,0.835269
0.319959,0.846516
0.319959,0.846516
0.310534,0.846081
0.331331,0.837901
0.331331,0.837901
0.331211,0.843167
0.335367,0.839555
0.32761,0.843305
0.32761,0.843305
0.32761,0.843305
0.327569,0.842344
0.327569,0.842344
0.305429,0.85019
0.305429,0.85019
0.283219,0.860629
0.283219,0.860629
0.290189,0.856956
0.308258,0.851815
0.324201,0.84258
0.324201,0.84258
0.31464,0.847313
0.292625,0.854831
0.250038,0.869513
0.242041,0.871566
0.214664,0.879239
0.214664,0.879239
0.202399,0.883331
0.202399,0.883331
0.165179,0.893742
0.153892,0.892487
0.170474,0.892975
0.170474,0.892975
0.146382,0.893884
0.159019,0.889073
0.159019,0.889073
0.171987,0.887718
0.171987,0.887718
0.155947,0.893818
0.155947,0.893818
0.155947,0.893818
0.127956,0.894874
0.175996,0.88478
0.172871,0.890432
0.147234,0.892447
0.147563,0.893132
0.146149,0.896581
0.148638,0.894499
0.148638,0.894499
0.16439,0.883319
0.126375,0.892986
0.126375,0.892986
0.123435,0.896358
0.123435,0.896358
0.123435,0.896358
0.0996333,0.895001
0.0808907,0.895927
0.074871,0.902404
0.0191651,0.906649
0.0628332,0.901659
0.0925206,0.900194
0.0925206,0.900194
0.0925206,0.900194
0.0925206,0.900194
0.0815947,0.896962
0.0944461,0.894711
0.121972,0.892529
0.083726,0.893948
0.0907785,0.897675
0.10669,0.897523
0.10669,0.897523
0.148671,0.888504
0.179253,0.883964
0.179253,0.883964
0.160506,0.888734
0.160506,0.888734
0.160506,0.888734
0.167197,0.885171
0.133678,0.898114
0.105278,0.89672
0.0991878,0.896297
0.0732282,0.892424
0.035669,0.895323
0.0551813,0.89559
0.064084,0.898173
0.0816792,0.894175
0.089197,0.895752
0.0364361,0.896657
0.0364361,0.896657
0.0496041,0.898223
0.041642,0.900497
0.0442876,0.900689
0.0442876,0.900689
0.0251092,0.898295
0.0363557,0.902555
0.0345439,0.89611
0.0345439,0.89611
0.0226136,0.900754
0.0226119,0.899595
0.0170884,0.904836
0.0170884,0.904836
0.0486959,0.90093
0.0486959,0.90093
0.081308,0.899124
0.0839793,0.900757
0.0839793,0.900757
0.0839793,0.900757
0.117132,0.894964
0.134934,0.895166
0.117899,0.895691
0.11256,0.894611
0.0873908,0.900262
0.0873908,0.900262
0.0873908,0.900262
0.0873908,0.900262
0.107391,0.898299
0.123101,0.895839
0.149455,0.886444
0.149413,0.88837
0.149413,0.88837
0.140614,0.892626
0.132756,0.893783
0.131314,0.892205
0.131314,0.892205
0.130925,0.890687
0.109438,0.891569
0.0908898,0.897624
0.109167,0.893486
0.121073,0.897828
0.108219,0.895362
0.125622,0.893863
0.135119,0.89251
0.135119,0.89251
0.171338,0.886339
0.171338,0.886339
0.225554,0.867619
0.215481,0.8709
0.215991,0.870204
0.215991,0.870204
0.20242,0.8756
0.236855,0.873385
0.225997,0.867551
0.191944,0.881681
0.191944,0.881681
0.165038,0.883953
0.135274,0.892226
0.120773,0.894414
0.125304,0.89246
0.125304,0.89246
0.125304,0.89246
0.125304,0.89246
0.104906,0.88553
0.109718,0.888135
0.0777227,0.897184
0.0610451,0.902227
0.0446356,0.902516
0.0446356,0.902516
0.0693334,0.895866
0.0693334,0.895866
0.0648825,0.898095
0.0523182,0.898543
0.0855879,0.898423
0.0855879,0.898423
0.0855879,0.898423
0.0600183,0.896731
0.05624,0.905462
0.0239279,0.90058
0.0107418,0.904719
0.00178564,0.896724
0.00314785,0.899247
-0.00683711,0.897099
0.0232002,0.89489
0.0503406,0.892504
0.0787063,0.898935
0.0823834,0.896945
0.079332,0.897321
0.0882614,0.901391
0.0882614,0.901391
0.0882614,0.901391
0.0882614,0.901391
0.053692,0.901041
0.0535075,0.90287
0.0616488,0.900769
0.0557406,0.895208
0.0398396,0.901386
0.0091714,0.901345
0.0304957,0.903274
-0.00653161,0.906356
-0.00653161,0.906356
-0.00653161,0.906356
-0.00653161,0.906356
0.026508,0.90278
9.59483e-05,0.90244
0.0151147,0.903071
0.0151147,0.903071
0.0278461,0.902735
0.0325769,0.900965
0.0325769,0.900965
0.0325769,0.900965
0.00802062,0.904955
0.0414859,0.901939
0.0521574,0.904424
0.0661412,0.896736
0.085567,0.897478
0.0792107,0.893116
0.0792107,0.893116
0.103122,0.893846
0.123973,0.899929
0.127896,0.896619
0.127896,0.896619
0.127896,0.896619
0.127896,0.896619
0.151649,0.892068
0.151649,0.892068
0.151649,0.892068
0.151069,0.891165
0.119643,0.897161
0.173563,0.88591
0.168063,0.886265
0.178235,0.883819
0.175881,0.880286
0.196318,0.883375
0.21468,0.87914
0.21468,0.87914
0.21468,0.87914
0.223463,0.878251
0.223463,0.878251
0.21336,0.873911
0.238944,0.868009
0.221805,0.872639
0.241193,0.869305
0.241193,0.869305
0.211592,0.881986
0.211592,0.881986
0.218543,0.87873
0.192469,0.885801
0.17672,0.887974
0.209047,0.878622
0.178368,0.886796
0.171395,0.885614
0.171395,0.885614
0.132521,0.894126
0.144335,0.887382
0.12767,0.895516
0.12767,0.895516
0.145809,0.89306
0.176459,0.886931
0.160034,0.88802
0.160034,0.88802
0.164824,0.884126
0.164824,0.884126
0.164824,0.884126
0.20867,0.877991
0.200399,0.881759
0.200399,0.881759
0.187034,0.88332
0.202611,0.882796
0.198747,0.883129
0.172334,0.89305
0.172334,0.89305
0.198598,0.881443
0.254905,0.861735
0.26142,0.859529
0.242845,0.866685
0.242845,0.866685
0.204625,0.87501
0.189341,0.877479
0.161841,0.88298
0.145621,0.89013
0.171475,0.885232
0.178111,0.884489
0.190931,0.88215
0.202889,0.884001
0.225706,0.867546
0.235624,0.865126
0.237471,0.868254
0.247585,0.867818
0.196451,0.877143
0.203089,0.873979
0.198495,0.876345
0.198495,0.876345
0.200651,0.876479
0.200651,0.876479
0.200651,0.876479
0.168467,0.886319
0.168467,0.886319
0.149675,0.88826
0.160331,0.887061
0.160331,0.887061
0.116726,0.896683
0.0985965,0.897365
0.0997963,0.902021
0.0997963,0.902021
0.0805462,0.895346
0.0897628,0.89373
0.0897628,0.89373
0.0897628,0.89373
0.0618251,0.896274
0.0503759,0.900196
0.0382769,0.901112
0.0382769,0.901112
0.0382769,0.901112
-0.00749531,0.903513
0.0123583,0.902491
0.0123583,0.902491
0.0123583,0.902491
0.0123583,0.902491
0.0123583,0.902491
0.0123583,0.902491
0.0123583,0.902491
-0.0157566,0.905965
-0.020495,0.906201
-0.014178,0.901066
-0.0407329,0.900012
-0.0206046,0.899075
-0.0042491,0.89985
-0.0195585,0.902601
-0.0579521,0.90188
-0.0541184,0.900711
-0.0688521,0.896316
-0.0875604,0.898253
-0.0875604,0.898253
-0.0893691,0.896827
-0.0893691,0.896827
-0.0893691,0.896827
-0.0687238,0.897018
-0.0687238,0.897018
-0.0687238,0.897018
-0.0681801,0.900158
-0.0681801,0.900158
-0.0681801,0.900158
-0.0201779,0.900192
-0.00458254,0.907056
0.00692502,0.906382
0.00692502,0.906382
0.00926416,0.901561
-0.0440583,0.898931
-0.0455356,0.897338
-0.0455356,0.897338
-0.0455356,0.897338
-0.0455356,0.897338
-0.0455356,0.897338
-0.0376496,0.903301
-0.0376496,0.903301
-0.0212451,0.90495
-0.0196779,0.904554
-0.0207445,0.90515
-0.0207445,0.90515
-0.0526657,0.9042
-0.0403789,0.90554
-0.0403789,0.90554
-0.0403789,0.90554
-0.0403789,0.90554
-0.00992425,0.904083
-0.00559857,0.908564
0.0441409,0.903999
0.0441409,0.903999
0.0317465,0.897815
0.0132194,0.903112
0.0372596,0.905899
0.0372596,0.905899
0.0372596,0.905899
0.0767374,0.903619
0.0658954,0.901361
0.0378424,0.906134
0.00887747,0.908303
0.00618195,0.904493
0.0184731,0.903903
0.0184731,0.903903
0.0248086,0.90431
0.0248086,0.90431
0.0248086,0.90431
0.0248086,0.90431
0.0356365,0.903077
0.0406376,0.900981
0.0779944,0.897809
0.0779944,0.897809
0.0742557,0.901367
0.0752383,0.897901
0.0889996,0.89957
0.0889996,0.89957
0.0795011,0.901057
0.0953355,0.898479
0.070558,0.901769
0.070558,0.901769
0.0956759,0.897769
0.10989,0.896118
0.129781,0.887077
0.110602,0.889819
0.128615,0.88928
0.128615,0.88928
0.123783,0.894625
0.120372,0.895347
0.120372,0.895347
0.112803,0.898821
0.129741,0.897558
0.19066,0.885401
0.199813,0.881415
0.199813,0.881415
0.230159,0.87131
0.230359,0.874471
0.230359,0.874471
0.230359,0.874471
0.213565,0.879957
0.20068,0.879964
0.219306,0.869019
0.219306,0.869019
0.195098,0.878126
0.195098,0.878126
0.156256,0.886629
0.156256,0.886629
0.156256,0.886629
0.152781,0.885199
0.141485,0.893522
0.141272,0.893251
0.131898,0.89193
0.116283,0.895415
0.129639,0.896849
0.129639,0.896849
0.129639,0.896849
0.093101,0.899796
0.093101,0.899796
0.093101,0.899796
0.105673,0.897549
0.105673,0.897549
0.105673,0.897549
0.105673,0.897549
0.113582,0.895014
0.0883919,0.894381
0.106305,0.892999
0.0776835,0.891147
0.052775,0.90203
0.0582968,0.901845
0.0691354,0.90293
0.0691354,0.90293
0.0691354,0.90293
0.0177493,0.903095
-0.0303156,0.907335
-0.0244984,0.905027
-0.0313415,0.903059
-0.0445294,0.90566
-0.0504754,0.904146
-0.0715871,0.90479
-0.0444021,0.904447
-0.048519,0.905816
-0.048519,0.905816
-0.048519,0.905816
-0.0655101,0.903004
-0.0538485,0.89966
-0.0507771,0.896301
-0.0507771,0.896301
-0.0507771,0.896301
-0.0244284,0.900953
-0.0244284,0.900953
-0.0209726,0.901896
-0.0209726,0.901896
0.0309795,0.902824
0.0212565,0.90356
0.0333925,0.90315
0.0751017,0.90061
0.0826627,0.896964
0.124384,0.89668
0.101078,0.896489
0.120446,0.894084
0.111333,0.895367
0.116007,0.890593
0.116007,0.890593
0.116007,0.890593
0.0873783,0.89664
0.0860003,0.894905
0.0860003,0.894905
0.113924,0.895926
0.0952473,0.897281
0.0952473,0.897281
0.0979609,0.900925
0.0747011,0.902384
0.0564948,0.900819
0.0652387,0.902639
0.0990296,0.897069
0.0858051,0.897966
0.0712085,0.898728
0.093034,0.90055
0.093034,0.90055
0.0779499,0.898604
0.129396,0.89714
0.129396,0.89714
0.188919,0.878228
0.193549,0.875134
0.194986,0.877992
0.194986,0.877992
0.194986,0.877992
0.199935,0.875711
0.17875,0.878204
0.17875,0.878204
0.158248,0.885846
0.20114,0.882914
0.20114,0.882914
0.213516,0.876046
0.216274,0.872953
0.224149,0.876671
0.224149,0.876671
0.241176,0.865706
0.241176,0.865706
0.259161,0.857356
0.307425,0.843002
0.307425,0.843002
0.313214,0.84128
0.295126,0.852908
0.306912,0.84632
0.301113,0.850286
0.301113,0.850286
0.263251,0.864525
0.255825,0.866926
0.22586,0.875511
0.218559,0.876592
0.243284,0.864923
0.218844,0.874193
0.219125,0.877179
0.229959,0.873335
0.229959,0.873335
0.231272,0.872415
0.231272,0.872415
0.231272,0.872415
0.231272,0.872415
0.231272,0.872415
0.231272,0.872415
0.231272,0.872415
0.263634,0.863027
0.263634,0.863027
0.281941,0.85638
0.263607,0.868651
0.243575,0.872726
0.243575,0.872726
0.250829,0.866514
0.259242,0.86551
0.259242,0.86551
0.267884,0.863692
0.253804,0.867259
0.24833,0.871731
0.269405,0.861021
0.264697,0.866915
0.264697,0.866915
0.248549,0.866017
0.27124,0.85963
0.254941,0.863969
0.254941,0.863969
0.254941,0.863969
0.256937,0.863146
0.223855,0.872059
0.223855,0.872059
0.223855,0.872059
0.210545,0.875725
0.208644,0.872326
0.210468,0.8759
0.198341,0.876086
0.198341,0.876086
0.169984,0.879003
0.132925,0.887522
0.170406,0.880405
0.191738,0.88017
0.219174,0.875164
0.239336,0.869274
0.239336,0.869274
0.244943,0.868798
0.254563,0.861066
0.241606,0.865425
0.230404,0.871334
0.230404,0.871334
0.230404,0.871334
0.244622,0.868761
0.240596,0.871378
0.22998,0.876868
0.199247,0.881445
0.177626,0.889158
0.177626,0.889158
0.158454,0.889429
0.158454,0.889429
0.182828,0.88549
0.182828,0.88549
0.175505,0.888631
0.206289,0.880156
0.206289,0.880156
0.181533,0.886856
0.181533,0.886856
0.203654,0.882158
0.224226,0.876365
0.224226,0.876365
0.224226,0.876365
0.224226,0.876365
0.215531,0.876695
0.210879,0.878868
0.207207,0.882024
0.207207,0.882024
0.24992,0.867796
0.24992,0.867796
0.24301,0.870181
0.269483,0.860885
0.276823,0.862766
0.276823,0.862766
0.258078,0.868504
0.202406,0.882639
0.202406,0.882639
0.159625,0.885514
0.173334,0.885584
0.173334,0.885584
0.173334,0.885584
0.173334,0.885584
0.168466,0.887569
0.173194,0.889803
0.190661,0.889196
0.16526,0.890196
0.17954,0.884251
0.18508,0.884376
0.18508,0.884376
0.21804,0.879093
0.21804,0.879093
0.191174,0.88265
0.18729,0.88401
0.173054,0.88819
0.166661,0.886581
0.166661,0.886581
0.189944,0.880459
0.171241,0.879139
0.171241,0.879139
0.171241,0.879139
0.171241,0.879139
0.171241,0.879139
0.171742,0.885015
0.215839,0.87505
0.215839,0.87505
0.196219,0.875481
0.190986,0.874579
0.196325,0.879229
0.196325,0.879229
0.227299,0.874219
0.185525,0.885476
0.168646,0.888145
0.168646,0.888145
0.168646,0.888145
0.168646,0.888145
0.208254,0.881541
0.208254,0.881541
0.23427,0.869781
0.23427,0.869781
0.223875,0.878398
0.223875,0.878398
0.223875,0.878398
0.223875,0.878398
0.223875,0.878398
0.223875,0.878398
0.21571,0.873621
0.21571,0.873621
0.248544,0.864695
0.275612,0.864641
0.275612,0.864641
0.275612,0.864641
0.232756,0.871954
0.234506,0.87273
0.234506,0.87273
0.195766,0.880354
0.208186,0.877436
0.207955,0.876291
0.207955,0.876291
0.220619,0.874659
0.220619,0.874659
0.234462,0.872291
0.234462,0.872291
0.227098,0.87258
0.227098,0.87258
0.217279,0.876214
0.217279,0.876214
0.200056,0.877642
0.200056,0.877642
0.200056,0.877642
0.200056,0.877642
0.200056,0.877642
0.230197,0.875568
0.221535,0.874645
0.218496,0.880042
0.204521,0.883373
0.204521,0.883373
0.178235,0.885386
0.2081,0.876855
0.2081,0.876855
0.211773,0.874498
0.213029,0.880417
0.22286,0.878304
0.234075,0.873625
0.238411,0.874621
0.238411,0.874621
0.255831,0.86465
0.255831,0.86465
0.255831,0.86465
0.255831,0.86465
0.23415,0.86992
0.286548,0.860078
0.265002,0.862619
0.265002,0.862619
0.265002,0.862619
0.265002,0.862619
0.265002,0.862619
0.271599,0.86122
0.271599,0.86122
0.271367,0.857291
0.261474,0.863486
0.255555,0.862825
0.235703,0.872302
0.242215,0.873054
0.242215,0.873054
0.243091,0.870264
0.285313,0.856375
0.306481,0.849856
0.306481,0.849856
0.273089,0.86362
0.273089,0.86362
0.276761,0.853661
0.261995,0.864877
0.225343,0.868714
0.210182,0.882659
0.213396,0.87843
0.222219,0.87436
0.222219,0.87436
0.200912,0.879432
0.200912,0.879432
0.200912,0.879432
0.178187,0.88517
0.171415,0.885506
0.171415,0.885506
0.171415,0.885506
0.171415,0.885506
0.161296,0.888312
0.18971,0.879579
0.194988,0.879521
0.167429,0.888601
0.18979,0.882155
0.18979,0.882155
0.20942,0.874938
0.188979,0.881724
0.171249,0.884439
0.177654,0.883314
0.18111,0.887086
0.152443,0.889991
0.121222,0.897981
0.149225,0.890752
0.115804,0.896651
0.111508,0.89547
0.111508,0.89547
0.0989889,0.898077
0.129837,0.887593
0.0842627,0.901602
0.0715207,0.898487
0.0860084,0.895481
0.106445,0.893359
0.136329,0.893695
0.165649,0.888543
0.165649,0.888543
0.172565,0.88701
0.168594,0.885814
0.168594,0.885814
0.173379,0.886144
0.206729,0.872225
0.205979,0.880974
0.202948,0.882419
0.202948,0.882419
0.149896,0.89142
0.177005,0.887805
0.178051,0.887472
0.223107,0.876812
0.223764,0.876629
0.223764,0.876629
0.223764,0.876629
0.171063,0.886227
0.134169,0.89308
0.131346,0.888437
0.131346,0.888437
0.131346,0.888437
0.131346,0.888437
0.123531,0.893088
0.123531,0.893088
0.130381,0.896656
0.122866,0.892698
0.0800971,0.904799
0.0800971,0.904799
0.0800971,0.904799
0.0800971,0.904799
0.105618,0.899687
0.113938,0.898254
0.123183,0.90144
0.107489,0.898424
0.107489,0.898424
0.107489,0.898424
0.124977,0.895802
0.114645,0.894829
0.114645,0.894829
0.114645,0.894829
0.135209,0.885479
0.157099,0.8905
0.158311,0.889918
0.139534,0.893875
0.124214,0.895412
0.116218,0.897106
0.116218,0.897106
0.150575,0.886559
0.142959,0.892319
0.142959,0.892319
0.155611,0.8902
0.155611,0.8902
0.155611,0.8902
0.149872,0.890822
0.146435,0.886722
0.146435,0.886722
0.11996,0.893461
0.093834,0.897497
0.0939234,0.894636
0.0939234,0.894636
0.0939234,0.894636
0.0881324,0.894554
0.0751446,0.895134
0.11228,0.893955
0.11228,0.893955
0.108374,0.895324
0.108374,0.895324
0.0843884,0.896913
0.0668504,0.896463
0.0638725,0.896014
0.0468262,0.899321
0.0468262,0.899321
0.0468262,0.899321
0.0616254,0.902504
0.0552868,0.902046
0.0264639,0.904425
0.0264639,0.904425
0.0264639,0.904425
-0.0136446,0.903211
-0.0360678,0.897819
-0.0360678,0.897819
-0.0542222,0.8992
-0.0150135,0.899238
-0.0165444,0.901624
-0.0200337,0.900881
-0.0200337,0.900881
-0.0200337,0.900881
-0.0111892,0.897529
-0.0121075,0.899145
-0.0255828,0.90395
-0.0257571,0.904247
-0.0257571,0.904247
-0.0276778,0.901772
0.0185277,0.904751
0.0146866,0.90431
0.0097285,0.904948
0.0097285,0.904948
0.00920796,0.902288
0.00810665,0.90409
-0.0237595,0.905306
-0.0237595,0.905306
-0.0316704,0.900209
-0.0492942,0.901416
-0.0784274,0.89912
-0.0520134,0.900989
-0.0325775,0.90411
-0.0398008,0.905133
-0.0634871,0.902511
-0.0634871,0.902511
-0.103788,0.891417
-0.093152,0.895406
-0.0910961,0.899211
-0.0606796,0.89899
-0.0304843,0.905085
-0.00687346,0.898659
-0.00904201,0.900484
-0.00904201,0.900484
-0.00904201,0.900484
-0.00742283,0.905634
0.0147394,0.900367
0.0147394,0.900367
0.0817281,0.897671
0.0817281,0.897671
0.0817281,0.897671
0.0817281,0.897671
0.0817281,0.897671
0.0817281,0.897671
0.104224,0.897385
0.146054,0.890529
0.145389,0.886879
0.145389,0.886879
0.106239,0.897175
0.139885,0.889162
0.130361,0.891314
0.123096,0.890666
0.106886,0.8952
0.100357,0.899376
0.080357,0.899258
0.0656419,0.902204
0.0656419,0.902204
0.0656419,0.902204
0.0271622,0.90364
0.0173355,0.902456
-0.0046542,0.901458
-0.0046542,0.901458
-0.0046542,0.901458
0.0018172,0.900532
0.00936161,0.90289
-0.000148636,0.904626
0.00810986,0.909157
-0.00301367,0.901975
-0.0322671,0.899471
0.00274995,0.9049
0.00274995,0.9049
0.00165638,0.909325
-0.0342802,0.90102
-0.0226081,0.905325
-0.0532674,0.905421
-0.0569629,0.907779
-0.0569629,0.907779
-0.0569629,0.907779
-0.0411125,0.903049
-0.0411125,0.903049
-0.0369315,0.902765
-0.0399644,0.903779
-0.0399644,0.903779
-0.0415091,0.904743
-0.0415091,0.904743
-0.0415091,0.904743
-0.0415091,0.904743
-0.0341943,0.901241
-0.00864506,0.903436
0.00080909,0.900598
0.0141598,0.895329
0.0141598,0.895329
0.0186776,0.89416
0.0186776,0.89416
0.0180164,0.898971
-0.00966816,0.902679
-0.0110364,0.906048
0.00428716,0.905375
0.00428716,0.905375
-0.0277906,0.908521
0.0043946,0.903094
-0.0151057,0.901271
-0.0151057,0.901271
-0.0391495,0.8985
-0.0391495,0.8985
-0.0448392,0.89981
-0.0490846,0.905048
-0.0490846,0.905048
-0.0490846,0.905048
-0.0981377,0.894759
-0.0981377,0.894759
-0.124769,0.890389
-0.124769,0.890389
-0.148833,0.889654
-0.123262,0.892498
-0.0700578,0.901452
-0.109618,0.896053
-0.118152,0.899106
-0.118152,0.899106
-0.116013,0.897134
-0.102805,0.900385
-0.112749,0.901786
-0.129244,0.898005
-0.155456,0.893754
-0.155456,0.893754
-0.155456,0.893754
-0.109994,0.894475
-0.109994,0.894475
-0.147261,0.889871
-0.130318,0.896757
-0.127521,0.89588
-0.141686,0.891715
-0.160972,0.88931
-0.181761,0.88558
-0.172753,0.889663
-0.193471,0.881147
-0.199511,0.880522
-0.162373,0.878881
-0.154239,0.888659
-0.154239,0.888659
-0.102455,0.894459
-0.0527079,0.902714
-0.0631584,0.900277
-0.0759735,0.901519
-0.0759735,0.901519
-0.0729716,0.901274
-0.00959813,0.907467
0.0226487,0.903794
0.0267763,0.90572
0.06227,0.897432
0.0498873,0.905393
0.0498873,0.905393
0.0575665,0.905232
0.0575665,0.905232
0.0575665,0.905232
0.0719853,0.902317
0.0719853,0.902317
0.0719853,0.902317
0.0742093,0.89968
0.093389,0.9017
0.108831,0.898012
0.0868594,0.901054
0.0964133,0.900353
0.0964133,0.900353
0.090134,0.897056
0.0814702,0.90242
0.0469266,0.901526
0.0469266,0.901526
0.0677255,0.906841
0.0706901,0.905871
0.095563,0.901759
0.095563,0.901759
0.095563,0.901759
0.095563,0.901759
0.102353,0.899895
0.102353,0.899895
0.102353,0.899895
0.0874941,0.90243
0.0874941,0.90243
0.0583562,0.906667
0.0667559,0.903767
0.0667559,0.903767
0.0827446,0.898443
0.0977978,0.898674
0.0680145,0.897936
0.0959291,0.894904
0.0959291,0.894904
0.10107,0.894041
0.10107,0.894041
0.0678021,0.89759
0.0747925,0.892959
0.0529758,0.901238
0.0252605,0.900833
0.0265866,0.907162
0.0265866,0.907162
0.021271,0.898297
-0.0145866,0.89868
0.011973,0.902491
0.011973,0.902491
0.011973,0.902491
0.0184797,0.899366
0.0283341,0.899227
0.0368021,0.894195
0.0335947,0.900324
0.0264456,0.903558
0.046313,0.903344
0.063698,0.898984
0.0838726,0.898068
0.084382,0.898971
0.0974854,0.896761
0.0974854,0.896761
0.0607441,0.90484
0.0490641,0.899406
0.0490641,0.899406
0.0490641,0.899406
0.0749869,0.897729
0.0767005,0.900709
0.123346,0.896686
0.123346,0.896686
0.0817956,0.898628
0.0746656,0.89346
0.0683066,0.89839
0.0854449,0.896452
0.0854449,0.896452
0.073371,0.898218
0.129125,0.890162
0.10167,0.895156
0.074829,0.898491
0.0832995,0.898914
0.0896295,0.902756
0.096573,0.892391
0.0972502,0.896586
0.102902,0.89853
0.127204,0.890911
0.13251,0.886434
0.131963,0.894821
0.131963,0.894821
0.138931,0.891449
0.162196,0.885755
0.175846,0.8783
0.177563,0.88316
0.151965,0.889504
0.178295,0.881461
0.21055,0.876101
0.228524,0.86887
0.183266,0.885056
0.176954,0.885768
0.20525,0.87656
0.188884,0.883829
0.188884,0.883829
0.206645,0.879989
0.206645,0.879989
0.206645,0.879989
0.203391,0.878515
0.124645,0.88868
0.111892,0.894086
0.103036,0.895575
0.103036,0.895575
0.0789446,0.89584
0.0789446,0.89584
0.0511457,0.90169
0.0606172,0.899351
0.0606172,0.899351
0.0714764,0.898053
0.060967,0.899214
0.0629281,0.904324
0.0621242,0.901768
0.0761334,0.897611
0.0761334,0.897611
0.0761334,0.897611
0.0560433,0.899065
0.0863566,0.896669
0.10248,0.897249
0.10248,0.897249
0.132876,0.893194
0.132876,0.893194
0.129381,0.885495
0.129381,0.885495
0.103582,0.901446
0.103582,0.901446
0.103582,0.901446
0.103582,0.901446
0.082412,0.904909
0.076468,0.896879
0.076468,0.896879
0.058644,0.90266
0.0728539,0.899505
0.0373335,0.901241
0.0373335,0.901241
0.0290164,0.908376
0.027843,0.900236
0.027843,0.900236
0.00593093,0.903339
-0.0118313,0.909184
0.006212,0.906504
0.006212,0.906504
-0.00665651,0.90076
-0.0236078,0.905615
-0.0199443,0.899877
-0.00197489,0.899425
-0.0252377,0.89348
-0.0252377,0.89348
-0.0319439,0.898224
-0.00910437,0.898866
-0.00424456,0.900265
0.00104513,0.895616
-0.0049789,0.89746
0.0101997,0.899983
-0.00159185,0.893604
-0.00159185,0.893604
0.0265794,0.897159
0.00573132,0.900271
-0.0154155,0.898739
-0.0323629,0.904434
-0.0465739,0.89723
-0.0674702,0.897835
-0.0674702,0.897835
-0.060546,0.896
-0.060546,0.896
-0.0607776,0.896722
-0.0599716,0.899159
-0.0599716,0.899159
-0.0514621,0.904135
-0.0514621,0.904135
-0.0514621,0.904135
-0.0557978,0.897589
-0.085186,0.891362
-0.0654461,0.897282
-0.0302606,0.894226
-0.0302606,0.894226
-0.0444716,0.893856
-0.0444716,0.893856
-0.0289688,0.898379
-0.0289688,0.898379
-0.0104377,0.89781
0.0080123,0.905641
0.0080123,0.905641
-0.028836,0.901134
-0.0306513,0.8982
-0.0474888,0.897661
-0.0729274,0.898593
-0.0729274,0.898593
-0.0729274,0.898593
-0.0592606,0.900482
-0.0846998,0.89717
-0.102388,0.895054
-0.102388,0.895054
-0.102388,0.895054
-0.101069,0.892599
-0.101069,0.892599
-0.0838049,0.89327
-0.0633346,0.895362
-0.0275201,0.901575
-0.0275201,0.901575
-0.0275201,0.901575
-0.0275201,0.901575
-0.0326989,0.895386
-0.0372072,0.900323
-0.0271554,0.901092
0.00304491,0.905112
0.00304491,0.905112
0.00304491,0.905112
0.0231456,0.896355
0.0655429,0.896425
0.0687217,0.902131
0.0687217,0.902131
0.101402,0.890684
0.102219,0.89162
0.102219,0.89162
0.102219,0.89162
0.0826394,0.894332
0.0826394,0.894332
0.0826394,0.894332
0.0846993,0.898104
0.0862906,0.896464
0.0614683,0.896235
0.0539149,0.899499
0.0620132,0.894669
0.0620132,0.894669
0.0510111,0.896593
0.0749924,0.8991
0.0767411,0.902526
0.0767411,0.902526
0.101121,0.898949
0.0763664,0.898901
0.0757788,0.896545
0.0688569,0.898441
0.0770926,0.897899
0.0770926,0.897899
0.0770926,0.897899
0.0770926,0.897899
0.0770926,0.897899
0.0788041,0.902285
0.0939106,0.896946
0.0939106,0.896946
0.0939106,0.896946
0.0939106,0.896946
0.0939106,0.896946
0.0939106,0.896946
0.104792,0.894235
0.104792,0.894235
0.106183,0.895614
0.106183,0.895614
0.0827945,0.896124
0.066866,0.89782
0.0454859,0.901384
0.0363873,0.903181
0.0363873,0.903181
0.0395171,0.900939
0.0395171,0.900939
0.0302199,0.897686
0.0302199,0.897686
0.0302199,0.897686
0.0302199,0.897686
0.0220555,0.901855
0.0220555,0.901855
0.0220555,0.901855
0.0220555,0.901855
0.0220555,0.901855
0.02865,0.899388
0.02865,0.899388
0.0454705,0.89385
0.0266858,0.897949
0.0266858,0.897949
0.0266858,0.897949
0.0266858,0.897949
0.0176281,0.901338
-0.00311905,0.898126
-0.000578602,0.899218
-0.000578602,0.899218
-0.000578602,0.899218
-0.000578602,0.899218
-0.000578602,0.899218
-0.000578602,0.899218
0.00682295,0.900598
0.014443,0.90262
0.0188171,0.903816
-0.00493051,0.899916
-0.00493051,0.899916
0.00898508,0.900196
0.00898508,0.900196
0.0236205,0.894619
0.031476,0.89993
0.031476,0.89993
0.0227508,0.901123
0.0073227,0.896737
-0.00648877,0.901239
0.00417489,0.90545
0.00163967,0.901262
-0.0230021,0.899439
-0.00195624,0.900259
0.00717839,0.896537
0.0224605,0.892301
0.0224605,0.892301
0.0224605,0.892301
0.000403253,0.902394
-0.00560475,0.897916
-0.0176928,0.89762
-0.0176928,0.89762
0.0155019,0.897918
0.0238874,0.899641
0.00341516,0.900724
0.0223821,0.904464
0.0223821,0.904464
0.0284352,0.897859
0.0284352,0.897859
0.0284352,0.897859
0.0456064,0.897679
0.062853,0.901071
0.0867931,0.897865
0.0596526,0.902171
0.0596526,0.902171
0.0596526,0.902171
0.0179151,0.904377
0.0126858,0.903741
-0.0618189,0.902756
-0.0465465,0.902879
-0.00586138,0.904473
-0.00586138,0.904473
-0.0235101,0.903574
-0.0276351,0.903066
-0.0349563,0.903963
-0.0441615,0.900915
-0.0727016,0.900594
-0.0551056,0.903459
-0.0551056,0.903459
-0.0954166,0.900397
-0.0979146,0.89657
-0.0979146,0.89657
-0.122995,0.897191
-0.152361,0.886451
-0.13002,0.894173
-0.139047,0.89548
-0.12281,0.893328
-0.134374,0.893881
-0.120975,0.890661
-0.120975,0.890661
-0.143313,0.892482
-0.143313,0.892482
-0.176588,0.886846
-0.16141,0.889509
-0.169391,0.89106
-0.20325,0.881109
-0.20325,0.881109
-0.20325,0.881109
-0.20325,0.881109
-0.20325,0.881109
-0.20325,0.881109
-0.189041,0.88345
-0.196238,0.8794
-0.196238,0.8794
-0.193343,0.87981
-0.165417,0.887089
-0.186266,0.881611
-0.186266,0.881611
-0.186266,0.881611
-0.196886,0.880068
-0.175471,0.885516
-0.175471,0.885516
-0.175471,0.885516
-0.157206,0.883273
-0.180656,0.876831
-0.181359,0.881117
-0.201272,0.870753
-0.185586,0.881313
-0.160794,0.881524
-0.162714,0.88503
-0.120049,0.893211
-0.0969379,0.887633
-0.0986858,0.89763
-0.0720018,0.899399
-0.0720018,0.899399
-0.0653408,0.901353
-0.0791035,0.896443
-0.0791035,0.896443
-0.0360647,0.898569
-0.0661372,0.905018
-0.0661372,0.905018
-0.0661372,0.905018
-0.0652932,0.899471
-0.0652932,0.899471
-0.0693073,0.902123
-0.0543716,0.9032
-0.0629928,0.901138
-0.0629928,0.901138
-0.0609665,0.898643
-0.0609665,0.898643
-0.0564599,0.89707
-0.0564599,0.89707
-0.0564599,0.89707
-0.0564599,0.89707
-0.0795585,0.905449
-0.0795585,0.905449
-0.0683274,0.900505
-0.072732,0.899075
-0.0912995,0.897355
-0.0946341,0.898541
-0.0946341,0.898541
-0.0283604,0.903511
-0.0537704,0.90149
-0.0662049,0.90173
-0.0662049,0.90173
-0.0662049,0.90173
-0.0662049,0.90173
-0.103105,0.899508
-0.0764019,0.89589
-0.0764019,0.89589
-0.0764019,0.89589
-0.0881185,0.899174
-0.0852216,0.896074
-0.0852216,0.896074
-0.0919005,0.900181
-0.0919005,0.900181
-0.0835216,0.903946
-0.0681415,0.899245
-0.0872189,0.897856
-0.0872189,0.897856
-0.067129,0.899162
-0.0868515,0.899561
-0.105584,0.895161
-0.105584,0.895161
-0.108756,0.891212
-0.108756,0.891212
-0.0632575,0.896953
0.00443631,0.902514
-0.0491651,0.902135
-0.0809046,0.894778
0.00950576,0.899769
0.00950576,0.899769
0.00290605,0.903317
0.00290605,0.903317
0.00290605,0.903317
-0.0131804,0.903305
-0.0131804,0.903305
-0.0290275,0.901025
-0.0290275,0.901025
-0.072561,0.899757
-0.072561,0.899757
-0.072561,0.899757
-0.0782454,0.894999
-0.0782454,0.894999
-0.098182,0.889961
-0.0943315,0.893621
-0.0850794,0.897249
-0.0850794,0.897249
-0.123115,0.896196
-0.135765,0.896691
-0.135751,0.887525
-0.16931,0.88804
-0.162883,0.884235
-0.162883,0.884235
-0.162883,0.884235
-0.181225,0.883515
-0.181225,0.883515
-0.181225,0.883515
-0.196696,0.878281
-0.169979,0.878413
-0.176943,0.879557
-0.176943,0.879557
-0.176943,0.879557
-0.176943,0.879557
-0.171786,0.887382
-0.171786,0.887382
-0.224447,0.870034
-0.215274,0.870607
-0.215274,0.870607
-0.205554,0.874027
-0.21791,0.872531
-0.22318,0.869792
-0.246684,0.86422
-0.246394,0.863194
-0.211451,0.878351
-0.219816,0.876885
-0.219569,0.874056
-0.259556,0.865067
-0.237601,0.867707
-0.242564,0.864384
-0.242564,0.864384
-0.222727,0.874265
-0.222727,0.874265
-0.218381,0.871012
-0.218381,0.871012
-0.201033,0.879105
-0.203708,0.870965
-0.209439,0.877569
-0.209439,0.877569
-0.209439,0.877569
-0.209439,0.877569
-0.209439,0.877569
-0.209439,0.877569
-0.209439,0.877569
-0.209439,0.877569
-0.209439,0.877569
-0.198112,0.879097
-0.198112,0.879097
-0.234948,0.867306
-0.241036,0.866496
-0.241036,0.866496
-0.232019,0.866815
-0.232019,0.866815
-0.232019,0.866815
-0.21188,0.876247
-0.192997,0.88094
-0.197331,0.878959
-0.21336,0.876694
-0.195814,0.882525
-0.175339,0.883359
-0.169981,0.887328
-0.17673,0.889049
-0.17673,0.889049
-0.145404,0.891959
-0.17705,0.884124
-0.170889,0.884971
-0.194516,0.884451
-0.211487,0.87704
-0.214017,0.875936
-0.194327,0.877567
-0.187518,0.884391
-0.193343,0.880467
-0.208954,0.875578
-0.208954,0.875578
-0.208954,0.875578
-0.213585,0.872911
-0.213585,0.872911
-0.213585,0.872911
-0.213585,0.872911
-0.223387,0.875649
-0.214006,0.869548
-0.224805,0.872448
-0.224805,0.872448
-0.202623,0.873305
-0.225815,0.873175
-0.225165,0.871039
-0.211781,0.872106
-0.211781,0.872106
-0.211781,0.872106
-0.211781,0.872106
-0.261991,0.860325
-0.260925,0.862185
-0.260925,0.862185
-0.270452,0.852036
-0.248956,0.862444
-0.208639,0.87696
-0.208639,0.87696
-0.219464,0.874376
-0.199371,0.882165
-0.199371,0.882165
-0.185147,0.876024
-0.185147,0.876024
-0.204856,0.877626
-0.204856,0.877626
-0.244432,0.86729
-0.229132,0.868606
-0.229132,0.868606
-0.229132,0.868606
-0.205659,0.87927
-0.205659,0.87927
-0.241964,0.866358
-0.252078,0.863032
-0.252078,0.863032
-0.271174,0.860116
-0.241201,0.862859
-0.223486,0.87154
-0.200081,0.878393
-0.200081,0.878393
-0.193555,0.883865
-0.193555,0.883865
-0.193555,0.883865
-0.213294,0.87631
-0.213294,0.87631
-0.213294,0.87631
-0.225595,0.872301
-0.244285,0.870954
-0.215732,0.872669
-0.241905,0.866748
-0.241905,0.866748
-0.241905,0.866748
-0.23974,0.867075
-0.232604,0.871394
-0.232604,0.871394
-0.224485,0.874441
-0.196896,0.876988
-0.196896,0.876988
-0.196896,0.876988
-0.196896,0.876988
-0.198844,0.881727
-0.198844,0.881727
-0.198844,0.881727
-0.198724,0.874771
-0.198724,0.874771
-0.219089,0.879004
-0.195186,0.879386
-0.205215,0.879105
-0.180547,0.886724
-0.145473,0.893378
-0.145473,0.893378
-0.132806,0.888879
-0.147744,0.891428
-0.162976,0.886334
-0.167609,0.888405
-0.167609,0.888405
-0.16962,0.890239
-0.177276,0.882413
-0.158515,0.885565
-0.158836,0.884634
-0.151493,0.887909
-0.151493,0.887909
-0.179868,0.888701
-0.179868,0.888701
-0.17841,0.888243
-0.17841,0.888243
-0.16385,0.888389
-0.151526,0.889549
-0.126908,0.892892
-0.126908,0.892892
-0.172424,0.890391
-0.170264,0.88584
-0.189397,0.883806
-0.189397,0.883806
-0.185748,0.879181
-0.185748,0.879181
-0.195132,0.87941
-0.192105,0.879449
-0.19377,0.881127
-0.19377,0.881127
-0.19377,0.881127
-0.209376,0.878927
-0.209376,0.878927
-0.209376,0.878927
-0.209376,0.878927
-0.216201,0.87636
-0.216201,0.87636
-0.174237,0.88009
-0.170417,0.88412
-0.177127,0.880901
-0.177127,0.880901
-0.204555,0.877252
-0.204555,0.877252
-0.223586,0.870803
-0.251296,0.867505
-0.218831,0.880818
-0.218831,0.880818
-0.217855,0.875066
-0.228013,0.868618
-0.252814,0.867642
-0.2356,0.871267
-0.209771,0.879936
-0.209771,0.879936
-0.234429,0.870112
-0.234429,0.870112
-0.234429,0.870112
-0.234429,0.870112
-0.234429,0.870112
-0.234429,0.870112
-0.234429,0.870112
-0.234429,0.870112
-0.234429,0.870112
-0.226001,0.876516
-0.226001,0.876516
-0.248002,0.868918
-0.248002,0.868918
-0.259713,0.865688
-0.277699,0.858646
-0.251446,0.86681
-0.251446,0.86681
-0.251446,0.86681
-0.251446,0.86681
-0.244414,0.865656
-0.21563,0.8752
-0.21563,0.8752
-0.21563,0.8752
-0.21563,0.8752
-0.209841,0.87784
-0.226015,0.865631
-0.227456,0.869595
-0.254805,0.85946
-0.25152,0.860109
-0.251135,0.864088
-0.242025,0.872332
-0.245109,0.870061
-0.264383,0.860185
-0.264383,0.860185
-0.264383,0.860185
-0.271518,0.863918
-0.280892,0.861169
-0.277235,0.86088
-0.277235,0.86088
-0.295778,0.85339
-0.295778,0.85339
-0.302057,0.84946
-0.299667,0.855135
-0.320804,0.842404
-0.321939,0.842631
-0.322939,0.843919
-0.322939,0.843919
-0.352431,0.830225
-0.413391,0.802177
-0.38987,0.808556
-0.3969,0.80852
-0.385047,0.814766
-0.369299,0.824032
-0.39242,0.810449
-0.39242,0.810449
-0.39242,0.810449
-0.373513,0.818016
-0.412291,0.8052
-0.410546,0.807878
-0.410546,0.807878
-0.419356,0.800069
-0.40892,0.805979
-0.40892,0.805979
-0.40892,0.805979
-0.410039,0.807651
-0.402933,0.80933
-0.410111,0.802781
-0.406816,0.809569
-0.364929,0.828599
-0.387757,0.812611
-0.387757,0.812611
-0.387757,0.812611
-0.387757,0.812611
-0.405237,0.807996
-0.405237,0.807996
-0.405237,0.807996
-0.435152,0.791831
-0.438018,0.785415
-0.456076,0.781529
-0.460514,0.778931
-0.471828,0.772414
-0.481689,0.767551
-0.492001,0.757145
-0.480049,0.765951
-0.480049,0.765951
-0.436872,0.790615
-0.436872,0.790615
-0.465401,0.776012
-0.466211,0.771855
-0.461326,0.780443
-0.461326,0.780443
-0.464344,0.771466
-0.487685,0.76212
-0.495366,0.754324
-0.482826,0.761461
-0.482826,0.761461
-0.482826,0.761461
-0.503881,0.75162
-0.503881,0.75162
-0.491461,0.750936
-0.491461,0.750936
-0.45706,0.776508
-0.45706,0.776508
-0.465517,0.769757
-0.47328,0.765689
-0.448234,0.780409
-0.464637,0.772905
-0.47401,0.761888
-0.503691,0.744174
-0.499759,0.745448
-0.499759,0.745448
-0.499759,0.745448
-0.487279,0.755565
-0.487279,0.755565
-0.495694,0.754189
-0.502871,0.744756
-0.502871,0.744756
-0.47851,0.764506
-0.493897,0.754674
-0.497459,0.752726
-0.493771,0.749855
-0.496215,0.7523
-0.496215,0.7523
-0.509332,0.747686
-0.512219,0.750244
-0.512219,0.750244
-0.478441,0.766991
-0.494493,0.753944
-0.48962,0.76182
-0.48962,0.76182
-0.487215,0.76212
-0.487215,0.76212
-0.501927,0.747897
-0.501927,0.747897
-0.513319,0.750209
-0.513319,0.750209
-0.513319,0.750209
-0.489853,0.758524
-0.51675,0.733934
-0.520939,0.738344
-0.513426,0.742755
-0.514359,0.745339
-0.527441,0.737706
-0.498635,0.754124
-0.498635,0.754124
-0.482514,0.760316
-0.480696,0.76641
-0.490486,0.754885
-0.437735,0.789606
-0.43323,0.792959
-0.418034,0.801404
-0.418034,0.801404
-0.409084,0.805055
-0.409084,0.805055
-0.410409,0.799312
-0.425881,0.79384
-0.444359,0.781765
-0.465892,0.775405
-0.465892,0.775405
-0.465892,0.775405
-0.486984,0.76763
-0.477039,0.763486
-0.463739,0.776714
-0.433654,0.790312
-0.420762,0.795998
-0.420762,0.795998
-0.439521,0.787985
-0.439521,0.787985
-0.454869,0.7772
-0.454869,0.7772
-0.433274,0.794554
-0.440566,0.786183
-0.440566,0.786183
-0.440566,0.786183
-0.440566,0.786183
-0.448725,0.783949
-0.448725,0.783949
-0.46869,0.774155
-0.452345,0.779828
-0.452345,0.779828
-0.452345,0.779828
-0.44187,0.78586
-0.414374,0.79955
-0.433081,0.791849
-0.433081,0.791849
-0.46534,0.770613
-0.448814,0.778071
-0.448231,0.778705
-0.448231,0.778705
-0.451049,0.783308
-0.451049,0.783308
-0.451049,0.783308
-0.469784,0.769613
-0.501167,0.747463
-0.501167,0.747463
-0.513131,0.734638
-0.530637,0.728513
-0.529995,0.732034
-0.529995,0.732034
-0.529995,0.732034
-0.558181,0.708216
-0.553736,0.713184
-0.558874,0.713488
-0.544029,0.72071
-0.544029,0.72071
-0.532521,0.725812
-0.5003,0.744134
-0.498285,0.748352
-0.532211,0.726559
-0.518194,0.736885
-0.518194,0.736885
-0.524053,0.735577
-0.524053,0.735577
-0.524053,0.735577
-0.518907,0.741495
-0.518706,0.744309
-0.518706,0.744309
-0.518706,0.744309
-0.519595,0.740185
-0.519595,0.740185
-0.533919,0.728681
-0.533919,0.728681
-0.533919,0.728681
-0.533919,0.728681
-0.533919,0.728681
-0.533919,0.728681
-0.543736,0.719681
-0.534464,0.729598
-0.558764,0.711226
-0.577448,0.697649
-0.582144,0.68887
-0.582144,0.68887
-0.607727,0.667767
-0.590597,0.676811
-0.572026,0.695294
-0.572026,0.695294
-0.598108,0.68023
-0.598108,0.68023
-0.598108,0.68023
-0.607846,0.669606
-0.59515,0.683462
-0.591239,0.685314
-0.590606,0.681836
-0.590606,0.681836
-0.590606,0.681836
-0.590606,0.681836
-0.615476,0.658417
-0.600958,0.673341
-0.600958,0.673341
-0.582524,0.690805
-0.582524,0.690805
-0.601136,0.675159
-0.601136,0.675159
-0.601785,0.67684
-0.601785,0.67684
-0.601785,0.67684
-0.609914,0.664921
-0.611173,0.660751
-0.585721,0.685869
-0.580072,0.692899
-0.561604,0.705937
-0.561604,0.705937
-0.568851,0.695928
-0.559666,0.702861
-0.568634,0.691532
-0.568634,0.691532
-0.58928,0.680954
-0.57146,0.697721
-0.559251,0.707618
-0.559251,0.707618
-0.544519,0.717361
-0.552549,0.716729
-0.552549,0.716729
-0.552549,0.716729
-0.552549,0.716729
-0.55946,0.706893
-0.55946,0.706893
-0.55946,0.706893
-0.557711,0.708422
-0.542496,0.720272
-0.542496,0.720272
-0.534775,0.728128
-0.534775,0.728128
-0.534775,0.728128
-0.5395,0.723368
-0.546087,0.714066
-0.546087,0.714066
-0.531214,0.727507
-0.531214,0.727507
-0.524249,0.727792
-0.512639,0.73718
-0.514472,0.741235
-0.505961,0.739773
-0.540602,0.715434
-0.540602,0.715434
-0.560961,0.704881
-0.560961,0.704881
-0.565474,0.698359
-0.597283,0.676105
-0.597283,0.676105
-0.609949,0.662253
-0.615738,0.664081
-0.609483,0.661651
-0.609483,0.661651
-0.609483,0.661651
-0.599537,0.672443
-0.608217,0.664194
-0.614596,0.658149
-0.614596,0.658149
-0.599409,0.677204
-0.599409,0.677204
-0.588625,0.680035
-0.588625,0.680035
-0.588625,0.680035
-0.588625,0.680035
-0.579355,0.694741
-0.582834,0.68989
-0.570749,0.701786
-0.570749,0.701786
-0.562724,0.704699
-0.562724,0.704699
-0.550551,0.710777
-0.534385,0.726261
-0.550268,0.711633
-0.549576,0.70785
-0.527269,0.728519
-0.527269,0.728519
-0.525007,0.724592
-0.516563,0.74099
-0.516563,0.74099
-0.516563,0.74099
-0.510535,0.744245
-0.508275,0.743939
-0.53181,0.72312
-0.548711,0.719762
-0.565468,0.704708
-0.58838,0.681551
-0.588124,0.682154
-0.620389,0.660021
-0.604472,0.667941
-0.59364,0.681481
-0.59364,0.681481
-0.571991,0.693157
-0.571991,0.693157
-0.58977,0.682714
-0.58977,0.682714
-0.58977,0.682714
-0.58977,0.682714
-0.58977,0.682714
-0.595684,0.675632
-0.55928,0.710642
-0.547576,0.717073
-0.558582,0.702137
-0.555649,0.711505
-0.559183,0.710935
-0.555579,0.70964
-0.555579,0.70964
-0.548659,0.706975
-0.552091,0.715296
-0.555288,0.711051
-0.538226,0.720539
-0.528629,0.73501
-0.546954,0.715427
-0.552134,0.717241
-0.570969,0.7022
-0.570969,0.7022
-0.542389,0.719426
-0.531353,0.72546
-0.531353,0.72546
-0.559859,0.7074
-0.559859,0.7074
-0.559859,0.7074
-0.565215,0.699036
-0.576281,0.699902
-0.52738,0.728951
-0.541432,0.722569
-0.541432,0.722569
-0.541432,0.722569
-0.541432,0.722569
-0.541432,0.722569
-0.541432,0.722569
-0.541432,0.722569
-0.541432,0.722569
-0.549739,0.718908
-0.550241,0.71473
-0.536929,0.724383
-0.525376,0.729985
-0.51372,0.740047
-0.488843,0.759535
-0.475828,0.766589
-0.441464,0.786294
-0.441464,0.786294
-0.451874,0.778714
-0.451874,0.778714
-0.46005,0.773004
-0.46517,0.77138
-0.481119,0.766125
-0.481119,0.766125
-0.506619,0.744336
-0.506619,0.744336
-0.525059,0.736644
-0.525059,0.736644
-0.541983,0.71768
-0.528614,0.728426
-0.530092,0.728615
-0.496488,0.755252
-0.496488,0.755252
-0.51087,0.741421
-0.519007,0.741816
-0.519007,0.741816
-0.519007,0.741816
-0.545441,0.720535
-0.535656,0.72412
-0.535656,0.72412
-0.530353,0.73374
-0.529076,0.730561
-0.546165,0.720101
-0.555941,0.710766
-0.555941,0.710766
-0.555941,0.710766
-0.555941,0.710766
-0.570096,0.697495
-0.570096,0.697495
-0.534232,0.725385
-0.534232,0.725385
-0.541236,0.7182
-0.527863,0.725448
-0.538646,0.721131
-0.577596,0.691219
-0.578205,0.6846
-0.578205,0.6846
-0.582715,0.68597
-0.587017,0.688634
-0.57617,0.696571
-0.586204,0.689377
-0.612885,0.659979
-0.624959,0.646404
-0.624959,0.646404
-0.641885,0.62513
-0.641885,0.62513
-0.641885,0.62513
-0.641885,0.62513
-0.635876,0.637694
-0.650531,0.624854
-0.645115,0.623958
-0.659335,0.613436
-0.666148,0.609326
-0.666148,0.609326
-0.638208,0.640707
-0.638208,0.640707
-0.626439,0.647049
-0.628039,0.642175
-0.628039,0.642175
-0.640524,0.639071
-0.640524,0.639071
-0.649199,0.627165
-0.619186,0.658566
-0.619186,0.658566
-0.619186,0.658566
-0.654306,0.627934
-0.654306,0.627934
-0.654306,0.627934
-0.641124,0.63693
-0.641124,0.63693
-0.60649,0.673382
-0.60649,0.673382
-0.60649,0.673382
-0.575481,0.692624
-0.58442,0.689069
-0.58442,0.689069
-0.5682,0.70107
-0.5682,0.70107
-0.562464,0.705503
-0.562464,0.705503
-0.562464,0.705503
-0.562464,0.705503
-0.529144,0.736082
-0.529144,0.736082
-0.543233,0.71866
-0.543233,0.71866
-0.543233,0.71866
-0.535796,0.729186
-0.535796,0.729186
-0.535404,0.725236
-0.534604,0.723571
-0.543015,0.716711
-0.54265,0.718976
-0.54265,0.718976
-0.53756,0.725286
-0.557989,0.711876
-0.556461,0.706999
-0.556461,0.706999
-0.556461,0.706999
-0.556461,0.706999
-0.556461,0.706999
-0.536617,0.725228
-0.536617,0.725228
-0.536617,0.725228
-0.536617,0.725228
-0.536617,0.725228
-0.542806,0.728571
-0.542806,0.728571
-0.562575,0.706825
-0.555527,0.710351
-0.559064,0.703296
-0.553091,0.704706
-0.553091,0.704706
-0.562037,0.707507
-0.562037,0.707507
-0.548149,0.714344
-0.557391,0.704677
-0.579618,0.689375
-0.573773,0.690823
-0.566148,0.700523
-0.554793,0.711789
-0.537814,0.725228
-0.520504,0.739557
-0.520504,0.739557
-0.535447,0.730764
-0.527262,0.73236
-0.531296,0.730265
-0.53047,0.725905
-0.53047,0.725905
-0.502414,0.741927
-0.502414,0.741927
-0.502414,0.741927
-0.502414,0.741927
-0.502414,0.741927
-0.502414,0.741927
-0.484171,0.75593
-0.484171,0.75593
-0.484171,0.75593
-0.484171,0.75593
-0.490846,0.762053
-0.496939,0.75007
-0.5195,0.741337
-0.557356,0.712649
-0.5456,0.714829
-0.5456,0.714829
-0.535767,0.714456
-0.535767,0.714456
-0.535767,0.714456
-0.555889,0.708326
-0.59464,0.675095
-0.59464,0.675095
-0.59232,0.686913
-0.59232,0.686913
-0.608705,0.65918
-0.608705,0.65918
-0.592013,0.673434
-0.597917,0.679591
-0.588186,0.684036
-0.62272,0.658532
-0.611704,0.658196
-0.613654,0.658026
-0.636007,0.638474
-0.617605,0.65378
-0.617605,0.65378
-0.617605,0.65378
-0.617605,0.65378
-0.630689,0.644815
-0.619718,0.65629
-0.626614,0.650864
-0.607472,0.664311
-0.621089,0.6558
-0.621089,0.6558
-0.611396,0.66109
-0.614379,0.660821
-0.620533,0.656985
-0.630812,0.644539
-0.630812,0.644539
-0.633555,0.63457
-0.647981,0.630431
-0.647981,0.630431
-0.652415,0.620171
-0.652415,0.620171
-0.652415,0.620171
-0.672617,0.607082
-0.676185,0.598284
-0.667926,0.606479
-0.657125,0.618768
-0.659471,0.617478
-0.656339,0.623356
-0.648055,0.622296
-0.665115,0.612167
-0.688824,0.587639
-0.688824,0.587639
-0.683111,0.587122
-0.692775,0.575774
-0.707041,0.556632
-0.706406,0.555684
-0.698492,0.576324
-0.698492,0.576324
-0.698492,0.576324
-0.696682,0.572525
-0.672499,0.598544
-0.676755,0.591803
-0.668042,0.605186
-0.68463,0.581035
-0.68463,0.581035
-0.699337,0.563199
-0.692719,0.573477
-0.666582,0.607481
-0.655436,0.608399
-0.648644,0.631285
-0.627744,0.651391
-0.627114,0.64876
-0.613873,0.665575
-0.606263,0.669189
-0.595891,0.676911
-0.589503,0.680149
-0.609431,0.66428
-0.609431,0.66428
-0.609431,0.66428
-0.610956,0.65865
-0.610956,0.65865
-0.602914,0.675569
-0.602914,0.675569
-0.577839,0.69642
-0.569525,0.702069
-0.569525,0.702069
-0.559001,0.70809
-0.559001,0.70809
-0.559001,0.70809
-0.55513,0.704446
-0.576533,0.690801
-0.599096,0.668489
-0.599096,0.668489
-0.599096,0.668489
-0.619755,0.653366
-0.619755,0.653366
-0.6147,0.660907
-0.6147,0.660907
-0.6147,0.660907
-0.6147,0.660907
-0.64691,0.629359
-0.64691,0.629359
-0.641266,0.631679
-0.641266,0.631679
-0.641266,0.631679
-0.641266,0.631679
-0.641266,0.631679
-0.654963,0.622189
-0.676458,0.598446
-0.676458,0.598446
-0.676458,0.598446
-0.676458,0.598446
-0.676458,0.598446
-0.676458,0.598446
-0.676458,0.598446
-0.676458,0.598446
-0.676458,0.598446
-0.662474,0.610622
-0.699951,0.566043
-0.690019,0.578708
-0.680127,0.592466
-0.682519,0.584575
-0.692659,0.575974
-0.692659,0.575974
-0.713125,0.545323
-0.713125,0.545323
-0.713125,0.545323
-0.713125,0.545323
-0.713125,0.545323
-0.747111,0.511236
-0.751458,0.497864
-0.758315,0.488765
-0.754262,0.484929
-0.754262,0.484929
-0.754262,0.484929
-0.76035,0.489142
-0.763456,0.483345
-0.763456,0.483345
-0.774515,0.453296
-0.779277,0.452192
-0.76363,0.480956
-0.755725,0.483609
-0.742407,0.509922
-0.764138,0.485861
-0.758827,0.493814
-0.758239,0.484431
-0.76601,0.481424
-0.76601,0.481424
-0.776491,0.454786
-0.762705,0.476641
-0.762705,0.476641
-0.771737,0.461722
-0.771737,0.461722
-0.783386,0.447138
-0.783386,0.447138
-0.783386,0.447138
-0.783386,0.447138
-0.774151,0.460143
-0.774151,0.460143
-0.791461,0.430754
-0.80622,0.403669
-0.804446,0.402324
-0.811972,0.38976
-0.811972,0.38976
-0.789459,0.433496
-0.788444,0.431791
-0.79289,0.428344
-0.798253,0.416125
-0.798253,0.416125
-0.798253,0.416125
-0.791919,0.423575
-0.810796,0.398661
-0.821442,0.373529
-0.812292,0.378334
-0.815377,0.378458
-0.815377,0.378458
-0.815377,0.378458
-0.815377,0.378458
-0.831888,0.344305
-0.831888,0.344305
-0.831888,0.344305
-0.831888,0.344305
-0.834469,0.323569
-0.834469,0.323569
-0.832751,0.341276
-0.826143,0.363513
-0.823945,0.361515
-0.823429,0.356566
-0.823429,0.356566
-0.823429,0.356566
-0.825799,0.357879
-0.814795,0.378045
-0.814795,0.378045
-0.81128,0.382696
-0.822284,0.355954
-0.833278,0.331601
-0.833278,0.331601
-0.842315,0.307107
-0.852526,0.294673
-0.85075,0.294193
-0.84386,0.303154
-0.847052,0.309837
-0.847052,0.309837
-0.847052,0.309837
-0.847052,0.309837
-0.847052,0.309837
-0.840536,0.306996
-0.840536,0.306996
-0.850498,0.269295
-0.851774,0.278914
-0.861575,0.257862
-0.853932,0.277357
-0.853932,0.277357
-0.857269,0.273044
-0.855648,0.280051
-0.850967,0.302337
-0.839629,0.309811
-0.839629,0.309811
-0.838881,0.322062
-0.838881,0.322062
-0.838881,0.322062
-0.838881,0.322062
-0.845969,0.306163
-0.845969,0.306163
-0.850884,0.284755
-0.84733,0.289249
-0.84733,0.289249
-0.862665,0.247595
-0.865341,0.2538
-0.865341,0.2538
-0.851818,0.28488
-0.853243,0.28047
-0.861419,0.276204
-0.861419,0.276204
-0.861419,0.276204
-0.866252,0.241342
-0.857791,0.274629
-0.857791,0.274629
-0.864791,0.256385
-0.864791,0.256385
-0.865799,0.259211
-0.865799,0.259211
-0.865799,0.259211
-0.859199,0.270224
-0.850463,0.287452
-0.848938,0.300843
-0.848938,0.300843
-0.848938,0.300843
-0.851765,0.294811
-0.859891,0.273126
-0.866363,0.24581
-0.866363,0.24581
-0.866363,0.24581
-0.860615,0.262569
-0.862372,0.264216
-0.848533,0.296985
-0.848533,0.296985
-0.835597,0.321085
-0.830125,0.325796
-0.830125,0.325796
-0.840453,0.305673
-0.840453,0.305673
-0.840453,0.305673
-0.840453,0.305673
-0.840453,0.305673
-0.823171,0.34369
-0.83432,0.330568
-0.842437,0.330636
-0.836789,0.341986
-0.839804,0.323534
-0.838071,0.32068
-0.844958,0.30995
-0.85309,0.296329
-0.85309,0.296329
-0.867606,0.243896
-0.866944,0.236206
-0.862709,0.264556
-0.862709,0.264556
-0.863675,0.26672
-0.856176,0.264485
-0.86363,0.256274
-0.844435,0.30365
-0.840116,0.331586
-0.841449,0.321659
-0.841449,0.321659
-0.842554,0.317301
-0.842554,0.317301
-0.843316,0.320045
-0.839527,0.326591
-0.831105,0.343655
-0.830824,0.353641
-0.830824,0.353641
-0.834349,0.352932
-0.834349,0.352932
-0.82914,0.354567
-0.840544,0.33479
-0.834967,0.353381
-0.825999,0.361472
-0.836059,0.344641
-0.835897,0.333116
-0.835897,0.333116
-0.837636,0.329035
-0.838411,0.336778
-0.838411,0.336778
-0.838411,0.336778
-0.838411,0.336778
-0.849535,0.30255
-0.849535,0.30255
-0.847856,0.317325
-0.842711,0.328341
-0.842876,0.320223
-0.836549,0.348111
-0.836549,0.348111
-0.835755,0.334884
-0.835755,0.334884
-0.831326,0.354849
-0.83224,0.355246
-0.827128,0.36362
-0.827128,0.36362
-0.831919,0.339973
-0.831919,0.339973
-0.834619,0.336245
-0.834619,0.336245
-0.846603,0.321852
-0.855015,0.291338
-0.853812,0.294769
-0.863924,0.257006
-0.866379,0.250572
-0.866379,0.250572
-0.866379,0.250572
-0.864909,0.25625
-0.859506,0.274434
-0.854322,0.286461
-0.864491,0.260229
-0.864491,0.260229
-0.864491,0.260229
-0.864491,0.260229
-0.851032,0.310511
-0.847471,0.320494
-0.847471,0.320494
-0.839646,0.325082
-0.842131,0.315915
-0.834211,0.324462
-0.834211,0.324462
-0.841545,0.308506
-0.869273,0.247197
-0.875572,0.214541
-0.869211,0.245952
-0.872724,0.232478
-0.869994,0.23001
-0.865561,0.249035
-0.877722,0.21573
-0.885311,0.200141
-0.885311,0.200141
-0.881801,0.187638
-0.881801,0.187638
-0.881801,0.187638
-0.87724,0.21716
-0.878138,0.221984
-0.878138,0.221984
-0.874585,0.226557
-0.874585,0.226557
-0.87619,0.22622
-0.87619,0.22622
-0.877814,0.219067
-0.882117,0.201399
-0.892831,0.134744
-0.887854,0.154168
-0.887439,0.137187
-0.887199,0.149693
-0.88781,0.169775
-0.88781,0.169775
-0.88781,0.169775
-0.889428,0.160722
-0.877044,0.203779
-0.881256,0.190769
-0.886269,0.163551
-0.883046,0.160089
-0.881073,0.17264
-0.887699,0.19269
-0.886299,0.190636
-0.886299,0.190636
-0.887397,0.16288
-0.877529,0.205851
-0.891874,0.16892
-0.892692,0.154906
-0.892692,0.154906
-0.892692,0.154906
-0.887259,0.1657
-0.8842,0.18215
-0.8842,0.18215
-0.88625,0.167898
-0.894625,0.128884
-0.894625,0.128884
-0.899151,0.0999748
-0.895706,0.119988
-0.895706,0.119988
-0.878003,0.156477
-0.882964,0.182201
-0.882964,0.182201
-0.882964,0.182201
-0.889519,0.172145
-0.889393,0.154933
-0.889393,0.154933
-0.889393,0.154933
-0.886976,0.14881
-0.886976,0.14881
-0.884786,0.188201
-0.879498,0.206486
-0.878334,0.203119
-0.879537,0.187516
-0.879537,0.187516
-0.879537,0.187516
-0.879537,0.187516
-0.879537,0.187516
-0.880325,0.193764
-0.87184,0.2289
-0.865694,0.247254
-0.868081,0.24758
-0.876156,0.219988
-0.876156,0.219988
-0.876156,0.219988
-0.879644,0.20187
-0.879644,0.20187
-0.879644,0.20187
-0.875521,0.212224
-0.879616,0.192919
-0.880683,0.191245
-0.869869,0.228981
-0.866935,0.246993
-0.859603,0.271221
-0.850337,0.307491
-0.856926,0.283863
-0.856926,0.283863
-0.860374,0.273575
-0.860374,0.273575
-0.864884,0.263418
-0.874587,0.226856
-0.871181,0.236939
-0.871181,0.236939
-0.866704,0.23602
-0.866704,0.23602
-0.866704,0.23602
-0.87228,0.234155
-0.877109,0.208487
-0.883417,0.187446
-0.880551,0.193763
-0.880551,0.193763
-0.885195,0.178448
-0.881571,0.190899
-0.881571,0.190899
-0.881571,0.190899
-0.878849,0.217861
-0.878411,0.19739
-0.892539,0.154185
-0.893706,0.113203
-0.893706,0.113203
-0.893441,0.116935
-0.893441,0.116935
-0.894039,0.0995939
-0.887055,0.134258
-0.887249,0.13537
-0.888375,0.154622
-0.887751,0.163623
-0.887751,0.163623
-0.891019,0.161328
-0.891019,0.161328
-0.891999,0.131483
-0.884805,0.165549
-0.884805,0.165549
-0.884309,0.169322
-0.886804,0.164155
-0.886804,0.164155
-0.886804,0.164155
-0.883775,0.160603
-0.888874,0.143275
-0.884014,0.177805
-0.881117,0.197284
-0.881117,0.197284
-0.88036,0.18014
-0.88036,0.18014
-0.88036,0.18014
-0.88036,0.18014
-0.88036,0.18014
-0.88036,0.18014
-0.883865,0.180704
-0.883865,0.180704
-0.885166,0.17226
-0.892839,0.158202
-0.892839,0.158202
-0.892839,0.158202
-0.892839,0.158202
-0.890801,0.147888
-0.887587,0.159048
-0.884379,0.16107
-0.880593,0.174884
-0.880593,0.174884
-0.886731,0.149754
-0.885158,0.150176
-0.885158,0.150176
-0.883896,0.156738
-0.886111,0.143361
-0.886111,0.143361
-0.888811,0.114185
-0.891343,0.0979992
-0.895502,0.121983
-0.895502,0.121983
-0.894516,0.0623447
-0.899539,0.0482695
-0.900012,0.0700873
-0.900469,0.0338476
-0.900469,0.0338476
-0.899966,0.0387989
-0.903904,0.0208547
-0.903904,0.0208547
-0.903904,0.0208547
-0.903904,0.0208547
-0.903904,0.0208547
-0.903904,0.0208547
-0.903439,0.0243859
-0.903439,0.0243859
-0.898162,0.00866661
-0.898934,-0.000586319
-0.898934,-0.000586319
-0.898026,-0.00461106
-0.894748,-0.00809482
-0.902264,-0.0647011
-0.900717,-0.102573
-0.900717,-0.102573
-0.896197,-0.0931511
-0.892935,-0.0852161
-0.892935,-0.0852161
-0.892935,-0.0852161
-0.892751,-0.0849521
-0.892751,-0.0849521
-0.900393,-0.0588884
-0.900393,-0.0588884
-0.900393,-0.0588884
-0.900393,-0.0588884
-0.898047,-0.0704464
-0.898047,-0.0704464
-0.898644,-0.0719512
